"Path","Comparison","Category","CustomBytes","UpstreamBytes","CustomSHA256","UpstreamSHA256"
".gitattributes","Custom-only","Source-resource","91",,"9A478B37FFB68E3BBC0981B0073258528D11F5554F512B7C1F4D5B12A7B94838",
".gitignore","Custom-only","Source-resource","227",,"210AAD7FF8DEBE8BE0C9722C419BDC1F0D2C1E375DDDFBCDB7FB71AD8BA6A724",
".vs/Aimmy2/CopilotIndices/18.0.988.22099/CodeChunks.db","Custom-only","Build-or-runtime-review","987136",,"32929C9DCFFFD198689D90CA58B22F9C9B095DE5F49CA12A73120A30F0FA07D0",
".vs/Aimmy2/CopilotIndices/18.0.988.22099/SemanticSymbols.db","Custom-only","Build-or-runtime-review","495616",,"768BC0CFCD1AAC2F64326F5B81A4AE9F2E17C71AF09204C096F63A25D1E589AE",
".vs/Aimmy2/DesignTimeBuild/.dtbcache.v2","Custom-only","Build-or-runtime-review","127925",,"AA839E53FCFE7622D1F0B057453338C60BE8C72C072820DBD32EE08390E4989E",
".vs/Aimmy2/FileContentIndex/071068f9-138c-4444-b600-16ceb6345e0f.vsidx","Custom-only","Build-or-runtime-review","74449",,"DF189A599EBA85FD59277E9551ED9CA8EB03815D7DB8F5F65F05765B4E2EF8AA",
".vs/Aimmy2/FileContentIndex/36646fd5-cc61-4db4-8f8d-e1be66c7b068.vsidx","Custom-only","Build-or-runtime-review","68100",,"B7EC45E6D5DC6712958DCC07DCBABD6588C50EB7174151DA356E845A46FE8FE3",
".vs/Aimmy2/FileContentIndex/53eb5709-a993-4985-812e-26ed887bff1c.vsidx","Custom-only","Build-or-runtime-review","491260",,"8195D5A6EFFEA0AFB5DAC14581349B6A97EEFDF7154FA82E7C820F834F006619",
".vs/Aimmy2/FileContentIndex/7b695ff4-0c81-4b2e-860a-3f283b80719b.vsidx","Custom-only","Build-or-runtime-review","157496",,"C0CFA6F8450AAED166582CC8F77802C517D474BB8AB9C5E310EC7F4FB877825B",
".vs/Aimmy2/FileContentIndex/9e1d6386-dcfa-444e-9a1f-fe04230aa168.vsidx","Custom-only","Build-or-runtime-review","149739",,"7C566442ACD83928EC2635A5F9C2B08ECFBE871B0D9796176B50BBBA6777D9EC",
".vs/Aimmy2/v18/.futdcache.v2","Custom-only","Build-or-runtime-review","1903",,"0C04416407CDF62E6FBCA38A687C5618D77C7AA45325E3F9CD153C3F8B5A9B95",
".vs/Aimmy2/v18/.suo","Custom-only","Build-or-runtime-review","42496",,"B1D060012596F837AF4DAE7D3AB74EAE703C368A4ABBA6F4ABCC433D7C86B258",
".vs/Aimmy2/v18/DocumentLayout.backup.json","Custom-only","Build-or-runtime-review","260",,"B7FE119C5604AEE07A013568D1BAA42CD4C8DF3DC53B9166D2549FAB9146C5BA",
".vs/Aimmy2/v18/DocumentLayout.json","Custom-only","Build-or-runtime-review","260",,"B7FE119C5604AEE07A013568D1BAA42CD4C8DF3DC53B9166D2549FAB9146C5BA",
".vs/ProjectEvaluation/aimmy2.metadata.v10.bin","Custom-only","Build-or-runtime-review","6599",,"4D27BD956ABA9AB9AA84CB75DCB14AD0902C52D1FBA5284C74DEF50EFD8BF040",
".vs/ProjectEvaluation/aimmy2.projects.v10.bin","Custom-only","Build-or-runtime-review","718908",,"C4E6A28D9203AF52B3A43EABB18A3F76014CE11B220766DE467B4407DA16E7EA",
".vs/ProjectEvaluation/aimmy2.strings.v10.bin","Custom-only","Build-or-runtime-review","238327",,"A4DD6E7DB893FE2F2DF34EF146329D9874119A7708789C818CA565DDEA46BC95",
"AILogic/AIManager.cs","Different-no-common-base","Source-resource","125697","63857","A6164DBEC04F331B36BE8781BA4D0D0E30F10134F4D7F2FA6762548D4406EDAB","7D052621D0D499C56B6BBC9E2E433407ACFA885F60E2E693A5FBA6751B78B02D"
"AILogic/AimProcessingDecisions.cs","Upstream-only","Source-resource",,"1179",,"76D7F1A9B12914FE7B8DDA021590B677B1D52DB199E3E4B626D5371D4C0B67FB"
"AILogic/CaptureManager.cs","Different-no-common-base","Source-resource","45111","25461","14C25929E31CF2FD418774CF5CB99ACC49C01F51B3AA504695D686666753CC9B","2C6A9BF2001CF7E68832B158A2D8AF6834F9CD1BA9B41AE3872E98B7C8993DB6"
"AILogic/CaptureTargetSelector.cs","Upstream-only","Source-resource",,"973",,"EC37ABBFF010C78D3FF8741CA5202473BDE1018386C07725A03D38F76DFB2C24"
"AILogic/MathUtil.cs","Different-no-common-base","Source-resource","14031","8289","6B14AC075DD6703BC63A94BD3938536DB30E8391D06CD64020EFD3F907524D99","0DE294F18862362F9DB067107754910B8A4ED84E8C702578CF6784DF58042471"
"AILogic/OnnxModelSessionFactory.cs","Upstream-only","Source-resource",,"1429",,"F1F07673B0645BC0B7953D35F3030AD587CEABABA641E0D649116C05F698AAA3"
"AILogic/PerformanceBenchmark.cs","Upstream-only","Source-resource",,"31845",,"EABDCED3E61E1AD5194622659C560831D280E84CA987B08BE8006A74B92DEF19"
"AILogic/Prediction.cs","Upstream-only","Source-resource",,"495",,"24E5B4BCD2A9D5AEB76EAC520E534236536847C4DA40E11E8EC29DAE3E0D859A"
"AILogic/PredictionFilter.cs","Upstream-only","Source-resource",,"3596",,"2B91B5AB7D4ECBC0A7AC82CD1247A3C3DBE4058CE4A1531DD4A33CA0AA78ABD6"
"AILogic/PredictionManager.cs","Different-no-common-base","Source-resource","12413","9758","F8A192F8BDB35DE40699A7787D25319F17A80C281D4CABF8AE9851C5F819E330","2AB75E9E3236C0A62511F66DCB5AB0B2657041A40FBFD796C6E96CB292BA6818"
"AILogic/StickyAimSelector.cs","Upstream-only","Source-resource",,"6229",,"7EC4E7F2F3CD26052CA672C9FCEA4888FB85B2D7293EA291C12EB1774164C233"
"AILogic/TensorRTEngine.cs","Custom-only","Source-resource","4675",,"594E457509428CED36B6FB6ACD807599AE799483EB1C002699292387BED7C638",
"AILogic/WeaponSlotManager.cs","Custom-only","Source-resource","38067",,"0B5F58E9806F41F75CF0BCF10AD1249C4932C135E33F042DB1806D050FEE78CC",
"AILogic/WindowsGraphicsCapture.cs","Custom-only","Source-resource","15165",,"CD623F53968F8F328E4853A4BB4454A7CD3C03D88BBB9577F7E10696F5D2C71E",
"Aimmy2.csproj","Different-no-common-base","Source-resource","7222","5930","C46A81A7637DD7557001C3EB896B37BA4104D58F799A42785057D286B8A66F17","2088A1D87699EE04D5B92F5A1268238C14141A5B265922D1FB475187B8AF05C6"
"Aimmy2.sln","Identical","Source-resource","1430","1430","3DDE29E8B21B562D5CE72A43A581219DA405B5721EAB8A930479B119AE22EB8F","3DDE29E8B21B562D5CE72A43A581219DA405B5721EAB8A930479B119AE22EB8F"
"AIOK-v1-files.csv","Custom-only","Source-resource","711721",,"66502DF93C1A381751018F948B77533A09D9430C5D07A97A1ABB22B31E89FA9E",
"app.manifest","Custom-only","Source-resource","464",,"F27F473CD2139F47AF63C5B5E4D39B9D0360E861FB5448383E2B09E14C59B937",
"App.xaml","Identical","Source-resource","63258","63258","D2DD0C81203BE63473B7050F906797B51857E98BB9ABCD87DC9AD64235284FD1","D2DD0C81203BE63473B7050F906797B51857E98BB9ABCD87DC9AD64235284FD1"
"App.xaml.cs","Different-no-common-base","Source-resource","9201","2550","666DD9BF6CA7C72B54352FF0C1A047BDA9143DA0D5F5404A8F10F3FE9CD19E47","FE505DF976D607E626A113945520E7D25220C34181224238BED18061B7ED7ED8"
"AssemblyInfo.cs","Different-no-common-base","Source-resource","634","635","E83C855A38D86E36F85B2DBCF053F754F53D2076161268ECDCF30C4FCF770A4A","ED6ADDB5DC916414DDC22BCE23AF775875B0AE8BCA569246E2790A7A0D08B00F"
"bin/Build/bin/binding.cfg","Custom-only","Build-or-runtime-review","725",,"348DEC462DE32AC19BAB75E2251DF28FB10D840E50D8FF8A31E3677AAF791FCE",
"bin/Build/bin/capture.cfg","Custom-only","Build-or-runtime-review","78",,"3EBCF9C571507CD634B0525B430E8CBCECB0C350FA2C03A0470788A417B5130E",
"bin/Build/bin/colors.cfg","Custom-only","Build-or-runtime-review","319",,"90A95D517F70682C2ED84AFA6A7E1B9BFDA1E682AB9735A566D3251BD8B5C7B3",
"bin/Build/bin/configs/Default.cfg","Custom-only","Build-or-runtime-review","10057",,"F149278BF63197BB312030BB88749F5A4871B2055755EF449558E6BECA7880D1",
"bin/Build/bin/dropdown.cfg","Custom-only","Build-or-runtime-review","10057",,"1BE70E0B09EB8A7708D81132ACACE5B7FF393A63D9E999E2FA09D636BFFD7630",
"bin/Build/bin/filelocations.cfg","Custom-only","Build-or-runtime-review","100",,"D767FEA7FDF33949C897C8DAE6F92743B315D97A8488AAD206FF83F8BC7DD5DA",
"bin/Build/bin/labels/labels.txt","Custom-only","Build-or-runtime-review","5",,"0021D5FE20A08754DD965D947E4830740633AA94B4555D03067AAA6A3E6E1214",
"bin/Build/bin/minimize.cfg","Custom-only","Build-or-runtime-review","511",,"7E725093A0191B0BF1491E8C854F1C08BDF3EF08ECF4F6D459566F3932A4E2C2",
"bin/Build/bin/models.cfg","Custom-only","Build-or-runtime-review","131",,"6FB1CD0F0F6FC99718E6D100FE3C4902665D6B8AED9909B336933B6E49B90238",
"bin/Build/bin/models/Slot1/best_160x160_fp32_YOLO11.onnx","Custom-only","Build-or-runtime-review","10447736",,"7953C0BB27AF9EF389DEBAF89414053E8BA210DEA1D92BE0C499608553C05281",
"bin/Build/bin/models/Slot1/best_160x160_fp32_YOLO26.onnx","Custom-only","Build-or-runtime-review","9648246",,"46651013D0C4C2707770FA5AD0A199DB2DEF3E0C5C991A247FCCB4D32061116C",
"bin/Build/bin/models/Slot1/best_256x256_fp32_YOLO11.onnx","Custom-only","Build-or-runtime-review","10464132",,"6750465A1C68A4490B439C9D7D0BEFBDB9BEFAB04150C81E674861805EDE2385",
"bin/Build/bin/models/Slot1/best_256x256_fp32_YOLO26.onnx","Custom-only","Build-or-runtime-review","9664642",,"E48C46A491693812B4E75F58AB69CF5EAD9642D1C888A33FCE3602EA299C5B1E",
"bin/Build/bin/models/Slot1/best_320x320_fp32_YOLO11.onnx","Custom-only","Build-or-runtime-review","10479313",,"3E1D542530452056C3FCA4C665907237F0463A59DC9036C89926C19719D11B6E",
"bin/Build/bin/models/Slot1/best_320x320_fp32_YOLO26.onnx","Custom-only","Build-or-runtime-review","9679861",,"4709EB552C7164265CAE5768CC2666349540464B97239ACC93331E10E26334AB",
"bin/Build/bin/models/Slot1/best_416x416_fp32_YOLO11.onnx","Custom-only","Build-or-runtime-review","10508323",,"A550280BDAD9D9135918DF9337303A94C64B230CB8E57DA278AB3301A36285EE",
"bin/Build/bin/models/Slot1/best_416x416_fp32_YOLO26.onnx","Custom-only","Build-or-runtime-review","9708897",,"6785F172775D0EED25F81A27A8E84B81F3FE2D841ED0A0EAEBF7194D2ACDFDDF",
"bin/Build/bin/models/Slot1/best_512x512_fp32_YOLO11.onnx","Custom-only","Build-or-runtime-review","10544941",,"816B9C33E6110F7DC40E8BB59B3AFD2F5CA7D2B4A34B19658B9C6FA8750155B1",
"bin/Build/bin/models/Slot1/best_512x512_fp32_YOLO26.onnx","Custom-only","Build-or-runtime-review","9745515",,"01D89882C20386741E5713DAD43906300D441AE0FFE4A0B9B646E76D077829B3",
"bin/Build/bin/models/Slot1/best_640x640_fp32_YOLO11.onnx","Custom-only","Build-or-runtime-review","10605421",,"617A12BF6EF8F3BABC1CE042B81E0D7989E02BBABF8981151F36E027089C8FEE",
"bin/Build/bin/models/Slot1/best_640x640_fp32_YOLO26.onnx","Custom-only","Build-or-runtime-review","9805995",,"31A373D7A57C724A0156FC482A4EDBFB6D874F139299734A8FB21519FD667C0D",
"bin/Build/bin/models/Slot1/best_dynamic_fp32_YOLO11.onnx","Custom-only","Build-or-runtime-review","11135982",,"CF78D232FCD55CD42DBF9D3A34D20301189345A18488624BADDB7E854F4F94EB",
"bin/Build/bin/models/Slot1/best_dynamic_fp32_YOLO26.onnx","Custom-only","Build-or-runtime-review","10355219",,"EA8BBB1EE5693C88BD49FBA8E05AD22835C1F45D7AC5FB6AEDDAAA6923E3F0FB",
"bin/Build/bin/models/Slot2/best_160x160_fp32_YOLO11.onnx","Custom-only","Build-or-runtime-review","10447736",,"7953C0BB27AF9EF389DEBAF89414053E8BA210DEA1D92BE0C499608553C05281",
"bin/Build/bin/models/Slot2/best_160x160_fp32_YOLO26.onnx","Custom-only","Build-or-runtime-review","9648246",,"46651013D0C4C2707770FA5AD0A199DB2DEF3E0C5C991A247FCCB4D32061116C",
"bin/Build/bin/models/Slot2/best_256x256_fp32_YOLO11.onnx","Custom-only","Build-or-runtime-review","10464132",,"6750465A1C68A4490B439C9D7D0BEFBDB9BEFAB04150C81E674861805EDE2385",
"bin/Build/bin/models/Slot2/best_256x256_fp32_YOLO26.onnx","Custom-only","Build-or-runtime-review","9664642",,"E48C46A491693812B4E75F58AB69CF5EAD9642D1C888A33FCE3602EA299C5B1E",
"bin/Build/bin/models/Slot2/best_320x320_fp32_YOLO11.onnx","Custom-only","Build-or-runtime-review","10479313",,"3E1D542530452056C3FCA4C665907237F0463A59DC9036C89926C19719D11B6E",
"bin/Build/bin/models/Slot2/best_320x320_fp32_YOLO26.onnx","Custom-only","Build-or-runtime-review","9679861",,"4709EB552C7164265CAE5768CC2666349540464B97239ACC93331E10E26334AB",
"bin/Build/bin/models/Slot2/best_416x416_fp32_YOLO11.onnx","Custom-only","Build-or-runtime-review","10508323",,"A550280BDAD9D9135918DF9337303A94C64B230CB8E57DA278AB3301A36285EE",
"bin/Build/bin/models/Slot2/best_416x416_fp32_YOLO26.onnx","Custom-only","Build-or-runtime-review","9708897",,"6785F172775D0EED25F81A27A8E84B81F3FE2D841ED0A0EAEBF7194D2ACDFDDF",
"bin/Build/bin/models/Slot2/best_512x512_fp32_YOLO11.onnx","Custom-only","Build-or-runtime-review","10544941",,"816B9C33E6110F7DC40E8BB59B3AFD2F5CA7D2B4A34B19658B9C6FA8750155B1",
"bin/Build/bin/models/Slot2/best_512x512_fp32_YOLO26.onnx","Custom-only","Build-or-runtime-review","9745515",,"01D89882C20386741E5713DAD43906300D441AE0FFE4A0B9B646E76D077829B3",
"bin/Build/bin/models/Slot2/best_640x640_fp32_YOLO11.onnx","Custom-only","Build-or-runtime-review","10605421",,"617A12BF6EF8F3BABC1CE042B81E0D7989E02BBABF8981151F36E027089C8FEE",
"bin/Build/bin/models/Slot2/best_640x640_fp32_YOLO26.onnx","Custom-only","Build-or-runtime-review","9805995",,"31A373D7A57C724A0156FC482A4EDBFB6D874F139299734A8FB21519FD667C0D",
"bin/Build/bin/models/Slot2/best_dynamic_fp32_YOLO11.onnx","Custom-only","Build-or-runtime-review","11135982",,"CF78D232FCD55CD42DBF9D3A34D20301189345A18488624BADDB7E854F4F94EB",
"bin/Build/bin/models/Slot2/best_dynamic_fp32_YOLO26.onnx","Custom-only","Build-or-runtime-review","10355219",,"EA8BBB1EE5693C88BD49FBA8E05AD22835C1F45D7AC5FB6AEDDAAA6923E3F0FB",
"bin/Build/bin/mouse-sensitivity.cfg","Custom-only","Build-or-runtime-review","271",,"DB8E836BDA596CC4374DD10139361BAAC9DD9E7AFCFFF08D58DAF2DA2AAEDE55",
"bin/Build/bin/priority_aiming.cfg","Custom-only","Build-or-runtime-review","152",,"AA35BD20E6FE6C23BB0AE61BDF61B2D9855E63B68E8799B2E6B9BA144126FBBE",
"bin/Build/bin/scope_models/SCOPE_TMP/Scope_v6_opset11.onnx","Custom-only","Build-or-runtime-review","4974027",,"DDCAF1337A784D5EB7E73135E51D860BE61F7FC38B70168F42122B3B686519F4",
"bin/Build/bin/scope_models/SCOPE_TMP/Scope_v6_opset12.onnx","Custom-only","Build-or-runtime-review","4974027",,"69E30CF568F2913CBBFE327DB6F6C97760951D8FB5380C26AA21641083BE8D62",
"bin/Build/bin/scope_models/SCOPE_TMP/Scope_v6_opset13.onnx","Custom-only","Build-or-runtime-review","4974285",,"FE27B6E21890665CF62F55D0EAB61498268CCF7DC8F36420356059D74E0181C5",
"bin/Build/bin/scope_models/SCOPE_TMP/Scope_v6_opset14.onnx","Custom-only","Build-or-runtime-review","4974501",,"79356E5C763D465467D08B7C62AD8FD361ADF1813CD114981CDC1A88D9AF4922",
"bin/Build/bin/scope_models/SCOPE_TMP/Scope_v6_opset15.onnx","Custom-only","Build-or-runtime-review","4974501",,"9F7762B8DC086764448BB9B71FE28D341DED689206FC7DA78DDE8B1F872D5E3F",
"bin/Build/bin/scope_models/SCOPE_TMP/Scope_v6_opset16.onnx","Custom-only","Build-or-runtime-review","4974501",,"77368E0EDD67833788DBE8A0167F1CC46B65D400262EEDA6B107B0852223E13E",
"bin/Build/bin/scope_models/SCOPE_TMP/Scope_v6_opset17.onnx","Custom-only","Build-or-runtime-review","4974501",,"C7BB164612864889DD3D59A3182E4878CF9B91558B16C86766C7A8A91455581A",
"bin/Build/bin/scope_models/SCOPE_TMP/Scope_v6_opset18.onnx","Custom-only","Build-or-runtime-review","4974512",,"56B8234F83E77A1E0CB8A94FC432F5C76E438E40D7F3C6BFA0A69EBFD6F2B0C5",
"bin/Build/bin/scope_models/SCOPE_TMP/Scope_v6_opset19.onnx","Custom-only","Build-or-runtime-review","4974512",,"64552F7638BA4DF97DF08626AB54C45653CFD7BCF7EB83779A0868F0B308C400",
"bin/Build/bin/scope_models/SCOPE_TMP/Scope_v6_opset20.onnx","Custom-only","Build-or-runtime-review","4974512",,"D4BB5F7F4FF1E5265C5975E4637E0EBD5296C2470E2EA84CBAF4A0F0541422E6",
"bin/Build/bin/scope_models/SCOPE_TMP/Scope_v6_opset21.onnx","Custom-only","Build-or-runtime-review","4974512",,"BB40BBB82D79D1B37CC0D81DCDEAD42CA53A486D26A33F0B635A64AB63F48D4A",
"bin/Build/bin/scope_models/SCOPE_TMP/Scope_v6_opset22.onnx","Custom-only","Build-or-runtime-review","4974512",,"218E8D0BE0996F7134D30EA26B7F3129D00362930C341D61EB7DF5BE96074392",
"bin/Build/bin/scope_models/SCOPE_TMP/SCOPEv1.onnx","Custom-only","Build-or-runtime-review","12270366",,"DA0FCF46417C676A59ADCB40AA17027DF5468A3730CE8BB761FD780DE72BB052",
"bin/Build/bin/scope_models/SCOPE_TMP/SCOPEV2.onnx","Custom-only","Build-or-runtime-review","10609179",,"54B6A07D5DEFAB632EA2F321D7531055A4B6699C6C5E997DCDFAC6E2D6DA4B07",
"bin/Build/bin/scope_models/SCOPE_TMP/SCOPEv3.onnx","Custom-only","Build-or-runtime-review","10609179",,"0E5F1AEEEAD969AFB4B5A8BA5FF0D3CB25421A5F8C08620BD415014488B0D94C",
"bin/Build/bin/scope_models/SCOPE_TMP/SCOPEv4.onnx","Custom-only","Build-or-runtime-review","9809377",,"A8AEA877C2D1FB2390FA82AA9FC1CEAC6CC9FCFB0FB2D05B55F8177FF1ED9B55",
"bin/Build/bin/scope_models/SCOPE_TMP/SCOPEv5.onnx","Custom-only","Build-or-runtime-review","37937028",,"59120E5DE53C9967DA667A61B2AF8A27510ADB71B5140EFDC6D8FFEEBF48F7B3",
"bin/Build/bin/scope_models/Scope_V7_160.onnx","Custom-only","Build-or-runtime-review","9652206",,"771B89B9902DD003432C5722578CA942B0E1AA67B1455DB151694DBFC8616988",
"bin/Build/bin/scope_models/Scope_V7_224.onnx","Custom-only","Build-or-runtime-review","9662290",,"F4665E3277D707D4E49575CFB0FEC982368DE64E65B11B8180683F71CAED3749",
"bin/Build/bin/scope_models/Scope_V7_256.onnx","Custom-only","Build-or-runtime-review","9668602",,"AE13013FB60F8E1D9D9E5BB2FB66F035AFBB98AADBAB1BB3350A6FDA76746EE3",
"bin/Build/bin/scope_models/Scope_V7_288.onnx","Custom-only","Build-or-runtime-review","9675742",,"3F17EF5CC8EFE98F5141EA79AFE4FD81E90BC9BCBC83671476644E7AA6FC9EC3",
"bin/Build/bin/scope_models/Scope_V7_320.onnx","Custom-only","Build-or-runtime-review","9683726",,"01AE6501FA7A7550078D01A159DF2E830E8F7F73ABAB37DCB037F02194E64482",
"bin/Build/bin/scope_models/Scope_V7_416.onnx","Custom-only","Build-or-runtime-review","9712766",,"64F8FB14E2DC574347707E1DD801734220C280C5C646BA23225225B2E4D50216",
"bin/Build/bin/scope_models/Scope_V7_512.onnx","Custom-only","Build-or-runtime-review","9749384",,"2284F240712A9FA97CA1CCC0B3F2E4CF55528666E86D659D4A7A13D364E8B2B9",
"bin/Build/bin/scope_models/Scope_V7_640.onnx","Custom-only","Build-or-runtime-review","9809864",,"107ACF79B5010048811F2457F1180A46F76F3ED493EBC84E30C2F6FB66B3215B",
"bin/Build/bin/toggles.cfg","Custom-only","Build-or-runtime-review","1290",,"0B2377CD025432A1223A4DB7247B3FABF0E14D341E9E63086909E93EEF61CDB6",
"bin/Build/bin/window.cfg","Custom-only","Build-or-runtime-review","54",,"2C05CDFBD6DC4675815DB776D7D7324957262B57CF4C097BD3F540B2C774E7E5",
"bin/Build/CouldBeAimmyV2.deps.json","Custom-only","Build-or-runtime-review","18534",,"3684573E93ED28C274E018D1426619AAA62ABCA475971F372063970E6AE03E27",
"bin/Build/CouldBeAimmyV2.dll","Custom-only","Build-or-runtime-review","14626816",,"82C43955AF39E2F42710B91B9C96D86BBF8E4BCC39F25F36B2D84448C2912949",
"bin/Build/CouldBeAimmyV2.exe","Custom-only","Build-or-runtime-review","186368",,"428C9FE1C02552CA45F958694184AF57D04C57DAC193BFD2C7AD4FAEECC9F10D",
"bin/Build/CouldBeAimmyV2.runtimeconfig.json","Custom-only","Build-or-runtime-review","429",,"73B37384BB001E78DB2014D328750EB2990393712FD63CD00C0F41965B3DBE96",
"bin/Build/DirectML.dll","Custom-only","Build-or-runtime-review","18527776",,"9C9E6D822561C6C41B90E6994B3E8857CF1D66DBFB1E0C4C799C7C89B4E92DA1",
"bin/Build/DirectML.pdb","Custom-only","Build-or-runtime-review","8622080",,"24B67D1EE649D1E36FDD4BD8A25EC74B890C3B859AFAD89E0D4E1B7E51CD8D16",
"bin/Build/icon/target.ico","Custom-only","Build-or-runtime-review","34714",,"252F3C4D54C091988E6516D97B61FA475EDAFB782C4BBEEEFC2479E49572133D",
"bin/Build/logs/capture-error.txt","Custom-only","Build-or-runtime-review","886",,"1FD540FCED38E0A3B31E5ADF709992AA01B94E6D9B6A43B1E8C92EB72EB5A7B5",
"bin/Build/loot/._cache_Loot.exe","Custom-only","Build-or-runtime-review","918016",,"043BC763D54ACDD8EC91246AE99B8310E0146BD577F98C7A26820980B45702A5",
"bin/Build/loot/config.ini","Custom-only","Build-or-runtime-review","560",,"8E7E8B92E1E2ED7DA53F934A76F2FE677955D50856268D9B9E7681E9F1486FE9",
"bin/Build/loot/laytoado.ahk","Custom-only","Build-or-runtime-review","8743",,"BDCDFD4488A8F2230CE762FEAD84944DDA2FFA8884B7F611906C34202C25185D",
"bin/Build/loot/laytoado.exe","Custom-only","Build-or-runtime-review","1735168",,"1D8E14199A2E36B37577ED4BC930D725C9619EBDD04E6AF1A4D72B09F88E1225",
"bin/Build/loot/Loot.ahk","Custom-only","Build-or-runtime-review","3713",,"20CEED5BBC8EE88E7199AACEF994838319961B349E2A80FF37B2148B77485C2E",
"bin/Build/loot/Loot.exe","Custom-only","Build-or-runtime-review","1694208",,"E172794AD7559292C6DB988576C63C58AAB4DABA51E64C7FEF274D683360E215",
"bin/Build/onnxruntime_providers_shared.dll","Custom-only","Build-or-runtime-review","22040",,"265C8DAF29637CB259CAC8BE9F08F2CD45F3883F0F0E4949CBFDDD5B4CBEC3B6",
"bin/Build/onnxruntime.dll","Custom-only","Build-or-runtime-review","17328152",,"E7EEDEC6A6F26DC39DC948276A75EF6D2BEE3FFF944D874CEED0BBD3B97BFF40",
"bin/Build/runtimes/browser/lib/net8.0/System.Text.Encodings.Web.dll","Custom-only","Build-or-runtime-review","70952",,"108C563B14FAEAF065EED875779AE768AE14A2884B023B700A6EA9D8B8486B49",
"bin/Build/runtimes/win-arm64/native/onnxruntime_providers_shared.dll","Custom-only","Build-or-runtime-review","21528",,"3923290B6FC5DCD754B4D533463A9B8B46DA0889D3991EF4F9B9AFA17929E3E2",
"bin/Build/runtimes/win-arm64/native/onnxruntime.dll","Custom-only","Build-or-runtime-review","17546784",,"939FA0BE435D253EADD9E394EE94AD6B6AC1878C83B64118BB4BDA669EB0E28C",
"bin/Build/runtimes/win-arm64/native/onnxruntime.lib","Custom-only","Build-or-runtime-review","2834",,"4B48F294224CDFE09EF77A6E1F5582BDA16A4ADBA047C1B073F752FCE83AE40C",
"bin/Build/runtimes/win-x64/native/onnxruntime_providers_shared.dll","Custom-only","Build-or-runtime-review","22040",,"265C8DAF29637CB259CAC8BE9F08F2CD45F3883F0F0E4949CBFDDD5B4CBEC3B6",
"bin/Build/runtimes/win-x64/native/onnxruntime.dll","Custom-only","Build-or-runtime-review","17328152",,"E7EEDEC6A6F26DC39DC948276A75EF6D2BEE3FFF944D874CEED0BBD3B97BFF40",
"bin/Build/runtimes/win-x64/native/onnxruntime.lib","Custom-only","Build-or-runtime-review","2834",,"281D55C95107AD75AC060569C005031BAF1BB7FE1011BDC07A6BEF1DEE8792B5",
"bin/Build/runtimes/win-x64/native/TensorRT-C-API.dll","Custom-only","Build-or-runtime-review","473088",,"06C4CE8C93832A8AA9F39B6574CA7D72DAEFFF525C67641917E1F271356975A4",
"bin/Build/runtimes/win/lib/net8.0/System.Management.dll","Custom-only","Build-or-runtime-review","313168",,"2EE0EDFC6E733EB3427CFFDA28CC8709C69BC9E8F498CEAA101A9A268D9FD46B",
"Class/AimSettings.cs","Upstream-only","Source-resource",,"4181",,"02C524927D1D96E0E8CC6FE073F6847A97CB3F344F67F0D8EC2CB66C0FA41BB5"
"Class/Animator.cs","Different-no-common-base","Source-resource","4181","4152","8B1EA245FDAAC983B993148AAD9215C76F70C746A612FCFAF06DDFA2A14804F7","D6E2B6C7ED179B970C1D6522EC7A9ADFA0BB7550E3C321AD0D9ED28BB97CB3A4"
"Class/ClickThroughOverlay.cs","Different-no-common-base","Source-resource","1432","741","0A8FD0C1E2220785A0700DE9362156CB37BF9385083358B5D609EFBD2DBA2021","8DAE65E2D210460D7096A88EBAD59C1B3E3BB680B08A6D7140BD6D428E7814BB"
"Class/Dictionary.cs","Different-no-common-base","Source-resource","11046","4422","70CFFE5D0425B9FE58FD59B3C34DE219FA588FABDB13A374A32DF25ADDFD5D3D","55F1930CFDE77BD0B42F2B62EAC002576D15516D464EF7C4D89EF60ECD88CE14"
"Class/PriorityAimingConfig.cs","Custom-only","Source-resource","3672",,"50B1E17E417457D87B718FECF775D15FE406DA7BF004698F888C5CC3CD862E01",
"Class/PropertyChanger.cs","Different-no-common-base","Source-resource","2531","2048","121D088F53079832DD95691CAF9BBC1F101FD4B5DEB723A5AC70253C85AE2ED2","F4A1A81642CD500150F9602B8C152422FDC25389EDD7860CA20C06CDDE2B4E49"
"Class/SaveDictionary.cs","Identical","Source-resource","3913","3913","5CD552B4EF56349CC526C12FF98A4EBDC9DA30E37C337B03320BA9DB362944C6","5CD552B4EF56349CC526C12FF98A4EBDC9DA30E37C337B03320BA9DB362944C6"
"Class/UI.cs","Different-no-common-base","Source-resource","7122","4962","A42909A8F630479B4B28738D03CAC31E53B5686AD5AE062B5EF9CB1FD90E1D15","5358765868C962D4E471E226811E8FEE901F6FF1D5A46C8BB877C307D2CCEA60"
"Documentation.md","Custom-only","Source-resource","69753",,"FAFE02533EE977BC2F32075050F6E4A1E2FDEBBB268099BE7BB95E5087C67B1A",
"ExitConfirmationWindow.xaml","Custom-only","Source-resource","5462",,"3FCE5EF482C4C8F892AAD55DDAF0A4D745F40CDA6960A7568E78FC7D61AE71B9",
"ExitConfirmationWindow.xaml.cs","Custom-only","Source-resource","896",,"FC6526B7EC6C1CFC9A72F6BB3F59F93F0544234422BE9D477AA900A96CF6147D",
"FodyWeavers.xml","Identical","Source-resource","139","139","4448546786231D0D396A9987BC8776509A7A6F6FD755FC68CE63BED29CA8EE33","4448546786231D0D396A9987BC8776509A7A6F6FD755FC68CE63BED29CA8EE33"
"FodyWeavers.xsd","Custom-only","Source-resource","11751",,"DB78A7DE8D27DCFE51C51C38F0EB099A8ACCA4412662A78855290FE2109C82BF",
"Graphics/Fonts/akony.otf","Identical","Source-resource","33808","33808","5CFF6D9DBF1C5BBEFAF71F2488EE3364DB3895D49469DB8FD0E9AAF888C2229F","5CFF6D9DBF1C5BBEFAF71F2488EE3364DB3895D49469DB8FD0E9AAF888C2229F"
"Graphics/Fonts/AtkinsonHyperlegible-Bold.ttf","Identical","Source-resource","54444","54444","6EB91BDB2D384BF462C8D012D86545E154423541E5ABEBD1FCB8205C767EA9E4","6EB91BDB2D384BF462C8D012D86545E154423541E5ABEBD1FCB8205C767EA9E4"
"Graphics/Fonts/AtkinsonHyperlegible-BoldItalic.ttf","Identical","Source-resource","54608","54608","5EBC3555C8A08072B27977A29112816946929D264375F089C9EE7ECBBE6793B2","5EBC3555C8A08072B27977A29112816946929D264375F089C9EE7ECBBE6793B2"
"Graphics/Fonts/AtkinsonHyperlegible-Italic.ttf","Identical","Source-resource","54200","54200","2EA6E8932442215AB61E2BE017E203A1E71ECC1059EBED69F858B93F5B103E5C","2EA6E8932442215AB61E2BE017E203A1E71ECC1059EBED69F858B93F5B103E5C"
"Graphics/Fonts/AtkinsonHyperlegible-Regular.ttf","Identical","Source-resource","53504","53504","64024991D42CD9CDDC09CD349E5305CBE537B2EB73CD014E95DA1AB16B4A64F3","64024991D42CD9CDDC09CD349E5305CBE537B2EB73CD014E95DA1AB16B4A64F3"
"Graphics/Fonts/Font Awesome 6 Brands-Regular-400.otf","Identical","Source-resource","554744","554744","EA849B9D4A32CF73C3B2AD7B7B3DD8B40BE1B7A49A16F59CEEA013E8327EA6D8","EA849B9D4A32CF73C3B2AD7B7B3DD8B40BE1B7A49A16F59CEEA013E8327EA6D8"
"Graphics/Fonts/Font Awesome 6 Free-Regular-400.otf","Identical","Source-resource","189956","189956","576B85F80896F84A61B3050EADBF2CFB1EA8F90772DBEEAACB529674C8DB3688","576B85F80896F84A61B3050EADBF2CFB1EA8F90772DBEEAACB529674C8DB3688"
"Graphics/Fonts/Font Awesome 6 Free-Solid-900.otf","Identical","Source-resource","1023996","1023996","E02B88F8AD5C7D29489A40E94AC13735B4973C9469BDA7CEFDBB7BF06AED4160","E02B88F8AD5C7D29489A40E94AC13735B4973C9469BDA7CEFDBB7BF06AED4160"
"icon/target.ico","Custom-only","Source-resource","34714",,"252F3C4D54C091988E6516D97B61FA475EDAFB782C4BBEEEFC2479E49572133D",
"InputLogic/GlobalMouseHook.cs","Custom-only","Source-resource","4086",,"860790B73BA685838FA6AB19620FA7D3153D71851FCAFA50097172DF635DC2C0",
"InputLogic/InputBindingManager.cs","Different-no-common-base","Source-resource","6267","4051","D9CCA8466803C0A1DE7C1D7857C37D006DFCA977AD1D74BE1A7EABB881816F8B","EF7D08B01AA4C013C511E51936E953F61DEAAA8E1278AE6C127EB056BF7A730E"
"InputLogic/LootManager.cs","Custom-only","Source-resource","16587",,"FDFC1D47C0048F1EDCEA5A76732D6AD06409A4A38CA993467F6B46003725A42E",
"InputLogic/MouseManager.cs","Different-no-common-base","Source-resource","9834","8819","4196C304F7C62E226B7D9776BD0D505FE729173A9C81C2BB6C8E1AFCE3E612C0","B44311254F1BC331FDA11511E2501DAFB744FCC4EE90D2588890F543B12BC245"
"InputLogic/MovementPaths.cs","Different-no-common-base","Source-resource","4101","4100","36983999796D138A2D391F567D3A6C89EDCFAC16B5D1CD613F2E82EA56F54170","D6808FA45BC7141E69252654E59F91DD1380FAC6EFC7C52AB713302FD86991E3"
"InputLogic/RecoilManager.cs","Custom-only","Source-resource","16674",,"49D42C659D9FCC5DA9AC917836F241885CE50B5749F8150CC7985D167149E47E",
"loot/config.ini","Custom-only","Model-or-config","560",,"8E7E8B92E1E2ED7DA53F934A76F2FE677955D50856268D9B9E7681E9F1486FE9",
"loot/laytoado.ahk","Custom-only","Source-resource","8743",,"BDCDFD4488A8F2230CE762FEAD84944DDA2FFA8884B7F611906C34202C25185D",
"loot/laytoado.exe","Custom-only","Native-or-runtime","1735168",,"1D8E14199A2E36B37577ED4BC930D725C9619EBDD04E6AF1A4D72B09F88E1225",
"loot/Loot.ahk","Custom-only","Source-resource","3713",,"20CEED5BBC8EE88E7199AACEF994838319961B349E2A80FF37B2148B77485C2E",
"loot/Loot.exe","Custom-only","Native-or-runtime","1694208",,"E172794AD7559292C6DB988576C63C58AAB4DABA51E64C7FEF274D683360E215",
"MainWindow.xaml","Different-no-common-base","Source-resource","11712","11712","96F1D1D9338977B5038C2CF864C2A568C2C8D11504F6108AA0EC5F28E4F370CA","1790F13952A45AE2761725DC91EEA4077A78D7AC247D24CD6F304FF0041D97C3"
"MainWindow.xaml.cs","Different-no-common-base","Source-resource","81611","56502","3D80B22FF53F781BB22525F576CBDB5784C7D75BE722785964C6B9FC0ABD9944","935370D74EE14BDFA70B23C389E603D59609D57FA1BDA4F5B633CB2214725071"
"MouseMovementLibraries/ddxoftSupport/ddxoftMain.cs","Identical","Source-resource","2727","2727","FB7DE7830896AC09E76D6275106D09523C8EEBAB800879531D6DDCCCB4744FC8","FB7DE7830896AC09E76D6275106D09523C8EEBAB800879531D6DDCCCB4744FC8"
"MouseMovementLibraries/ddxoftSupport/ddxoftMouse.cs","Identical","Source-resource","3296","3296","D5BD5C9405D9FC45B0AF7567BA671E8E106B7BEA9388FE0AFA865702D6CBD89C","D5BD5C9405D9FC45B0AF7567BA671E8E106B7BEA9388FE0AFA865702D6CBD89C"
"MouseMovementLibraries/GHubSupport/Credits.txt","Identical","Source-resource","124","124","426AC923C44440169C717FA202C66FFCFB18066E473A9D462C32D8BB7BE180B2","426AC923C44440169C717FA202C66FFCFB18066E473A9D462C32D8BB7BE180B2"
"MouseMovementLibraries/GHubSupport/dist/Properties.cs","Identical","Source-resource","1709","1709","4E871872FF34E2728DBD01265616B5FE77DCEA8F44A6A061C18A1F6B4FB3FFD5","4E871872FF34E2728DBD01265616B5FE77DCEA8F44A6A061C18A1F6B4FB3FFD5"
"MouseMovementLibraries/GHubSupport/dist/Struct.cs","Identical","Source-resource","384","384","D19F062E5E36FA87E7A3A94A9A201BB3EB7110375D9569A87FA3FFCFB53B9195","D19F062E5E36FA87E7A3A94A9A201BB3EB7110375D9569A87FA3FFCFB53B9195"
"MouseMovementLibraries/GHubSupport/dist/WinAPI.cs","Identical","Source-resource","1382","1382","552B5FF97BF0AF34BC88CB50422CACCDBA72E5F6CD87D7CC0CB0DE34C3E548E3","552B5FF97BF0AF34BC88CB50422CACCDBA72E5F6CD87D7CC0CB0DE34C3E548E3"
"MouseMovementLibraries/GHubSupport/LGDownloader.xaml","Identical","Source-resource","7008","7008","36A713CEFE576E14CF7690508439CE388EA70C40D2E1E419570A3991D4ED6456","36A713CEFE576E14CF7690508439CE388EA70C40D2E1E419570A3991D4ED6456"
"MouseMovementLibraries/GHubSupport/LGDownloader.xaml.cs","Identical","Source-resource","5375","5375","6C1476767CE3C934592F93A276D5BB52E646AC2F7945B79F189DA6D18082B451","6C1476767CE3C934592F93A276D5BB52E646AC2F7945B79F189DA6D18082B451"
"MouseMovementLibraries/GHubSupport/LGHubMain.cs","Identical","Source-resource","1080","1080","A950D31B38A488FE7FC62597EFD3BC634F455B6B7ECA22009867B724CC9D3718","A950D31B38A488FE7FC62597EFD3BC634F455B6B7ECA22009867B724CC9D3718"
"MouseMovementLibraries/GHubSupport/LGMouse.cs","Identical","Source-resource","2551","2551","05122DC0505AE2D1B88BD1677ADF370A7915C5121CBC03A85CBF4CB590E727F2","05122DC0505AE2D1B88BD1677ADF370A7915C5121CBC03A85CBF4CB590E727F2"
"MouseMovementLibraries/RazerSupport/RZMouse.cs","Identical","Source-resource","11135","11135","F50C362742F572E8FEFFE0224FB900A31C82F165CF2373FB59B755F2F1B4EC57","F50C362742F572E8FEFFE0224FB900A31C82F165CF2373FB59B755F2F1B4EC57"
"MouseMovementLibraries/SendInputSupport/SendInputMouse.cs","Identical","Source-resource","1762","1762","A6A8EA2EDED33CC206C1AEF140D0A9353653E5CB199EDB8E59416AF8C9F3AA03","A6A8EA2EDED33CC206C1AEF140D0A9353653E5CB199EDB8E59416AF8C9F3AA03"
"obj/Aimmy2_0gpifkc3_wpftmp.csproj.nuget.dgspec.json","Custom-only","Build-or-runtime-review","5069",,"9657F89C461DD1C17D90D80EBDCAA0A26D750A2C8AF4345275BDB4481538204E",
"obj/Aimmy2_0gpifkc3_wpftmp.csproj.nuget.g.props","Custom-only","Build-or-runtime-review","17052",,"E2E780CA4376812D5F1B65D51EA1D42B3518C759E1749CFBDA5EE2615D62E186",
"obj/Aimmy2_0gpifkc3_wpftmp.csproj.nuget.g.targets","Custom-only","Build-or-runtime-review","1815",,"94149039A7E647D5114D38D215A24CA8CD53B2CB9B4CE3F1C4D4531CC288F632",
"obj/Aimmy2_0hzpniqa_wpftmp.csproj.nuget.dgspec.json","Custom-only","Build-or-runtime-review","5069",,"9657F89C461DD1C17D90D80EBDCAA0A26D750A2C8AF4345275BDB4481538204E",
"obj/Aimmy2_0hzpniqa_wpftmp.csproj.nuget.g.props","Custom-only","Build-or-runtime-review","17052",,"E2E780CA4376812D5F1B65D51EA1D42B3518C759E1749CFBDA5EE2615D62E186",
"obj/Aimmy2_0hzpniqa_wpftmp.csproj.nuget.g.targets","Custom-only","Build-or-runtime-review","1815",,"94149039A7E647D5114D38D215A24CA8CD53B2CB9B4CE3F1C4D4531CC288F632",
"obj/Aimmy2_0q2sksoq_wpftmp.csproj.nuget.dgspec.json","Custom-only","Build-or-runtime-review","5125",,"3A3D7A672FC9C703A1233B5B7547B2FF54AF2512822818BA355D5130D822D16C",
"obj/Aimmy2_0q2sksoq_wpftmp.csproj.nuget.g.props","Custom-only","Build-or-runtime-review","17052",,"E2E780CA4376812D5F1B65D51EA1D42B3518C759E1749CFBDA5EE2615D62E186",
"obj/Aimmy2_0q2sksoq_wpftmp.csproj.nuget.g.targets","Custom-only","Build-or-runtime-review","1815",,"94149039A7E647D5114D38D215A24CA8CD53B2CB9B4CE3F1C4D4531CC288F632",
"obj/Aimmy2_0qqkl2mh_wpftmp.csproj.nuget.dgspec.json","Custom-only","Build-or-runtime-review","5069",,"9657F89C461DD1C17D90D80EBDCAA0A26D750A2C8AF4345275BDB4481538204E",
"obj/Aimmy2_0qqkl2mh_wpftmp.csproj.nuget.g.props","Custom-only","Build-or-runtime-review","17052",,"E2E780CA4376812D5F1B65D51EA1D42B3518C759E1749CFBDA5EE2615D62E186",
"obj/Aimmy2_0qqkl2mh_wpftmp.csproj.nuget.g.targets","Custom-only","Build-or-runtime-review","1815",,"94149039A7E647D5114D38D215A24CA8CD53B2CB9B4CE3F1C4D4531CC288F632",
"obj/Aimmy2_0yenrhku_wpftmp.csproj.nuget.dgspec.json","Custom-only","Build-or-runtime-review","5069",,"9657F89C461DD1C17D90D80EBDCAA0A26D750A2C8AF4345275BDB4481538204E",
"obj/Aimmy2_0yenrhku_wpftmp.csproj.nuget.g.props","Custom-only","Build-or-runtime-review","17052",,"E2E780CA4376812D5F1B65D51EA1D42B3518C759E1749CFBDA5EE2615D62E186",
"obj/Aimmy2_0yenrhku_wpftmp.csproj.nuget.g.targets","Custom-only","Build-or-runtime-review","1815",,"94149039A7E647D5114D38D215A24CA8CD53B2CB9B4CE3F1C4D4531CC288F632",
"obj/Aimmy2_100hr224_wpftmp.csproj.nuget.dgspec.json","Custom-only","Build-or-runtime-review","5069",,"B442F8D79401BA3EB1D039832AE304D0A0A753690A480330D1F7051CE6D42085",
"obj/Aimmy2_100hr224_wpftmp.csproj.nuget.g.props","Custom-only","Build-or-runtime-review","17052",,"E2E780CA4376812D5F1B65D51EA1D42B3518C759E1749CFBDA5EE2615D62E186",
"obj/Aimmy2_100hr224_wpftmp.csproj.nuget.g.targets","Custom-only","Build-or-runtime-review","1815",,"94149039A7E647D5114D38D215A24CA8CD53B2CB9B4CE3F1C4D4531CC288F632",
"obj/Aimmy2_2to1txws_wpftmp.csproj.nuget.dgspec.json","Custom-only","Build-or-runtime-review","5069",,"9657F89C461DD1C17D90D80EBDCAA0A26D750A2C8AF4345275BDB4481538204E",
"obj/Aimmy2_2to1txws_wpftmp.csproj.nuget.g.props","Custom-only","Build-or-runtime-review","17052",,"E2E780CA4376812D5F1B65D51EA1D42B3518C759E1749CFBDA5EE2615D62E186",
"obj/Aimmy2_2to1txws_wpftmp.csproj.nuget.g.targets","Custom-only","Build-or-runtime-review","1815",,"94149039A7E647D5114D38D215A24CA8CD53B2CB9B4CE3F1C4D4531CC288F632",
"obj/Aimmy2_2tvibtra_wpftmp.csproj.nuget.dgspec.json","Custom-only","Build-or-runtime-review","5135",,"2CE8F0800D26F924DAFB6198D57F8E6A8D46C8C1D06460D4A2A7DB6194E6F90A",
"obj/Aimmy2_2tvibtra_wpftmp.csproj.nuget.g.props","Custom-only","Build-or-runtime-review","17052",,"E2E780CA4376812D5F1B65D51EA1D42B3518C759E1749CFBDA5EE2615D62E186",
"obj/Aimmy2_2tvibtra_wpftmp.csproj.nuget.g.targets","Custom-only","Build-or-runtime-review","1815",,"94149039A7E647D5114D38D215A24CA8CD53B2CB9B4CE3F1C4D4531CC288F632",
"obj/Aimmy2_44y2s2mq_wpftmp.csproj.nuget.dgspec.json","Custom-only","Build-or-runtime-review","5069",,"9657F89C461DD1C17D90D80EBDCAA0A26D750A2C8AF4345275BDB4481538204E",
"obj/Aimmy2_44y2s2mq_wpftmp.csproj.nuget.g.props","Custom-only","Build-or-runtime-review","17052",,"E2E780CA4376812D5F1B65D51EA1D42B3518C759E1749CFBDA5EE2615D62E186",
"obj/Aimmy2_44y2s2mq_wpftmp.csproj.nuget.g.targets","Custom-only","Build-or-runtime-review","1815",,"94149039A7E647D5114D38D215A24CA8CD53B2CB9B4CE3F1C4D4531CC288F632",
"obj/Aimmy2_4lojogqo_wpftmp.csproj.nuget.dgspec.json","Custom-only","Build-or-runtime-review","5969",,"C749831057FD2D04ED7381E2CA2E17226FAD6EA94D8E0ECC301D668E03252C3B",
"obj/Aimmy2_4lojogqo_wpftmp.csproj.nuget.g.props","Custom-only","Build-or-runtime-review","17378",,"37F7213976307DC5180DCD7DE06F0213AFF6A8B83C3F0AC462E8DBEA9330FA12",
"obj/Aimmy2_4lojogqo_wpftmp.csproj.nuget.g.targets","Custom-only","Build-or-runtime-review","1815",,"97143383948E468262436C00C97B464ECC0609FD700B27A6F722F7C75263BEA7",
"obj/Aimmy2_4rcfi5fx_wpftmp.csproj.nuget.dgspec.json","Custom-only","Build-or-runtime-review","5069",,"9657F89C461DD1C17D90D80EBDCAA0A26D750A2C8AF4345275BDB4481538204E",
"obj/Aimmy2_4rcfi5fx_wpftmp.csproj.nuget.g.props","Custom-only","Build-or-runtime-review","17052",,"E2E780CA4376812D5F1B65D51EA1D42B3518C759E1749CFBDA5EE2615D62E186",
"obj/Aimmy2_4rcfi5fx_wpftmp.csproj.nuget.g.targets","Custom-only","Build-or-runtime-review","1815",,"94149039A7E647D5114D38D215A24CA8CD53B2CB9B4CE3F1C4D4531CC288F632",
"obj/Aimmy2_5vohkxei_wpftmp.csproj.nuget.dgspec.json","Custom-only","Build-or-runtime-review","5069",,"9657F89C461DD1C17D90D80EBDCAA0A26D750A2C8AF4345275BDB4481538204E",
"obj/Aimmy2_5vohkxei_wpftmp.csproj.nuget.g.props","Custom-only","Build-or-runtime-review","17052",,"E2E780CA4376812D5F1B65D51EA1D42B3518C759E1749CFBDA5EE2615D62E186",
"obj/Aimmy2_5vohkxei_wpftmp.csproj.nuget.g.targets","Custom-only","Build-or-runtime-review","1815",,"94149039A7E647D5114D38D215A24CA8CD53B2CB9B4CE3F1C4D4531CC288F632",
"obj/Aimmy2_a24rwopi_wpftmp.csproj.nuget.dgspec.json","Custom-only","Build-or-runtime-review","5069",,"9657F89C461DD1C17D90D80EBDCAA0A26D750A2C8AF4345275BDB4481538204E",
"obj/Aimmy2_a24rwopi_wpftmp.csproj.nuget.g.props","Custom-only","Build-or-runtime-review","17052",,"E2E780CA4376812D5F1B65D51EA1D42B3518C759E1749CFBDA5EE2615D62E186",
"obj/Aimmy2_a24rwopi_wpftmp.csproj.nuget.g.targets","Custom-only","Build-or-runtime-review","1815",,"94149039A7E647D5114D38D215A24CA8CD53B2CB9B4CE3F1C4D4531CC288F632",
"obj/Aimmy2_adctqnhn_wpftmp.csproj.nuget.dgspec.json","Custom-only","Build-or-runtime-review","5069",,"9657F89C461DD1C17D90D80EBDCAA0A26D750A2C8AF4345275BDB4481538204E",
"obj/Aimmy2_adctqnhn_wpftmp.csproj.nuget.g.props","Custom-only","Build-or-runtime-review","17052",,"E2E780CA4376812D5F1B65D51EA1D42B3518C759E1749CFBDA5EE2615D62E186",
"obj/Aimmy2_adctqnhn_wpftmp.csproj.nuget.g.targets","Custom-only","Build-or-runtime-review","1815",,"94149039A7E647D5114D38D215A24CA8CD53B2CB9B4CE3F1C4D4531CC288F632",
"obj/Aimmy2_ah43v5ym_wpftmp.csproj.nuget.dgspec.json","Custom-only","Build-or-runtime-review","5798",,"66AA33C297D346CB36EFB75DA11E393D226B7FA2AA846AC6DBBB2DDCEC6D5CD6",
"obj/Aimmy2_ah43v5ym_wpftmp.csproj.nuget.g.props","Custom-only","Build-or-runtime-review","17378",,"37F7213976307DC5180DCD7DE06F0213AFF6A8B83C3F0AC462E8DBEA9330FA12",
"obj/Aimmy2_ah43v5ym_wpftmp.csproj.nuget.g.targets","Custom-only","Build-or-runtime-review","1815",,"97143383948E468262436C00C97B464ECC0609FD700B27A6F722F7C75263BEA7",
"obj/Aimmy2_ao133kxy_wpftmp.csproj.nuget.dgspec.json","Custom-only","Build-or-runtime-review","5069",,"9657F89C461DD1C17D90D80EBDCAA0A26D750A2C8AF4345275BDB4481538204E",
"obj/Aimmy2_ao133kxy_wpftmp.csproj.nuget.g.props","Custom-only","Build-or-runtime-review","17052",,"E2E780CA4376812D5F1B65D51EA1D42B3518C759E1749CFBDA5EE2615D62E186",
"obj/Aimmy2_ao133kxy_wpftmp.csproj.nuget.g.targets","Custom-only","Build-or-runtime-review","1815",,"94149039A7E647D5114D38D215A24CA8CD53B2CB9B4CE3F1C4D4531CC288F632",
"obj/Aimmy2_ao5zcvdc_wpftmp.csproj.nuget.dgspec.json","Custom-only","Build-or-runtime-review","5125",,"3A3D7A672FC9C703A1233B5B7547B2FF54AF2512822818BA355D5130D822D16C",
"obj/Aimmy2_ao5zcvdc_wpftmp.csproj.nuget.g.props","Custom-only","Build-or-runtime-review","17052",,"E2E780CA4376812D5F1B65D51EA1D42B3518C759E1749CFBDA5EE2615D62E186",
"obj/Aimmy2_ao5zcvdc_wpftmp.csproj.nuget.g.targets","Custom-only","Build-or-runtime-review","1815",,"94149039A7E647D5114D38D215A24CA8CD53B2CB9B4CE3F1C4D4531CC288F632",
"obj/Aimmy2_axyrb511_wpftmp.csproj.nuget.dgspec.json","Custom-only","Build-or-runtime-review","5069",,"9657F89C461DD1C17D90D80EBDCAA0A26D750A2C8AF4345275BDB4481538204E",
"obj/Aimmy2_axyrb511_wpftmp.csproj.nuget.g.props","Custom-only","Build-or-runtime-review","17052",,"E2E780CA4376812D5F1B65D51EA1D42B3518C759E1749CFBDA5EE2615D62E186",
"obj/Aimmy2_axyrb511_wpftmp.csproj.nuget.g.targets","Custom-only","Build-or-runtime-review","1815",,"94149039A7E647D5114D38D215A24CA8CD53B2CB9B4CE3F1C4D4531CC288F632",
"obj/Aimmy2_bvwyo0na_wpftmp.csproj.nuget.dgspec.json","Custom-only","Build-or-runtime-review","5135",,"3EE0247DFFAE417C00B587658D557ACEEF5714C09232447E0186DBAAD75388CB",
"obj/Aimmy2_bvwyo0na_wpftmp.csproj.nuget.g.props","Custom-only","Build-or-runtime-review","17052",,"E2E780CA4376812D5F1B65D51EA1D42B3518C759E1749CFBDA5EE2615D62E186",
"obj/Aimmy2_bvwyo0na_wpftmp.csproj.nuget.g.targets","Custom-only","Build-or-runtime-review","1815",,"94149039A7E647D5114D38D215A24CA8CD53B2CB9B4CE3F1C4D4531CC288F632",
"obj/Aimmy2_czgkje4p_wpftmp.csproj.nuget.dgspec.json","Custom-only","Build-or-runtime-review","5069",,"9657F89C461DD1C17D90D80EBDCAA0A26D750A2C8AF4345275BDB4481538204E",
"obj/Aimmy2_czgkje4p_wpftmp.csproj.nuget.g.props","Custom-only","Build-or-runtime-review","17052",,"E2E780CA4376812D5F1B65D51EA1D42B3518C759E1749CFBDA5EE2615D62E186",
"obj/Aimmy2_czgkje4p_wpftmp.csproj.nuget.g.targets","Custom-only","Build-or-runtime-review","1815",,"94149039A7E647D5114D38D215A24CA8CD53B2CB9B4CE3F1C4D4531CC288F632",
"obj/Aimmy2_dan2fnas_wpftmp.csproj.nuget.dgspec.json","Custom-only","Build-or-runtime-review","5125",,"3A3D7A672FC9C703A1233B5B7547B2FF54AF2512822818BA355D5130D822D16C",
"obj/Aimmy2_dan2fnas_wpftmp.csproj.nuget.g.props","Custom-only","Build-or-runtime-review","17052",,"E2E780CA4376812D5F1B65D51EA1D42B3518C759E1749CFBDA5EE2615D62E186",
"obj/Aimmy2_dan2fnas_wpftmp.csproj.nuget.g.targets","Custom-only","Build-or-runtime-review","1815",,"94149039A7E647D5114D38D215A24CA8CD53B2CB9B4CE3F1C4D4531CC288F632",
"obj/Aimmy2_dba4repg_wpftmp.csproj.nuget.dgspec.json","Custom-only","Build-or-runtime-review","5069",,"9657F89C461DD1C17D90D80EBDCAA0A26D750A2C8AF4345275BDB4481538204E",
"obj/Aimmy2_dba4repg_wpftmp.csproj.nuget.g.props","Custom-only","Build-or-runtime-review","17052",,"E2E780CA4376812D5F1B65D51EA1D42B3518C759E1749CFBDA5EE2615D62E186",
"obj/Aimmy2_dba4repg_wpftmp.csproj.nuget.g.targets","Custom-only","Build-or-runtime-review","1815",,"94149039A7E647D5114D38D215A24CA8CD53B2CB9B4CE3F1C4D4531CC288F632",
"obj/Aimmy2_edfhwglp_wpftmp.csproj.nuget.dgspec.json","Custom-only","Build-or-runtime-review","5069",,"9657F89C461DD1C17D90D80EBDCAA0A26D750A2C8AF4345275BDB4481538204E",
"obj/Aimmy2_edfhwglp_wpftmp.csproj.nuget.g.props","Custom-only","Build-or-runtime-review","17052",,"E2E780CA4376812D5F1B65D51EA1D42B3518C759E1749CFBDA5EE2615D62E186",
"obj/Aimmy2_edfhwglp_wpftmp.csproj.nuget.g.targets","Custom-only","Build-or-runtime-review","1815",,"94149039A7E647D5114D38D215A24CA8CD53B2CB9B4CE3F1C4D4531CC288F632",
"obj/Aimmy2_ehzbub3n_wpftmp.csproj.nuget.dgspec.json","Custom-only","Build-or-runtime-review","5135",,"3EE0247DFFAE417C00B587658D557ACEEF5714C09232447E0186DBAAD75388CB",
"obj/Aimmy2_ehzbub3n_wpftmp.csproj.nuget.g.props","Custom-only","Build-or-runtime-review","17052",,"E2E780CA4376812D5F1B65D51EA1D42B3518C759E1749CFBDA5EE2615D62E186",
"obj/Aimmy2_ehzbub3n_wpftmp.csproj.nuget.g.targets","Custom-only","Build-or-runtime-review","1815",,"94149039A7E647D5114D38D215A24CA8CD53B2CB9B4CE3F1C4D4531CC288F632",
"obj/Aimmy2_epdnv5oj_wpftmp.csproj.nuget.dgspec.json","Custom-only","Build-or-runtime-review","5969",,"C749831057FD2D04ED7381E2CA2E17226FAD6EA94D8E0ECC301D668E03252C3B",
"obj/Aimmy2_epdnv5oj_wpftmp.csproj.nuget.g.props","Custom-only","Build-or-runtime-review","17378",,"37F7213976307DC5180DCD7DE06F0213AFF6A8B83C3F0AC462E8DBEA9330FA12",
"obj/Aimmy2_epdnv5oj_wpftmp.csproj.nuget.g.targets","Custom-only","Build-or-runtime-review","1815",,"97143383948E468262436C00C97B464ECC0609FD700B27A6F722F7C75263BEA7",
"obj/Aimmy2_fhr5uno1_wpftmp.csproj.nuget.dgspec.json","Custom-only","Build-or-runtime-review","5135",,"E8C8635C0A294C1FA6A6BA1BB64ECB7DD62A2C863D77EA496A0FBD596FCEEEDA",
"obj/Aimmy2_fhr5uno1_wpftmp.csproj.nuget.g.props","Custom-only","Build-or-runtime-review","17052",,"E2E780CA4376812D5F1B65D51EA1D42B3518C759E1749CFBDA5EE2615D62E186",
"obj/Aimmy2_fhr5uno1_wpftmp.csproj.nuget.g.targets","Custom-only","Build-or-runtime-review","1815",,"94149039A7E647D5114D38D215A24CA8CD53B2CB9B4CE3F1C4D4531CC288F632",
"obj/Aimmy2_fk1pb4eg_wpftmp.csproj.nuget.dgspec.json","Custom-only","Build-or-runtime-review","5125",,"3A3D7A672FC9C703A1233B5B7547B2FF54AF2512822818BA355D5130D822D16C",
"obj/Aimmy2_fk1pb4eg_wpftmp.csproj.nuget.g.props","Custom-only","Build-or-runtime-review","17052",,"E2E780CA4376812D5F1B65D51EA1D42B3518C759E1749CFBDA5EE2615D62E186",
"obj/Aimmy2_fk1pb4eg_wpftmp.csproj.nuget.g.targets","Custom-only","Build-or-runtime-review","1815",,"94149039A7E647D5114D38D215A24CA8CD53B2CB9B4CE3F1C4D4531CC288F632",
"obj/Aimmy2_frrte1xg_wpftmp.csproj.nuget.dgspec.json","Custom-only","Build-or-runtime-review","5069",,"9657F89C461DD1C17D90D80EBDCAA0A26D750A2C8AF4345275BDB4481538204E",
"obj/Aimmy2_frrte1xg_wpftmp.csproj.nuget.g.props","Custom-only","Build-or-runtime-review","17052",,"E2E780CA4376812D5F1B65D51EA1D42B3518C759E1749CFBDA5EE2615D62E186",
"obj/Aimmy2_frrte1xg_wpftmp.csproj.nuget.g.targets","Custom-only","Build-or-runtime-review","1815",,"94149039A7E647D5114D38D215A24CA8CD53B2CB9B4CE3F1C4D4531CC288F632",
"obj/Aimmy2_gpt05j4y_wpftmp.csproj.nuget.dgspec.json","Custom-only","Build-or-runtime-review","5069",,"9657F89C461DD1C17D90D80EBDCAA0A26D750A2C8AF4345275BDB4481538204E",
"obj/Aimmy2_gpt05j4y_wpftmp.csproj.nuget.g.props","Custom-only","Build-or-runtime-review","17052",,"E2E780CA4376812D5F1B65D51EA1D42B3518C759E1749CFBDA5EE2615D62E186",
"obj/Aimmy2_gpt05j4y_wpftmp.csproj.nuget.g.targets","Custom-only","Build-or-runtime-review","1815",,"94149039A7E647D5114D38D215A24CA8CD53B2CB9B4CE3F1C4D4531CC288F632",
"obj/Aimmy2_hso2mawi_wpftmp.csproj.nuget.dgspec.json","Custom-only","Build-or-runtime-review","5798",,"66AA33C297D346CB36EFB75DA11E393D226B7FA2AA846AC6DBBB2DDCEC6D5CD6",
"obj/Aimmy2_hso2mawi_wpftmp.csproj.nuget.g.props","Custom-only","Build-or-runtime-review","17378",,"37F7213976307DC5180DCD7DE06F0213AFF6A8B83C3F0AC462E8DBEA9330FA12",
"obj/Aimmy2_hso2mawi_wpftmp.csproj.nuget.g.targets","Custom-only","Build-or-runtime-review","1815",,"97143383948E468262436C00C97B464ECC0609FD700B27A6F722F7C75263BEA7",
"obj/Aimmy2_jotxoozu_wpftmp.csproj.nuget.dgspec.json","Custom-only","Build-or-runtime-review","5069",,"9657F89C461DD1C17D90D80EBDCAA0A26D750A2C8AF4345275BDB4481538204E",
"obj/Aimmy2_jotxoozu_wpftmp.csproj.nuget.g.props","Custom-only","Build-or-runtime-review","17052",,"E2E780CA4376812D5F1B65D51EA1D42B3518C759E1749CFBDA5EE2615D62E186",
"obj/Aimmy2_jotxoozu_wpftmp.csproj.nuget.g.targets","Custom-only","Build-or-runtime-review","1815",,"94149039A7E647D5114D38D215A24CA8CD53B2CB9B4CE3F1C4D4531CC288F632",
"obj/Aimmy2_jvmkewph_wpftmp.csproj.nuget.dgspec.json","Custom-only","Build-or-runtime-review","5069",,"9657F89C461DD1C17D90D80EBDCAA0A26D750A2C8AF4345275BDB4481538204E",
"obj/Aimmy2_jvmkewph_wpftmp.csproj.nuget.g.props","Custom-only","Build-or-runtime-review","17052",,"E2E780CA4376812D5F1B65D51EA1D42B3518C759E1749CFBDA5EE2615D62E186",
"obj/Aimmy2_jvmkewph_wpftmp.csproj.nuget.g.targets","Custom-only","Build-or-runtime-review","1815",,"94149039A7E647D5114D38D215A24CA8CD53B2CB9B4CE3F1C4D4531CC288F632",
"obj/Aimmy2_k50xtcqk_wpftmp.csproj.nuget.dgspec.json","Custom-only","Build-or-runtime-review","5069",,"9657F89C461DD1C17D90D80EBDCAA0A26D750A2C8AF4345275BDB4481538204E",
"obj/Aimmy2_k50xtcqk_wpftmp.csproj.nuget.g.props","Custom-only","Build-or-runtime-review","17052",,"E2E780CA4376812D5F1B65D51EA1D42B3518C759E1749CFBDA5EE2615D62E186",
"obj/Aimmy2_k50xtcqk_wpftmp.csproj.nuget.g.targets","Custom-only","Build-or-runtime-review","1815",,"94149039A7E647D5114D38D215A24CA8CD53B2CB9B4CE3F1C4D4531CC288F632",
"obj/Aimmy2_lhq1f03l_wpftmp.csproj.nuget.dgspec.json","Custom-only","Build-or-runtime-review","5069",,"B442F8D79401BA3EB1D039832AE304D0A0A753690A480330D1F7051CE6D42085",
"obj/Aimmy2_lhq1f03l_wpftmp.csproj.nuget.g.props","Custom-only","Build-or-runtime-review","17052",,"E2E780CA4376812D5F1B65D51EA1D42B3518C759E1749CFBDA5EE2615D62E186",
"obj/Aimmy2_lhq1f03l_wpftmp.csproj.nuget.g.targets","Custom-only","Build-or-runtime-review","1815",,"94149039A7E647D5114D38D215A24CA8CD53B2CB9B4CE3F1C4D4531CC288F632",
"obj/Aimmy2_lohvnkmy_wpftmp.csproj.nuget.dgspec.json","Custom-only","Build-or-runtime-review","5069",,"B442F8D79401BA3EB1D039832AE304D0A0A753690A480330D1F7051CE6D42085",
"obj/Aimmy2_lohvnkmy_wpftmp.csproj.nuget.g.props","Custom-only","Build-or-runtime-review","17052",,"E2E780CA4376812D5F1B65D51EA1D42B3518C759E1749CFBDA5EE2615D62E186",
"obj/Aimmy2_lohvnkmy_wpftmp.csproj.nuget.g.targets","Custom-only","Build-or-runtime-review","1815",,"94149039A7E647D5114D38D215A24CA8CD53B2CB9B4CE3F1C4D4531CC288F632",
"obj/Aimmy2_mfuyfgmy_wpftmp.csproj.nuget.dgspec.json","Custom-only","Build-or-runtime-review","5110",,"6E0F3B8CC0CC5F0377224369AE9A6CE97DA06EBB4FEFCD92CDE8DDD502680560",
"obj/Aimmy2_mfuyfgmy_wpftmp.csproj.nuget.g.props","Custom-only","Build-or-runtime-review","17052",,"E2E780CA4376812D5F1B65D51EA1D42B3518C759E1749CFBDA5EE2615D62E186",
"obj/Aimmy2_mfuyfgmy_wpftmp.csproj.nuget.g.targets","Custom-only","Build-or-runtime-review","1815",,"94149039A7E647D5114D38D215A24CA8CD53B2CB9B4CE3F1C4D4531CC288F632",
"obj/Aimmy2_miwasacv_wpftmp.csproj.nuget.dgspec.json","Custom-only","Build-or-runtime-review","5969",,"C749831057FD2D04ED7381E2CA2E17226FAD6EA94D8E0ECC301D668E03252C3B",
"obj/Aimmy2_miwasacv_wpftmp.csproj.nuget.g.props","Custom-only","Build-or-runtime-review","17378",,"37F7213976307DC5180DCD7DE06F0213AFF6A8B83C3F0AC462E8DBEA9330FA12",
"obj/Aimmy2_miwasacv_wpftmp.csproj.nuget.g.targets","Custom-only","Build-or-runtime-review","1815",,"97143383948E468262436C00C97B464ECC0609FD700B27A6F722F7C75263BEA7",
"obj/Aimmy2_ngjhwzs1_wpftmp.csproj.nuget.dgspec.json","Custom-only","Build-or-runtime-review","5069",,"9657F89C461DD1C17D90D80EBDCAA0A26D750A2C8AF4345275BDB4481538204E",
"obj/Aimmy2_ngjhwzs1_wpftmp.csproj.nuget.g.props","Custom-only","Build-or-runtime-review","17052",,"E2E780CA4376812D5F1B65D51EA1D42B3518C759E1749CFBDA5EE2615D62E186",
"obj/Aimmy2_ngjhwzs1_wpftmp.csproj.nuget.g.targets","Custom-only","Build-or-runtime-review","1815",,"94149039A7E647D5114D38D215A24CA8CD53B2CB9B4CE3F1C4D4531CC288F632",
"obj/Aimmy2_oqd3nxre_wpftmp.csproj.nuget.dgspec.json","Custom-only","Build-or-runtime-review","5069",,"9657F89C461DD1C17D90D80EBDCAA0A26D750A2C8AF4345275BDB4481538204E",
"obj/Aimmy2_oqd3nxre_wpftmp.csproj.nuget.g.props","Custom-only","Build-or-runtime-review","17052",,"E2E780CA4376812D5F1B65D51EA1D42B3518C759E1749CFBDA5EE2615D62E186",
"obj/Aimmy2_oqd3nxre_wpftmp.csproj.nuget.g.targets","Custom-only","Build-or-runtime-review","1815",,"94149039A7E647D5114D38D215A24CA8CD53B2CB9B4CE3F1C4D4531CC288F632",
"obj/Aimmy2_p2ykdozr_wpftmp.csproj.nuget.dgspec.json","Custom-only","Build-or-runtime-review","5069",,"9657F89C461DD1C17D90D80EBDCAA0A26D750A2C8AF4345275BDB4481538204E",
"obj/Aimmy2_p2ykdozr_wpftmp.csproj.nuget.g.props","Custom-only","Build-or-runtime-review","17052",,"E2E780CA4376812D5F1B65D51EA1D42B3518C759E1749CFBDA5EE2615D62E186",
"obj/Aimmy2_p2ykdozr_wpftmp.csproj.nuget.g.targets","Custom-only","Build-or-runtime-review","1815",,"94149039A7E647D5114D38D215A24CA8CD53B2CB9B4CE3F1C4D4531CC288F632",
"obj/Aimmy2_pfjon3q2_wpftmp.csproj.nuget.dgspec.json","Custom-only","Build-or-runtime-review","5346",,"FC57E0035F14A41380CA607C82ABEF6D6ABF2D503A95285DF4CDBA385014C6A9",
"obj/Aimmy2_pfjon3q2_wpftmp.csproj.nuget.g.props","Custom-only","Build-or-runtime-review","17052",,"E2E780CA4376812D5F1B65D51EA1D42B3518C759E1749CFBDA5EE2615D62E186",
"obj/Aimmy2_pfjon3q2_wpftmp.csproj.nuget.g.targets","Custom-only","Build-or-runtime-review","1815",,"94149039A7E647D5114D38D215A24CA8CD53B2CB9B4CE3F1C4D4531CC288F632",
"obj/Aimmy2_plnqahrr_wpftmp.csproj.nuget.dgspec.json","Custom-only","Build-or-runtime-review","5346",,"FC57E0035F14A41380CA607C82ABEF6D6ABF2D503A95285DF4CDBA385014C6A9",
"obj/Aimmy2_plnqahrr_wpftmp.csproj.nuget.g.props","Custom-only","Build-or-runtime-review","17052",,"E2E780CA4376812D5F1B65D51EA1D42B3518C759E1749CFBDA5EE2615D62E186",
"obj/Aimmy2_plnqahrr_wpftmp.csproj.nuget.g.targets","Custom-only","Build-or-runtime-review","1815",,"94149039A7E647D5114D38D215A24CA8CD53B2CB9B4CE3F1C4D4531CC288F632",
"obj/Aimmy2_qexbxovy_wpftmp.csproj.nuget.dgspec.json","Custom-only","Build-or-runtime-review","5969",,"C749831057FD2D04ED7381E2CA2E17226FAD6EA94D8E0ECC301D668E03252C3B",
"obj/Aimmy2_qexbxovy_wpftmp.csproj.nuget.g.props","Custom-only","Build-or-runtime-review","17378",,"37F7213976307DC5180DCD7DE06F0213AFF6A8B83C3F0AC462E8DBEA9330FA12",
"obj/Aimmy2_qexbxovy_wpftmp.csproj.nuget.g.targets","Custom-only","Build-or-runtime-review","1815",,"97143383948E468262436C00C97B464ECC0609FD700B27A6F722F7C75263BEA7",
"obj/Aimmy2_qhh0dv4s_wpftmp.csproj.nuget.dgspec.json","Custom-only","Build-or-runtime-review","5969",,"C749831057FD2D04ED7381E2CA2E17226FAD6EA94D8E0ECC301D668E03252C3B",
"obj/Aimmy2_qhh0dv4s_wpftmp.csproj.nuget.g.props","Custom-only","Build-or-runtime-review","17378",,"37F7213976307DC5180DCD7DE06F0213AFF6A8B83C3F0AC462E8DBEA9330FA12",
"obj/Aimmy2_qhh0dv4s_wpftmp.csproj.nuget.g.targets","Custom-only","Build-or-runtime-review","1815",,"97143383948E468262436C00C97B464ECC0609FD700B27A6F722F7C75263BEA7",
"obj/Aimmy2_roe540sc_wpftmp.csproj.nuget.dgspec.json","Custom-only","Build-or-runtime-review","5346",,"FC57E0035F14A41380CA607C82ABEF6D6ABF2D503A95285DF4CDBA385014C6A9",
"obj/Aimmy2_roe540sc_wpftmp.csproj.nuget.g.props","Custom-only","Build-or-runtime-review","17052",,"E2E780CA4376812D5F1B65D51EA1D42B3518C759E1749CFBDA5EE2615D62E186",
"obj/Aimmy2_roe540sc_wpftmp.csproj.nuget.g.targets","Custom-only","Build-or-runtime-review","1815",,"94149039A7E647D5114D38D215A24CA8CD53B2CB9B4CE3F1C4D4531CC288F632",
"obj/Aimmy2_rwqdsfjw_wpftmp.csproj.nuget.dgspec.json","Custom-only","Build-or-runtime-review","5069",,"9657F89C461DD1C17D90D80EBDCAA0A26D750A2C8AF4345275BDB4481538204E",
"obj/Aimmy2_rwqdsfjw_wpftmp.csproj.nuget.g.props","Custom-only","Build-or-runtime-review","17052",,"E2E780CA4376812D5F1B65D51EA1D42B3518C759E1749CFBDA5EE2615D62E186",
"obj/Aimmy2_rwqdsfjw_wpftmp.csproj.nuget.g.targets","Custom-only","Build-or-runtime-review","1815",,"94149039A7E647D5114D38D215A24CA8CD53B2CB9B4CE3F1C4D4531CC288F632",
"obj/Aimmy2_socnt15t_wpftmp.csproj.nuget.dgspec.json","Custom-only","Build-or-runtime-review","5069",,"9657F89C461DD1C17D90D80EBDCAA0A26D750A2C8AF4345275BDB4481538204E",
"obj/Aimmy2_socnt15t_wpftmp.csproj.nuget.g.props","Custom-only","Build-or-runtime-review","17052",,"E2E780CA4376812D5F1B65D51EA1D42B3518C759E1749CFBDA5EE2615D62E186",
"obj/Aimmy2_socnt15t_wpftmp.csproj.nuget.g.targets","Custom-only","Build-or-runtime-review","1815",,"94149039A7E647D5114D38D215A24CA8CD53B2CB9B4CE3F1C4D4531CC288F632",
"obj/Aimmy2_ts1nkplv_wpftmp.csproj.nuget.dgspec.json","Custom-only","Build-or-runtime-review","5346",,"FC57E0035F14A41380CA607C82ABEF6D6ABF2D503A95285DF4CDBA385014C6A9",
"obj/Aimmy2_ts1nkplv_wpftmp.csproj.nuget.g.props","Custom-only","Build-or-runtime-review","17052",,"E2E780CA4376812D5F1B65D51EA1D42B3518C759E1749CFBDA5EE2615D62E186",
"obj/Aimmy2_ts1nkplv_wpftmp.csproj.nuget.g.targets","Custom-only","Build-or-runtime-review","1815",,"94149039A7E647D5114D38D215A24CA8CD53B2CB9B4CE3F1C4D4531CC288F632",
"obj/Aimmy2_u2l0zeqs_wpftmp.csproj.nuget.dgspec.json","Custom-only","Build-or-runtime-review","5110",,"6E0F3B8CC0CC5F0377224369AE9A6CE97DA06EBB4FEFCD92CDE8DDD502680560",
"obj/Aimmy2_u2l0zeqs_wpftmp.csproj.nuget.g.props","Custom-only","Build-or-runtime-review","17052",,"E2E780CA4376812D5F1B65D51EA1D42B3518C759E1749CFBDA5EE2615D62E186",
"obj/Aimmy2_u2l0zeqs_wpftmp.csproj.nuget.g.targets","Custom-only","Build-or-runtime-review","1815",,"94149039A7E647D5114D38D215A24CA8CD53B2CB9B4CE3F1C4D4531CC288F632",
"obj/Aimmy2_unoqu45m_wpftmp.csproj.nuget.dgspec.json","Custom-only","Build-or-runtime-review","5069",,"9657F89C461DD1C17D90D80EBDCAA0A26D750A2C8AF4345275BDB4481538204E",
"obj/Aimmy2_unoqu45m_wpftmp.csproj.nuget.g.props","Custom-only","Build-or-runtime-review","17052",,"E2E780CA4376812D5F1B65D51EA1D42B3518C759E1749CFBDA5EE2615D62E186",
"obj/Aimmy2_unoqu45m_wpftmp.csproj.nuget.g.targets","Custom-only","Build-or-runtime-review","1815",,"94149039A7E647D5114D38D215A24CA8CD53B2CB9B4CE3F1C4D4531CC288F632",
"obj/Aimmy2_uwza4bls_wpftmp.csproj.nuget.dgspec.json","Custom-only","Build-or-runtime-review","5069",,"B442F8D79401BA3EB1D039832AE304D0A0A753690A480330D1F7051CE6D42085",
"obj/Aimmy2_uwza4bls_wpftmp.csproj.nuget.g.props","Custom-only","Build-or-runtime-review","17052",,"E2E780CA4376812D5F1B65D51EA1D42B3518C759E1749CFBDA5EE2615D62E186",
"obj/Aimmy2_uwza4bls_wpftmp.csproj.nuget.g.targets","Custom-only","Build-or-runtime-review","1815",,"94149039A7E647D5114D38D215A24CA8CD53B2CB9B4CE3F1C4D4531CC288F632",
"obj/Aimmy2_vliiixpj_wpftmp.csproj.nuget.dgspec.json","Custom-only","Build-or-runtime-review","5069",,"9657F89C461DD1C17D90D80EBDCAA0A26D750A2C8AF4345275BDB4481538204E",
"obj/Aimmy2_vliiixpj_wpftmp.csproj.nuget.g.props","Custom-only","Build-or-runtime-review","17052",,"E2E780CA4376812D5F1B65D51EA1D42B3518C759E1749CFBDA5EE2615D62E186",
"obj/Aimmy2_vliiixpj_wpftmp.csproj.nuget.g.targets","Custom-only","Build-or-runtime-review","1815",,"94149039A7E647D5114D38D215A24CA8CD53B2CB9B4CE3F1C4D4531CC288F632",
"obj/Aimmy2_vnfuhj2y_wpftmp.csproj.nuget.dgspec.json","Custom-only","Build-or-runtime-review","5069",,"9657F89C461DD1C17D90D80EBDCAA0A26D750A2C8AF4345275BDB4481538204E",
"obj/Aimmy2_vnfuhj2y_wpftmp.csproj.nuget.g.props","Custom-only","Build-or-runtime-review","17052",,"E2E780CA4376812D5F1B65D51EA1D42B3518C759E1749CFBDA5EE2615D62E186",
"obj/Aimmy2_vnfuhj2y_wpftmp.csproj.nuget.g.targets","Custom-only","Build-or-runtime-review","1815",,"94149039A7E647D5114D38D215A24CA8CD53B2CB9B4CE3F1C4D4531CC288F632",
"obj/Aimmy2_weqbenvu_wpftmp.csproj.nuget.dgspec.json","Custom-only","Build-or-runtime-review","5069",,"9657F89C461DD1C17D90D80EBDCAA0A26D750A2C8AF4345275BDB4481538204E",
"obj/Aimmy2_weqbenvu_wpftmp.csproj.nuget.g.props","Custom-only","Build-or-runtime-review","17052",,"E2E780CA4376812D5F1B65D51EA1D42B3518C759E1749CFBDA5EE2615D62E186",
"obj/Aimmy2_weqbenvu_wpftmp.csproj.nuget.g.targets","Custom-only","Build-or-runtime-review","1815",,"94149039A7E647D5114D38D215A24CA8CD53B2CB9B4CE3F1C4D4531CC288F632",
"obj/Aimmy2_wi1bvitc_wpftmp.csproj.nuget.dgspec.json","Custom-only","Build-or-runtime-review","5069",,"9657F89C461DD1C17D90D80EBDCAA0A26D750A2C8AF4345275BDB4481538204E",
"obj/Aimmy2_wi1bvitc_wpftmp.csproj.nuget.g.props","Custom-only","Build-or-runtime-review","17052",,"E2E780CA4376812D5F1B65D51EA1D42B3518C759E1749CFBDA5EE2615D62E186",
"obj/Aimmy2_wi1bvitc_wpftmp.csproj.nuget.g.targets","Custom-only","Build-or-runtime-review","1815",,"94149039A7E647D5114D38D215A24CA8CD53B2CB9B4CE3F1C4D4531CC288F632",
"obj/Aimmy2_wlz5trnu_wpftmp.csproj.nuget.dgspec.json","Custom-only","Build-or-runtime-review","5125",,"3A3D7A672FC9C703A1233B5B7547B2FF54AF2512822818BA355D5130D822D16C",
"obj/Aimmy2_wlz5trnu_wpftmp.csproj.nuget.g.props","Custom-only","Build-or-runtime-review","17052",,"E2E780CA4376812D5F1B65D51EA1D42B3518C759E1749CFBDA5EE2615D62E186",
"obj/Aimmy2_wlz5trnu_wpftmp.csproj.nuget.g.targets","Custom-only","Build-or-runtime-review","1815",,"94149039A7E647D5114D38D215A24CA8CD53B2CB9B4CE3F1C4D4531CC288F632",
"obj/Aimmy2_wuy2ucat_wpftmp.csproj.nuget.dgspec.json","Custom-only","Build-or-runtime-review","5069",,"9657F89C461DD1C17D90D80EBDCAA0A26D750A2C8AF4345275BDB4481538204E",
"obj/Aimmy2_wuy2ucat_wpftmp.csproj.nuget.g.props","Custom-only","Build-or-runtime-review","17052",,"E2E780CA4376812D5F1B65D51EA1D42B3518C759E1749CFBDA5EE2615D62E186",
"obj/Aimmy2_wuy2ucat_wpftmp.csproj.nuget.g.targets","Custom-only","Build-or-runtime-review","1815",,"94149039A7E647D5114D38D215A24CA8CD53B2CB9B4CE3F1C4D4531CC288F632",
"obj/Aimmy2_wvyv5gzx_wpftmp.csproj.nuget.dgspec.json","Custom-only","Build-or-runtime-review","5069",,"9657F89C461DD1C17D90D80EBDCAA0A26D750A2C8AF4345275BDB4481538204E",
"obj/Aimmy2_wvyv5gzx_wpftmp.csproj.nuget.g.props","Custom-only","Build-or-runtime-review","17052",,"E2E780CA4376812D5F1B65D51EA1D42B3518C759E1749CFBDA5EE2615D62E186",
"obj/Aimmy2_wvyv5gzx_wpftmp.csproj.nuget.g.targets","Custom-only","Build-or-runtime-review","1815",,"94149039A7E647D5114D38D215A24CA8CD53B2CB9B4CE3F1C4D4531CC288F632",
"obj/Aimmy2_xnjvtvbc_wpftmp.csproj.nuget.dgspec.json","Custom-only","Build-or-runtime-review","5069",,"B442F8D79401BA3EB1D039832AE304D0A0A753690A480330D1F7051CE6D42085",
"obj/Aimmy2_xnjvtvbc_wpftmp.csproj.nuget.g.props","Custom-only","Build-or-runtime-review","17052",,"E2E780CA4376812D5F1B65D51EA1D42B3518C759E1749CFBDA5EE2615D62E186",
"obj/Aimmy2_xnjvtvbc_wpftmp.csproj.nuget.g.targets","Custom-only","Build-or-runtime-review","1815",,"94149039A7E647D5114D38D215A24CA8CD53B2CB9B4CE3F1C4D4531CC288F632",
"obj/Aimmy2_xpca0cjx_wpftmp.csproj.nuget.dgspec.json","Custom-only","Build-or-runtime-review","5135",,"2CE8F0800D26F924DAFB6198D57F8E6A8D46C8C1D06460D4A2A7DB6194E6F90A",
"obj/Aimmy2_xpca0cjx_wpftmp.csproj.nuget.g.props","Custom-only","Build-or-runtime-review","17052",,"E2E780CA4376812D5F1B65D51EA1D42B3518C759E1749CFBDA5EE2615D62E186",
"obj/Aimmy2_xpca0cjx_wpftmp.csproj.nuget.g.targets","Custom-only","Build-or-runtime-review","1815",,"94149039A7E647D5114D38D215A24CA8CD53B2CB9B4CE3F1C4D4531CC288F632",
"obj/Aimmy2_ylhhb4py_wpftmp.csproj.nuget.dgspec.json","Custom-only","Build-or-runtime-review","5354",,"0E57710CA1F3C4CC29F335EBADD1E209AD95AB38A2F864C30BCD872CD60EFE89",
"obj/Aimmy2_ylhhb4py_wpftmp.csproj.nuget.g.props","Custom-only","Build-or-runtime-review","17052",,"E2E780CA4376812D5F1B65D51EA1D42B3518C759E1749CFBDA5EE2615D62E186",
"obj/Aimmy2_ylhhb4py_wpftmp.csproj.nuget.g.targets","Custom-only","Build-or-runtime-review","1815",,"94149039A7E647D5114D38D215A24CA8CD53B2CB9B4CE3F1C4D4531CC288F632",
"obj/Aimmy2_yyjc1v0e_wpftmp.csproj.nuget.dgspec.json","Custom-only","Build-or-runtime-review","5069",,"9657F89C461DD1C17D90D80EBDCAA0A26D750A2C8AF4345275BDB4481538204E",
"obj/Aimmy2_yyjc1v0e_wpftmp.csproj.nuget.g.props","Custom-only","Build-or-runtime-review","17052",,"E2E780CA4376812D5F1B65D51EA1D42B3518C759E1749CFBDA5EE2615D62E186",
"obj/Aimmy2_yyjc1v0e_wpftmp.csproj.nuget.g.targets","Custom-only","Build-or-runtime-review","1815",,"94149039A7E647D5114D38D215A24CA8CD53B2CB9B4CE3F1C4D4531CC288F632",
"obj/Aimmy2_zs2dr22v_wpftmp.csproj.nuget.dgspec.json","Custom-only","Build-or-runtime-review","5069",,"9657F89C461DD1C17D90D80EBDCAA0A26D750A2C8AF4345275BDB4481538204E",
"obj/Aimmy2_zs2dr22v_wpftmp.csproj.nuget.g.props","Custom-only","Build-or-runtime-review","17052",,"E2E780CA4376812D5F1B65D51EA1D42B3518C759E1749CFBDA5EE2615D62E186",
"obj/Aimmy2_zs2dr22v_wpftmp.csproj.nuget.g.targets","Custom-only","Build-or-runtime-review","1815",,"94149039A7E647D5114D38D215A24CA8CD53B2CB9B4CE3F1C4D4531CC288F632",
"obj/Aimmy2.csproj.nuget.dgspec.json","Custom-only","Build-or-runtime-review","5969",,"C749831057FD2D04ED7381E2CA2E17226FAD6EA94D8E0ECC301D668E03252C3B",
"obj/Aimmy2.csproj.nuget.g.props","Custom-only","Build-or-runtime-review","17378",,"37F7213976307DC5180DCD7DE06F0213AFF6A8B83C3F0AC462E8DBEA9330FA12",
"obj/Aimmy2.csproj.nuget.g.targets","Custom-only","Build-or-runtime-review","1815",,"97143383948E468262436C00C97B464ECC0609FD700B27A6F722F7C75263BEA7",
"obj/Debug/net8.0-windows/.NETCoreApp,Version=v8.0.AssemblyAttributes.cs","Custom-only","Build-or-runtime-review","198",,"F7A5D9789C863625E139FF99E1113A503830F6B85A88F6129916DF83AC76B49E",
"obj/Debug/net8.0-windows/Aimmy2_04zikcgb_wpftmp.AssemblyInfo.cs","Custom-only","Build-or-runtime-review","1134",,"2F8C29215F674C512A34E86826AEF40C8ABD269B7C1C6D14D5B06E834B28541D",
"obj/Debug/net8.0-windows/Aimmy2_04zikcgb_wpftmp.AssemblyInfoInputs.cache","Custom-only","Build-or-runtime-review","66",,"1FED0A160B24DC1F879F46CA141E0188509F20AA0E1E75E0118772B9216E8C62",
"obj/Debug/net8.0-windows/Aimmy2_04zikcgb_wpftmp.assets.cache","Custom-only","Build-or-runtime-review","36246",,"C8B3CD199B89C93C7A7298217276CCBA4DB30FC263A88EF7D8943E6FCF528F30",
"obj/Debug/net8.0-windows/Aimmy2_04zikcgb_wpftmp.GeneratedMSBuildEditorConfig.editorconfig","Custom-only","Build-or-runtime-review","819",,"3DAC3D055227D868929ADA0C602D9735AD5C5322C2114692A00102C40CFDFAED",
"obj/Debug/net8.0-windows/Aimmy2_04zikcgb_wpftmp.GlobalUsings.g.cs","Custom-only","Build-or-runtime-review","183",,"FE45EA572AADFD1A9B54CF7251405CFA11B748CA88B034F06A724D49758CED2D",
"obj/Debug/net8.0-windows/Aimmy2_0hiajbgc_wpftmp.AssemblyInfo.cs","Custom-only","Build-or-runtime-review","1134",,"2F8C29215F674C512A34E86826AEF40C8ABD269B7C1C6D14D5B06E834B28541D",
"obj/Debug/net8.0-windows/Aimmy2_0hiajbgc_wpftmp.AssemblyInfoInputs.cache","Custom-only","Build-or-runtime-review","66",,"1FED0A160B24DC1F879F46CA141E0188509F20AA0E1E75E0118772B9216E8C62",
"obj/Debug/net8.0-windows/Aimmy2_0hiajbgc_wpftmp.assets.cache","Custom-only","Build-or-runtime-review","36246",,"C3A37ABBD99A8C9551E7C245B4970F0C087A00436980E7BCDCFD6B13DBD8BC78",
"obj/Debug/net8.0-windows/Aimmy2_0hiajbgc_wpftmp.GeneratedMSBuildEditorConfig.editorconfig","Custom-only","Build-or-runtime-review","1149",,"98176DAE78CCB53DDE88AC657DFBA4937F1E53EC93DE7CDC1361C7885FEA94A9",
"obj/Debug/net8.0-windows/Aimmy2_0hiajbgc_wpftmp.GlobalUsings.g.cs","Custom-only","Build-or-runtime-review","183",,"FE45EA572AADFD1A9B54CF7251405CFA11B748CA88B034F06A724D49758CED2D",
"obj/Debug/net8.0-windows/Aimmy2_0hpet0ak_wpftmp.AssemblyInfo.cs","Custom-only","Build-or-runtime-review","1134",,"2F8C29215F674C512A34E86826AEF40C8ABD269B7C1C6D14D5B06E834B28541D",
"obj/Debug/net8.0-windows/Aimmy2_0hpet0ak_wpftmp.AssemblyInfoInputs.cache","Custom-only","Build-or-runtime-review","66",,"1FED0A160B24DC1F879F46CA141E0188509F20AA0E1E75E0118772B9216E8C62",
"obj/Debug/net8.0-windows/Aimmy2_0hpet0ak_wpftmp.assets.cache","Custom-only","Build-or-runtime-review","36246",,"8A9307B0E94B571091AC94F2C3CE738ECE76F2A856A70A7CB2F5BD5E4CC17238",
"obj/Debug/net8.0-windows/Aimmy2_0hpet0ak_wpftmp.GeneratedMSBuildEditorConfig.editorconfig","Custom-only","Build-or-runtime-review","819",,"3EF9182B52BEC39BB699BFEDA752F9503391A74FEF47E0F28DE1EF6BBECF8217",
"obj/Debug/net8.0-windows/Aimmy2_0hpet0ak_wpftmp.GlobalUsings.g.cs","Custom-only","Build-or-runtime-review","183",,"FE45EA572AADFD1A9B54CF7251405CFA11B748CA88B034F06A724D49758CED2D",
"obj/Debug/net8.0-windows/Aimmy2_0ixb1se0_wpftmp.AssemblyInfo.cs","Custom-only","Build-or-runtime-review","1134",,"2F8C29215F674C512A34E86826AEF40C8ABD269B7C1C6D14D5B06E834B28541D",
"obj/Debug/net8.0-windows/Aimmy2_0ixb1se0_wpftmp.AssemblyInfoInputs.cache","Custom-only","Build-or-runtime-review","66",,"1FED0A160B24DC1F879F46CA141E0188509F20AA0E1E75E0118772B9216E8C62",
"obj/Debug/net8.0-windows/Aimmy2_0ixb1se0_wpftmp.assets.cache","Custom-only","Build-or-runtime-review","36246",,"AA3417CC2EF23C8661ED1259B90CB311452965FD373EE8752BF623FC11B9A983",
"obj/Debug/net8.0-windows/Aimmy2_0ixb1se0_wpftmp.GeneratedMSBuildEditorConfig.editorconfig","Custom-only","Build-or-runtime-review","1149",,"82A2A9623CDA906D56014E452685D4E9051AC711A515221145F7E6D01B7596D9",
"obj/Debug/net8.0-windows/Aimmy2_0ixb1se0_wpftmp.GlobalUsings.g.cs","Custom-only","Build-or-runtime-review","183",,"FE45EA572AADFD1A9B54CF7251405CFA11B748CA88B034F06A724D49758CED2D",
"obj/Debug/net8.0-windows/Aimmy2_0pzyth1j_wpftmp.AssemblyInfo.cs","Custom-only","Build-or-runtime-review","1134",,"2F8C29215F674C512A34E86826AEF40C8ABD269B7C1C6D14D5B06E834B28541D",
"obj/Debug/net8.0-windows/Aimmy2_0pzyth1j_wpftmp.AssemblyInfoInputs.cache","Custom-only","Build-or-runtime-review","66",,"1FED0A160B24DC1F879F46CA141E0188509F20AA0E1E75E0118772B9216E8C62",
"obj/Debug/net8.0-windows/Aimmy2_0pzyth1j_wpftmp.assets.cache","Custom-only","Build-or-runtime-review","36246",,"735800EC5052AD513E087BC2F70EA13FA954F41FF374A4E012FFF210E61EEE66",
"obj/Debug/net8.0-windows/Aimmy2_0pzyth1j_wpftmp.GeneratedMSBuildEditorConfig.editorconfig","Custom-only","Build-or-runtime-review","1149",,"98176DAE78CCB53DDE88AC657DFBA4937F1E53EC93DE7CDC1361C7885FEA94A9",
"obj/Debug/net8.0-windows/Aimmy2_0pzyth1j_wpftmp.GlobalUsings.g.cs","Custom-only","Build-or-runtime-review","183",,"FE45EA572AADFD1A9B54CF7251405CFA11B748CA88B034F06A724D49758CED2D",
"obj/Debug/net8.0-windows/Aimmy2_0yenrhku_wpftmp.AssemblyInfo.cs","Custom-only","Build-or-runtime-review","1134",,"2F8C29215F674C512A34E86826AEF40C8ABD269B7C1C6D14D5B06E834B28541D",
"obj/Debug/net8.0-windows/Aimmy2_0yenrhku_wpftmp.AssemblyInfoInputs.cache","Custom-only","Build-or-runtime-review","66",,"1FED0A160B24DC1F879F46CA141E0188509F20AA0E1E75E0118772B9216E8C62",
"obj/Debug/net8.0-windows/Aimmy2_0yenrhku_wpftmp.assets.cache","Custom-only","Build-or-runtime-review","36246",,"4F00DF03835AF3938703C1B3B8F273595CEBFF0BF4A5322F91215BD15C1F8079",
"obj/Debug/net8.0-windows/Aimmy2_0yenrhku_wpftmp.GeneratedMSBuildEditorConfig.editorconfig","Custom-only","Build-or-runtime-review","819",,"3EF9182B52BEC39BB699BFEDA752F9503391A74FEF47E0F28DE1EF6BBECF8217",
"obj/Debug/net8.0-windows/Aimmy2_0yenrhku_wpftmp.GlobalUsings.g.cs","Custom-only","Build-or-runtime-review","183",,"FE45EA572AADFD1A9B54CF7251405CFA11B748CA88B034F06A724D49758CED2D",
"obj/Debug/net8.0-windows/Aimmy2_100hr224_wpftmp.AssemblyInfo.cs","Custom-only","Build-or-runtime-review","1134",,"2F8C29215F674C512A34E86826AEF40C8ABD269B7C1C6D14D5B06E834B28541D",
"obj/Debug/net8.0-windows/Aimmy2_100hr224_wpftmp.AssemblyInfoInputs.cache","Custom-only","Build-or-runtime-review","66",,"1FED0A160B24DC1F879F46CA141E0188509F20AA0E1E75E0118772B9216E8C62",
"obj/Debug/net8.0-windows/Aimmy2_100hr224_wpftmp.assets.cache","Custom-only","Build-or-runtime-review","36246",,"521442448CDEA46021353FFD135EE336FEAFC02F57141EC01EA0D545761E68D8",
"obj/Debug/net8.0-windows/Aimmy2_100hr224_wpftmp.GeneratedMSBuildEditorConfig.editorconfig","Custom-only","Build-or-runtime-review","819",,"3DAC3D055227D868929ADA0C602D9735AD5C5322C2114692A00102C40CFDFAED",
"obj/Debug/net8.0-windows/Aimmy2_100hr224_wpftmp.GlobalUsings.g.cs","Custom-only","Build-or-runtime-review","183",,"FE45EA572AADFD1A9B54CF7251405CFA11B748CA88B034F06A724D49758CED2D",
"obj/Debug/net8.0-windows/Aimmy2_103pkzmx_wpftmp.AssemblyInfo.cs","Custom-only","Build-or-runtime-review","1134",,"2F8C29215F674C512A34E86826AEF40C8ABD269B7C1C6D14D5B06E834B28541D",
"obj/Debug/net8.0-windows/Aimmy2_103pkzmx_wpftmp.AssemblyInfoInputs.cache","Custom-only","Build-or-runtime-review","66",,"1FED0A160B24DC1F879F46CA141E0188509F20AA0E1E75E0118772B9216E8C62",
"obj/Debug/net8.0-windows/Aimmy2_103pkzmx_wpftmp.assets.cache","Custom-only","Build-or-runtime-review","36246",,"6F8D21678DFC15569AED8A46E4E168227871FE25E7897136FF1F75A704FE80E2",
"obj/Debug/net8.0-windows/Aimmy2_103pkzmx_wpftmp.GeneratedMSBuildEditorConfig.editorconfig","Custom-only","Build-or-runtime-review","819",,"3EF9182B52BEC39BB699BFEDA752F9503391A74FEF47E0F28DE1EF6BBECF8217",
"obj/Debug/net8.0-windows/Aimmy2_103pkzmx_wpftmp.GlobalUsings.g.cs","Custom-only","Build-or-runtime-review","183",,"FE45EA572AADFD1A9B54CF7251405CFA11B748CA88B034F06A724D49758CED2D",
"obj/Debug/net8.0-windows/Aimmy2_1djjs4gd_wpftmp.AssemblyInfo.cs","Custom-only","Build-or-runtime-review","1134",,"2F8C29215F674C512A34E86826AEF40C8ABD269B7C1C6D14D5B06E834B28541D",
"obj/Debug/net8.0-windows/Aimmy2_1djjs4gd_wpftmp.AssemblyInfoInputs.cache","Custom-only","Build-or-runtime-review","66",,"1FED0A160B24DC1F879F46CA141E0188509F20AA0E1E75E0118772B9216E8C62",
"obj/Debug/net8.0-windows/Aimmy2_1djjs4gd_wpftmp.assets.cache","Custom-only","Build-or-runtime-review","36246",,"5529947301AE4F5EBA0E8EA4B04F317E9ADC0938DF6662ED0BCAFB32A4C485A8",
"obj/Debug/net8.0-windows/Aimmy2_1djjs4gd_wpftmp.GeneratedMSBuildEditorConfig.editorconfig","Custom-only","Build-or-runtime-review","819",,"3EF9182B52BEC39BB699BFEDA752F9503391A74FEF47E0F28DE1EF6BBECF8217",
"obj/Debug/net8.0-windows/Aimmy2_1djjs4gd_wpftmp.GlobalUsings.g.cs","Custom-only","Build-or-runtime-review","183",,"FE45EA572AADFD1A9B54CF7251405CFA11B748CA88B034F06A724D49758CED2D",
"obj/Debug/net8.0-windows/Aimmy2_1iouhsxw_wpftmp.AssemblyInfo.cs","Custom-only","Build-or-runtime-review","1134",,"2F8C29215F674C512A34E86826AEF40C8ABD269B7C1C6D14D5B06E834B28541D",
"obj/Debug/net8.0-windows/Aimmy2_1iouhsxw_wpftmp.AssemblyInfoInputs.cache","Custom-only","Build-or-runtime-review","66",,"1FED0A160B24DC1F879F46CA141E0188509F20AA0E1E75E0118772B9216E8C62",
"obj/Debug/net8.0-windows/Aimmy2_1iouhsxw_wpftmp.assets.cache","Custom-only","Build-or-runtime-review","36246",,"EE94407C7636F5CA797C6EAE9423A047E8C72B97BF5ACFF7128F41DA38F8D17D",
"obj/Debug/net8.0-windows/Aimmy2_1iouhsxw_wpftmp.GeneratedMSBuildEditorConfig.editorconfig","Custom-only","Build-or-runtime-review","819",,"3DAC3D055227D868929ADA0C602D9735AD5C5322C2114692A00102C40CFDFAED",
"obj/Debug/net8.0-windows/Aimmy2_1iouhsxw_wpftmp.GlobalUsings.g.cs","Custom-only","Build-or-runtime-review","183",,"FE45EA572AADFD1A9B54CF7251405CFA11B748CA88B034F06A724D49758CED2D",
"obj/Debug/net8.0-windows/Aimmy2_1n2dsuxe_wpftmp.AssemblyInfo.cs","Custom-only","Build-or-runtime-review","1134",,"2F8C29215F674C512A34E86826AEF40C8ABD269B7C1C6D14D5B06E834B28541D",
"obj/Debug/net8.0-windows/Aimmy2_1n2dsuxe_wpftmp.AssemblyInfoInputs.cache","Custom-only","Build-or-runtime-review","66",,"1FED0A160B24DC1F879F46CA141E0188509F20AA0E1E75E0118772B9216E8C62",
"obj/Debug/net8.0-windows/Aimmy2_1n2dsuxe_wpftmp.assets.cache","Custom-only","Build-or-runtime-review","36246",,"D31DE5411B983B88BE3EA8E156D624A73A1E34FDE3314987E864C336029DFCDA",
"obj/Debug/net8.0-windows/Aimmy2_1n2dsuxe_wpftmp.GeneratedMSBuildEditorConfig.editorconfig","Custom-only","Build-or-runtime-review","819",,"3DAC3D055227D868929ADA0C602D9735AD5C5322C2114692A00102C40CFDFAED",
"obj/Debug/net8.0-windows/Aimmy2_1n2dsuxe_wpftmp.GlobalUsings.g.cs","Custom-only","Build-or-runtime-review","183",,"FE45EA572AADFD1A9B54CF7251405CFA11B748CA88B034F06A724D49758CED2D",
"obj/Debug/net8.0-windows/Aimmy2_1qv4kwss_wpftmp.AssemblyInfo.cs","Custom-only","Build-or-runtime-review","1134",,"2F8C29215F674C512A34E86826AEF40C8ABD269B7C1C6D14D5B06E834B28541D",
"obj/Debug/net8.0-windows/Aimmy2_1qv4kwss_wpftmp.AssemblyInfoInputs.cache","Custom-only","Build-or-runtime-review","66",,"1FED0A160B24DC1F879F46CA141E0188509F20AA0E1E75E0118772B9216E8C62",
"obj/Debug/net8.0-windows/Aimmy2_1qv4kwss_wpftmp.assets.cache","Custom-only","Build-or-runtime-review","36246",,"F9B84A1CCFA5EAAD6724EE08A5D456F8079AA7ED66C73B8761FC8EACAB94FE10",
"obj/Debug/net8.0-windows/Aimmy2_1qv4kwss_wpftmp.GeneratedMSBuildEditorConfig.editorconfig","Custom-only","Build-or-runtime-review","1149",,"98176DAE78CCB53DDE88AC657DFBA4937F1E53EC93DE7CDC1361C7885FEA94A9",
"obj/Debug/net8.0-windows/Aimmy2_1qv4kwss_wpftmp.GlobalUsings.g.cs","Custom-only","Build-or-runtime-review","183",,"FE45EA572AADFD1A9B54CF7251405CFA11B748CA88B034F06A724D49758CED2D",
"obj/Debug/net8.0-windows/Aimmy2_1tjejorr_wpftmp.AssemblyInfo.cs","Custom-only","Build-or-runtime-review","1134",,"2F8C29215F674C512A34E86826AEF40C8ABD269B7C1C6D14D5B06E834B28541D",
"obj/Debug/net8.0-windows/Aimmy2_1tjejorr_wpftmp.AssemblyInfoInputs.cache","Custom-only","Build-or-runtime-review","66",,"1FED0A160B24DC1F879F46CA141E0188509F20AA0E1E75E0118772B9216E8C62",
"obj/Debug/net8.0-windows/Aimmy2_1tjejorr_wpftmp.assets.cache","Custom-only","Build-or-runtime-review","36246",,"9514EC4EC08615F304DA93B5B026081978E6AE9968E56BB9165E427674BFE664",
"obj/Debug/net8.0-windows/Aimmy2_1tjejorr_wpftmp.GeneratedMSBuildEditorConfig.editorconfig","Custom-only","Build-or-runtime-review","819",,"3EF9182B52BEC39BB699BFEDA752F9503391A74FEF47E0F28DE1EF6BBECF8217",
"obj/Debug/net8.0-windows/Aimmy2_1tjejorr_wpftmp.GlobalUsings.g.cs","Custom-only","Build-or-runtime-review","183",,"FE45EA572AADFD1A9B54CF7251405CFA11B748CA88B034F06A724D49758CED2D",
"obj/Debug/net8.0-windows/Aimmy2_21jde5sm_wpftmp.AssemblyInfo.cs","Custom-only","Build-or-runtime-review","1134",,"2F8C29215F674C512A34E86826AEF40C8ABD269B7C1C6D14D5B06E834B28541D",
"obj/Debug/net8.0-windows/Aimmy2_21jde5sm_wpftmp.AssemblyInfoInputs.cache","Custom-only","Build-or-runtime-review","66",,"1FED0A160B24DC1F879F46CA141E0188509F20AA0E1E75E0118772B9216E8C62",
"obj/Debug/net8.0-windows/Aimmy2_21jde5sm_wpftmp.assets.cache","Custom-only","Build-or-runtime-review","36246",,"162587EC6A87E78E747718B3277FD9D7AE5A29C7030476B9A745019EA5461232",
"obj/Debug/net8.0-windows/Aimmy2_21jde5sm_wpftmp.GeneratedMSBuildEditorConfig.editorconfig","Custom-only","Build-or-runtime-review","819",,"3EF9182B52BEC39BB699BFEDA752F9503391A74FEF47E0F28DE1EF6BBECF8217",
"obj/Debug/net8.0-windows/Aimmy2_21jde5sm_wpftmp.GlobalUsings.g.cs","Custom-only","Build-or-runtime-review","183",,"FE45EA572AADFD1A9B54CF7251405CFA11B748CA88B034F06A724D49758CED2D",
"obj/Debug/net8.0-windows/Aimmy2_23td0q4e_wpftmp.AssemblyInfo.cs","Custom-only","Build-or-runtime-review","1134",,"2F8C29215F674C512A34E86826AEF40C8ABD269B7C1C6D14D5B06E834B28541D",
"obj/Debug/net8.0-windows/Aimmy2_23td0q4e_wpftmp.AssemblyInfoInputs.cache","Custom-only","Build-or-runtime-review","66",,"1FED0A160B24DC1F879F46CA141E0188509F20AA0E1E75E0118772B9216E8C62",
"obj/Debug/net8.0-windows/Aimmy2_23td0q4e_wpftmp.assets.cache","Custom-only","Build-or-runtime-review","36246",,"54D3453E24D1B156C29953B2A5DD52A3DBF7CF1AF92D6F92A746C00A007F5013",
"obj/Debug/net8.0-windows/Aimmy2_23td0q4e_wpftmp.GeneratedMSBuildEditorConfig.editorconfig","Custom-only","Build-or-runtime-review","1149",,"98176DAE78CCB53DDE88AC657DFBA4937F1E53EC93DE7CDC1361C7885FEA94A9",
"obj/Debug/net8.0-windows/Aimmy2_23td0q4e_wpftmp.GlobalUsings.g.cs","Custom-only","Build-or-runtime-review","183",,"FE45EA572AADFD1A9B54CF7251405CFA11B748CA88B034F06A724D49758CED2D",
"obj/Debug/net8.0-windows/Aimmy2_2oxd21ey_wpftmp.AssemblyInfo.cs","Custom-only","Build-or-runtime-review","1134",,"2F8C29215F674C512A34E86826AEF40C8ABD269B7C1C6D14D5B06E834B28541D",
"obj/Debug/net8.0-windows/Aimmy2_2oxd21ey_wpftmp.AssemblyInfoInputs.cache","Custom-only","Build-or-runtime-review","66",,"1FED0A160B24DC1F879F46CA141E0188509F20AA0E1E75E0118772B9216E8C62",
"obj/Debug/net8.0-windows/Aimmy2_2oxd21ey_wpftmp.assets.cache","Custom-only","Build-or-runtime-review","36246",,"54577D87B19D681A021136F2FD760504C47AD92070EF1C4E677FB66E4F14C0A1",
"obj/Debug/net8.0-windows/Aimmy2_2oxd21ey_wpftmp.GeneratedMSBuildEditorConfig.editorconfig","Custom-only","Build-or-runtime-review","1149",,"98176DAE78CCB53DDE88AC657DFBA4937F1E53EC93DE7CDC1361C7885FEA94A9",
"obj/Debug/net8.0-windows/Aimmy2_2oxd21ey_wpftmp.GlobalUsings.g.cs","Custom-only","Build-or-runtime-review","183",,"FE45EA572AADFD1A9B54CF7251405CFA11B748CA88B034F06A724D49758CED2D",
"obj/Debug/net8.0-windows/Aimmy2_2ta1njir_wpftmp.AssemblyInfo.cs","Custom-only","Build-or-runtime-review","1134",,"2F8C29215F674C512A34E86826AEF40C8ABD269B7C1C6D14D5B06E834B28541D",
"obj/Debug/net8.0-windows/Aimmy2_2ta1njir_wpftmp.AssemblyInfoInputs.cache","Custom-only","Build-or-runtime-review","66",,"1FED0A160B24DC1F879F46CA141E0188509F20AA0E1E75E0118772B9216E8C62",
"obj/Debug/net8.0-windows/Aimmy2_2ta1njir_wpftmp.assets.cache","Custom-only","Build-or-runtime-review","36246",,"435EEF0C5397ACF9F35E8CA49EACE7EB39B6900BCB2D3C63F3BFBC2D5923444A",
"obj/Debug/net8.0-windows/Aimmy2_2ta1njir_wpftmp.GeneratedMSBuildEditorConfig.editorconfig","Custom-only","Build-or-runtime-review","1149",,"98176DAE78CCB53DDE88AC657DFBA4937F1E53EC93DE7CDC1361C7885FEA94A9",
"obj/Debug/net8.0-windows/Aimmy2_2ta1njir_wpftmp.GlobalUsings.g.cs","Custom-only","Build-or-runtime-review","183",,"FE45EA572AADFD1A9B54CF7251405CFA11B748CA88B034F06A724D49758CED2D",
"obj/Debug/net8.0-windows/Aimmy2_2tt1z0u3_wpftmp.AssemblyInfo.cs","Custom-only","Build-or-runtime-review","1134",,"2F8C29215F674C512A34E86826AEF40C8ABD269B7C1C6D14D5B06E834B28541D",
"obj/Debug/net8.0-windows/Aimmy2_2tt1z0u3_wpftmp.AssemblyInfoInputs.cache","Custom-only","Build-or-runtime-review","66",,"1FED0A160B24DC1F879F46CA141E0188509F20AA0E1E75E0118772B9216E8C62",
"obj/Debug/net8.0-windows/Aimmy2_2tt1z0u3_wpftmp.assets.cache","Custom-only","Build-or-runtime-review","36246",,"AD69F11C9BCC6F126D47D51CBC3F53F9343494873B56C5375D63D8872B6870E9",
"obj/Debug/net8.0-windows/Aimmy2_2tt1z0u3_wpftmp.GeneratedMSBuildEditorConfig.editorconfig","Custom-only","Build-or-runtime-review","1149",,"98176DAE78CCB53DDE88AC657DFBA4937F1E53EC93DE7CDC1361C7885FEA94A9",
"obj/Debug/net8.0-windows/Aimmy2_2tt1z0u3_wpftmp.GlobalUsings.g.cs","Custom-only","Build-or-runtime-review","183",,"FE45EA572AADFD1A9B54CF7251405CFA11B748CA88B034F06A724D49758CED2D",
"obj/Debug/net8.0-windows/Aimmy2_314033ni_wpftmp.AssemblyInfo.cs","Custom-only","Build-or-runtime-review","1134",,"2F8C29215F674C512A34E86826AEF40C8ABD269B7C1C6D14D5B06E834B28541D",
"obj/Debug/net8.0-windows/Aimmy2_314033ni_wpftmp.AssemblyInfoInputs.cache","Custom-only","Build-or-runtime-review","66",,"1FED0A160B24DC1F879F46CA141E0188509F20AA0E1E75E0118772B9216E8C62",
"obj/Debug/net8.0-windows/Aimmy2_314033ni_wpftmp.assets.cache","Custom-only","Build-or-runtime-review","36246",,"4972252FB262EAC08E12B360FCD134EF979EB675C7EE0534DA2E5225B981BE94",
"obj/Debug/net8.0-windows/Aimmy2_314033ni_wpftmp.GeneratedMSBuildEditorConfig.editorconfig","Custom-only","Build-or-runtime-review","819",,"3EF9182B52BEC39BB699BFEDA752F9503391A74FEF47E0F28DE1EF6BBECF8217",
"obj/Debug/net8.0-windows/Aimmy2_314033ni_wpftmp.GlobalUsings.g.cs","Custom-only","Build-or-runtime-review","183",,"FE45EA572AADFD1A9B54CF7251405CFA11B748CA88B034F06A724D49758CED2D",
"obj/Debug/net8.0-windows/Aimmy2_3oppz0kr_wpftmp.AssemblyInfo.cs","Custom-only","Build-or-runtime-review","1134",,"2F8C29215F674C512A34E86826AEF40C8ABD269B7C1C6D14D5B06E834B28541D",
"obj/Debug/net8.0-windows/Aimmy2_3oppz0kr_wpftmp.AssemblyInfoInputs.cache","Custom-only","Build-or-runtime-review","66",,"1FED0A160B24DC1F879F46CA141E0188509F20AA0E1E75E0118772B9216E8C62",
"obj/Debug/net8.0-windows/Aimmy2_3oppz0kr_wpftmp.assets.cache","Custom-only","Build-or-runtime-review","36246",,"5CDBA9FCE1EE78AEEE992E77B1E4F57D008FCB15F398D215CFBA8A51538B413F",
"obj/Debug/net8.0-windows/Aimmy2_3oppz0kr_wpftmp.GeneratedMSBuildEditorConfig.editorconfig","Custom-only","Build-or-runtime-review","1149",,"98176DAE78CCB53DDE88AC657DFBA4937F1E53EC93DE7CDC1361C7885FEA94A9",
"obj/Debug/net8.0-windows/Aimmy2_3oppz0kr_wpftmp.GlobalUsings.g.cs","Custom-only","Build-or-runtime-review","183",,"FE45EA572AADFD1A9B54CF7251405CFA11B748CA88B034F06A724D49758CED2D",
"obj/Debug/net8.0-windows/Aimmy2_3sjj25eo_wpftmp.AssemblyInfo.cs","Custom-only","Build-or-runtime-review","1134",,"2F8C29215F674C512A34E86826AEF40C8ABD269B7C1C6D14D5B06E834B28541D",
"obj/Debug/net8.0-windows/Aimmy2_3sjj25eo_wpftmp.AssemblyInfoInputs.cache","Custom-only","Build-or-runtime-review","66",,"1FED0A160B24DC1F879F46CA141E0188509F20AA0E1E75E0118772B9216E8C62",
"obj/Debug/net8.0-windows/Aimmy2_3sjj25eo_wpftmp.assets.cache","Custom-only","Build-or-runtime-review","36246",,"DD556B2605F821761D6A41BB737FD59517E4F396D246C00249915FF2D4DDA592",
"obj/Debug/net8.0-windows/Aimmy2_3sjj25eo_wpftmp.GeneratedMSBuildEditorConfig.editorconfig","Custom-only","Build-or-runtime-review","819",,"3DAC3D055227D868929ADA0C602D9735AD5C5322C2114692A00102C40CFDFAED",
"obj/Debug/net8.0-windows/Aimmy2_3sjj25eo_wpftmp.GlobalUsings.g.cs","Custom-only","Build-or-runtime-review","183",,"FE45EA572AADFD1A9B54CF7251405CFA11B748CA88B034F06A724D49758CED2D",
"obj/Debug/net8.0-windows/Aimmy2_3tobdtxm_wpftmp.AssemblyInfo.cs","Custom-only","Build-or-runtime-review","1134",,"2F8C29215F674C512A34E86826AEF40C8ABD269B7C1C6D14D5B06E834B28541D",
"obj/Debug/net8.0-windows/Aimmy2_3tobdtxm_wpftmp.AssemblyInfoInputs.cache","Custom-only","Build-or-runtime-review","66",,"1FED0A160B24DC1F879F46CA141E0188509F20AA0E1E75E0118772B9216E8C62",
"obj/Debug/net8.0-windows/Aimmy2_3tobdtxm_wpftmp.assets.cache","Custom-only","Build-or-runtime-review","36246",,"3B3C19B831651B9A4960E61B0333C7E7BCF710084530F2CE6D1A4D76A4F3BC93",
"obj/Debug/net8.0-windows/Aimmy2_3tobdtxm_wpftmp.GeneratedMSBuildEditorConfig.editorconfig","Custom-only","Build-or-runtime-review","819",,"3EF9182B52BEC39BB699BFEDA752F9503391A74FEF47E0F28DE1EF6BBECF8217",
"obj/Debug/net8.0-windows/Aimmy2_3tobdtxm_wpftmp.GlobalUsings.g.cs","Custom-only","Build-or-runtime-review","183",,"FE45EA572AADFD1A9B54CF7251405CFA11B748CA88B034F06A724D49758CED2D",
"obj/Debug/net8.0-windows/Aimmy2_3vnnoess_wpftmp.AssemblyInfo.cs","Custom-only","Build-or-runtime-review","1134",,"2F8C29215F674C512A34E86826AEF40C8ABD269B7C1C6D14D5B06E834B28541D",
"obj/Debug/net8.0-windows/Aimmy2_3vnnoess_wpftmp.AssemblyInfoInputs.cache","Custom-only","Build-or-runtime-review","66",,"1FED0A160B24DC1F879F46CA141E0188509F20AA0E1E75E0118772B9216E8C62",
"obj/Debug/net8.0-windows/Aimmy2_3vnnoess_wpftmp.assets.cache","Custom-only","Build-or-runtime-review","36246",,"6B0BE90ACEF6CD47F38F784FD1D9A8C1D01100CCF93AE535FBB4BDF757A71200",
"obj/Debug/net8.0-windows/Aimmy2_3vnnoess_wpftmp.GeneratedMSBuildEditorConfig.editorconfig","Custom-only","Build-or-runtime-review","819",,"3EF9182B52BEC39BB699BFEDA752F9503391A74FEF47E0F28DE1EF6BBECF8217",
"obj/Debug/net8.0-windows/Aimmy2_3vnnoess_wpftmp.GlobalUsings.g.cs","Custom-only","Build-or-runtime-review","183",,"FE45EA572AADFD1A9B54CF7251405CFA11B748CA88B034F06A724D49758CED2D",
"obj/Debug/net8.0-windows/Aimmy2_42w1bbzn_wpftmp.AssemblyInfo.cs","Custom-only","Build-or-runtime-review","1134",,"2F8C29215F674C512A34E86826AEF40C8ABD269B7C1C6D14D5B06E834B28541D",
"obj/Debug/net8.0-windows/Aimmy2_42w1bbzn_wpftmp.AssemblyInfoInputs.cache","Custom-only","Build-or-runtime-review","66",,"1FED0A160B24DC1F879F46CA141E0188509F20AA0E1E75E0118772B9216E8C62",
"obj/Debug/net8.0-windows/Aimmy2_42w1bbzn_wpftmp.assets.cache","Custom-only","Build-or-runtime-review","36246",,"178A0D41AE47BAE4B6B265908D27F323843530AE5A111F92011A60BCA2037C07",
"obj/Debug/net8.0-windows/Aimmy2_42w1bbzn_wpftmp.GeneratedMSBuildEditorConfig.editorconfig","Custom-only","Build-or-runtime-review","819",,"3EF9182B52BEC39BB699BFEDA752F9503391A74FEF47E0F28DE1EF6BBECF8217",
"obj/Debug/net8.0-windows/Aimmy2_42w1bbzn_wpftmp.GlobalUsings.g.cs","Custom-only","Build-or-runtime-review","183",,"FE45EA572AADFD1A9B54CF7251405CFA11B748CA88B034F06A724D49758CED2D",
"obj/Debug/net8.0-windows/Aimmy2_44y2s2mq_wpftmp.AssemblyInfo.cs","Custom-only","Build-or-runtime-review","1134",,"2F8C29215F674C512A34E86826AEF40C8ABD269B7C1C6D14D5B06E834B28541D",
"obj/Debug/net8.0-windows/Aimmy2_44y2s2mq_wpftmp.AssemblyInfoInputs.cache","Custom-only","Build-or-runtime-review","66",,"1FED0A160B24DC1F879F46CA141E0188509F20AA0E1E75E0118772B9216E8C62",
"obj/Debug/net8.0-windows/Aimmy2_44y2s2mq_wpftmp.assets.cache","Custom-only","Build-or-runtime-review","36246",,"85254E8E754D57014372035F42FFC5939B1C8D921F3098953A23EB59A121F2CF",
"obj/Debug/net8.0-windows/Aimmy2_44y2s2mq_wpftmp.GeneratedMSBuildEditorConfig.editorconfig","Custom-only","Build-or-runtime-review","819",,"3EF9182B52BEC39BB699BFEDA752F9503391A74FEF47E0F28DE1EF6BBECF8217",
"obj/Debug/net8.0-windows/Aimmy2_44y2s2mq_wpftmp.GlobalUsings.g.cs","Custom-only","Build-or-runtime-review","183",,"FE45EA572AADFD1A9B54CF7251405CFA11B748CA88B034F06A724D49758CED2D",
"obj/Debug/net8.0-windows/Aimmy2_4cy0jalm_wpftmp.AssemblyInfo.cs","Custom-only","Build-or-runtime-review","1134",,"2F8C29215F674C512A34E86826AEF40C8ABD269B7C1C6D14D5B06E834B28541D",
"obj/Debug/net8.0-windows/Aimmy2_4cy0jalm_wpftmp.AssemblyInfoInputs.cache","Custom-only","Build-or-runtime-review","66",,"1FED0A160B24DC1F879F46CA141E0188509F20AA0E1E75E0118772B9216E8C62",
"obj/Debug/net8.0-windows/Aimmy2_4cy0jalm_wpftmp.assets.cache","Custom-only","Build-or-runtime-review","36246",,"BB3A5D0F5F4EF9DF71E79B75E57FB8EAB70BCCE4FFB3057B74751B09ECB4C1FA",
"obj/Debug/net8.0-windows/Aimmy2_4cy0jalm_wpftmp.GeneratedMSBuildEditorConfig.editorconfig","Custom-only","Build-or-runtime-review","819",,"3EF9182B52BEC39BB699BFEDA752F9503391A74FEF47E0F28DE1EF6BBECF8217",
"obj/Debug/net8.0-windows/Aimmy2_4cy0jalm_wpftmp.GlobalUsings.g.cs","Custom-only","Build-or-runtime-review","183",,"FE45EA572AADFD1A9B54CF7251405CFA11B748CA88B034F06A724D49758CED2D",
"obj/Debug/net8.0-windows/Aimmy2_4eqcqd1n_wpftmp.AssemblyInfo.cs","Custom-only","Build-or-runtime-review","1134",,"2F8C29215F674C512A34E86826AEF40C8ABD269B7C1C6D14D5B06E834B28541D",
"obj/Debug/net8.0-windows/Aimmy2_4eqcqd1n_wpftmp.AssemblyInfoInputs.cache","Custom-only","Build-or-runtime-review","66",,"1FED0A160B24DC1F879F46CA141E0188509F20AA0E1E75E0118772B9216E8C62",
"obj/Debug/net8.0-windows/Aimmy2_4eqcqd1n_wpftmp.assets.cache","Custom-only","Build-or-runtime-review","36246",,"17D8E29BE4A4BDEDA0E4935E624FD28B8621F96C69F703C5243DE694E3877C28",
"obj/Debug/net8.0-windows/Aimmy2_4eqcqd1n_wpftmp.GeneratedMSBuildEditorConfig.editorconfig","Custom-only","Build-or-runtime-review","819",,"3EF9182B52BEC39BB699BFEDA752F9503391A74FEF47E0F28DE1EF6BBECF8217",
"obj/Debug/net8.0-windows/Aimmy2_4eqcqd1n_wpftmp.GlobalUsings.g.cs","Custom-only","Build-or-runtime-review","183",,"FE45EA572AADFD1A9B54CF7251405CFA11B748CA88B034F06A724D49758CED2D",
"obj/Debug/net8.0-windows/Aimmy2_4ktc03xq_wpftmp.AssemblyInfo.cs","Custom-only","Build-or-runtime-review","1134",,"2F8C29215F674C512A34E86826AEF40C8ABD269B7C1C6D14D5B06E834B28541D",
"obj/Debug/net8.0-windows/Aimmy2_4ktc03xq_wpftmp.AssemblyInfoInputs.cache","Custom-only","Build-or-runtime-review","66",,"1FED0A160B24DC1F879F46CA141E0188509F20AA0E1E75E0118772B9216E8C62",
"obj/Debug/net8.0-windows/Aimmy2_4ktc03xq_wpftmp.assets.cache","Custom-only","Build-or-runtime-review","36246",,"F196F0E680C4B7EF704C88960C072319546FDC9C84AA2E3633C7E83734478A50",
"obj/Debug/net8.0-windows/Aimmy2_4ktc03xq_wpftmp.GeneratedMSBuildEditorConfig.editorconfig","Custom-only","Build-or-runtime-review","819",,"3EF9182B52BEC39BB699BFEDA752F9503391A74FEF47E0F28DE1EF6BBECF8217",
"obj/Debug/net8.0-windows/Aimmy2_4ktc03xq_wpftmp.GlobalUsings.g.cs","Custom-only","Build-or-runtime-review","183",,"FE45EA572AADFD1A9B54CF7251405CFA11B748CA88B034F06A724D49758CED2D",
"obj/Debug/net8.0-windows/Aimmy2_4rcfi5fx_wpftmp.AssemblyInfo.cs","Custom-only","Build-or-runtime-review","1134",,"2F8C29215F674C512A34E86826AEF40C8ABD269B7C1C6D14D5B06E834B28541D",
"obj/Debug/net8.0-windows/Aimmy2_4rcfi5fx_wpftmp.AssemblyInfoInputs.cache","Custom-only","Build-or-runtime-review","66",,"1FED0A160B24DC1F879F46CA141E0188509F20AA0E1E75E0118772B9216E8C62",
"obj/Debug/net8.0-windows/Aimmy2_4rcfi5fx_wpftmp.assets.cache","Custom-only","Build-or-runtime-review","36246",,"DD70A32A4217678E179DF4EBA710EF65666B4F09120E6DE0FC42AE817BFB4900",
"obj/Debug/net8.0-windows/Aimmy2_4rcfi5fx_wpftmp.GeneratedMSBuildEditorConfig.editorconfig","Custom-only","Build-or-runtime-review","819",,"3EF9182B52BEC39BB699BFEDA752F9503391A74FEF47E0F28DE1EF6BBECF8217",
"obj/Debug/net8.0-windows/Aimmy2_4rcfi5fx_wpftmp.GlobalUsings.g.cs","Custom-only","Build-or-runtime-review","183",,"FE45EA572AADFD1A9B54CF7251405CFA11B748CA88B034F06A724D49758CED2D",
"obj/Debug/net8.0-windows/Aimmy2_4rwezz0f_wpftmp.AssemblyInfo.cs","Custom-only","Build-or-runtime-review","1134",,"2F8C29215F674C512A34E86826AEF40C8ABD269B7C1C6D14D5B06E834B28541D",
"obj/Debug/net8.0-windows/Aimmy2_4rwezz0f_wpftmp.AssemblyInfoInputs.cache","Custom-only","Build-or-runtime-review","66",,"1FED0A160B24DC1F879F46CA141E0188509F20AA0E1E75E0118772B9216E8C62",
"obj/Debug/net8.0-windows/Aimmy2_4rwezz0f_wpftmp.assets.cache","Custom-only","Build-or-runtime-review","36246",,"0845C73B843791ED283B8A77F95A8E297E58EDF28E1D6C97F3E3D69C98A06FE6",
"obj/Debug/net8.0-windows/Aimmy2_4rwezz0f_wpftmp.GeneratedMSBuildEditorConfig.editorconfig","Custom-only","Build-or-runtime-review","1149",,"98176DAE78CCB53DDE88AC657DFBA4937F1E53EC93DE7CDC1361C7885FEA94A9",
"obj/Debug/net8.0-windows/Aimmy2_4rwezz0f_wpftmp.GlobalUsings.g.cs","Custom-only","Build-or-runtime-review","183",,"FE45EA572AADFD1A9B54CF7251405CFA11B748CA88B034F06A724D49758CED2D",
"obj/Debug/net8.0-windows/Aimmy2_4ul1lcwd_wpftmp.AssemblyInfo.cs","Custom-only","Build-or-runtime-review","1134",,"2F8C29215F674C512A34E86826AEF40C8ABD269B7C1C6D14D5B06E834B28541D",
"obj/Debug/net8.0-windows/Aimmy2_4ul1lcwd_wpftmp.AssemblyInfoInputs.cache","Custom-only","Build-or-runtime-review","66",,"1FED0A160B24DC1F879F46CA141E0188509F20AA0E1E75E0118772B9216E8C62",
"obj/Debug/net8.0-windows/Aimmy2_4ul1lcwd_wpftmp.assets.cache","Custom-only","Build-or-runtime-review","36246",,"22E04FF1153155671B4D06DA62504A26D480C343459E2A8E509BF72359D8AAC9",
"obj/Debug/net8.0-windows/Aimmy2_4ul1lcwd_wpftmp.GeneratedMSBuildEditorConfig.editorconfig","Custom-only","Build-or-runtime-review","819",,"3EF9182B52BEC39BB699BFEDA752F9503391A74FEF47E0F28DE1EF6BBECF8217",
"obj/Debug/net8.0-windows/Aimmy2_4ul1lcwd_wpftmp.GlobalUsings.g.cs","Custom-only","Build-or-runtime-review","183",,"FE45EA572AADFD1A9B54CF7251405CFA11B748CA88B034F06A724D49758CED2D",
"obj/Debug/net8.0-windows/Aimmy2_4vjgtazi_wpftmp.AssemblyInfo.cs","Custom-only","Build-or-runtime-review","1134",,"2F8C29215F674C512A34E86826AEF40C8ABD269B7C1C6D14D5B06E834B28541D",
"obj/Debug/net8.0-windows/Aimmy2_4vjgtazi_wpftmp.AssemblyInfoInputs.cache","Custom-only","Build-or-runtime-review","66",,"1FED0A160B24DC1F879F46CA141E0188509F20AA0E1E75E0118772B9216E8C62",
"obj/Debug/net8.0-windows/Aimmy2_4vjgtazi_wpftmp.assets.cache","Custom-only","Build-or-runtime-review","36246",,"D36AD473228DFE80C056510882628FA6D1C7F890636C92866A654909C78DF2A0",
"obj/Debug/net8.0-windows/Aimmy2_4vjgtazi_wpftmp.GeneratedMSBuildEditorConfig.editorconfig","Custom-only","Build-or-runtime-review","819",,"3EF9182B52BEC39BB699BFEDA752F9503391A74FEF47E0F28DE1EF6BBECF8217",
"obj/Debug/net8.0-windows/Aimmy2_4vjgtazi_wpftmp.GlobalUsings.g.cs","Custom-only","Build-or-runtime-review","183",,"FE45EA572AADFD1A9B54CF7251405CFA11B748CA88B034F06A724D49758CED2D",
"obj/Debug/net8.0-windows/Aimmy2_5bfgsoh4_wpftmp.AssemblyInfo.cs","Custom-only","Build-or-runtime-review","1134",,"2F8C29215F674C512A34E86826AEF40C8ABD269B7C1C6D14D5B06E834B28541D",
"obj/Debug/net8.0-windows/Aimmy2_5bfgsoh4_wpftmp.AssemblyInfoInputs.cache","Custom-only","Build-or-runtime-review","66",,"1FED0A160B24DC1F879F46CA141E0188509F20AA0E1E75E0118772B9216E8C62",
"obj/Debug/net8.0-windows/Aimmy2_5bfgsoh4_wpftmp.assets.cache","Custom-only","Build-or-runtime-review","36246",,"4B03B7CBF65A03C4AA276DDEF48DFD69651A416FAA4C2FD936CF95458FD4B6C1",
"obj/Debug/net8.0-windows/Aimmy2_5bfgsoh4_wpftmp.GeneratedMSBuildEditorConfig.editorconfig","Custom-only","Build-or-runtime-review","819",,"3EF9182B52BEC39BB699BFEDA752F9503391A74FEF47E0F28DE1EF6BBECF8217",
"obj/Debug/net8.0-windows/Aimmy2_5bfgsoh4_wpftmp.GlobalUsings.g.cs","Custom-only","Build-or-runtime-review","183",,"FE45EA572AADFD1A9B54CF7251405CFA11B748CA88B034F06A724D49758CED2D",
"obj/Debug/net8.0-windows/Aimmy2_5fj0qqyy_wpftmp.AssemblyInfo.cs","Custom-only","Build-or-runtime-review","1134",,"2F8C29215F674C512A34E86826AEF40C8ABD269B7C1C6D14D5B06E834B28541D",
"obj/Debug/net8.0-windows/Aimmy2_5fj0qqyy_wpftmp.AssemblyInfoInputs.cache","Custom-only","Build-or-runtime-review","66",,"1FED0A160B24DC1F879F46CA141E0188509F20AA0E1E75E0118772B9216E8C62",
"obj/Debug/net8.0-windows/Aimmy2_5fj0qqyy_wpftmp.assets.cache","Custom-only","Build-or-runtime-review","36246",,"EF362E0B9BEC0AA7A64CA18DC98A7D71BC3AC6C237BB87E80AC254AFA3CC4425",
"obj/Debug/net8.0-windows/Aimmy2_5fj0qqyy_wpftmp.GeneratedMSBuildEditorConfig.editorconfig","Custom-only","Build-or-runtime-review","1149",,"82A2A9623CDA906D56014E452685D4E9051AC711A515221145F7E6D01B7596D9",
"obj/Debug/net8.0-windows/Aimmy2_5fj0qqyy_wpftmp.GlobalUsings.g.cs","Custom-only","Build-or-runtime-review","183",,"FE45EA572AADFD1A9B54CF7251405CFA11B748CA88B034F06A724D49758CED2D",
"obj/Debug/net8.0-windows/Aimmy2_5qarmzuc_wpftmp.AssemblyInfo.cs","Custom-only","Build-or-runtime-review","1134",,"2F8C29215F674C512A34E86826AEF40C8ABD269B7C1C6D14D5B06E834B28541D",
"obj/Debug/net8.0-windows/Aimmy2_5qarmzuc_wpftmp.AssemblyInfoInputs.cache","Custom-only","Build-or-runtime-review","66",,"1FED0A160B24DC1F879F46CA141E0188509F20AA0E1E75E0118772B9216E8C62",
"obj/Debug/net8.0-windows/Aimmy2_5qarmzuc_wpftmp.assets.cache","Custom-only","Build-or-runtime-review","36246",,"8D08BCE49C7CC5521EE84DFEB27A4FBF579F57ABA2BCCEBC36B12E9DF841B59E",
"obj/Debug/net8.0-windows/Aimmy2_5qarmzuc_wpftmp.GeneratedMSBuildEditorConfig.editorconfig","Custom-only","Build-or-runtime-review","819",,"3EF9182B52BEC39BB699BFEDA752F9503391A74FEF47E0F28DE1EF6BBECF8217",
"obj/Debug/net8.0-windows/Aimmy2_5qarmzuc_wpftmp.GlobalUsings.g.cs","Custom-only","Build-or-runtime-review","183",,"FE45EA572AADFD1A9B54CF7251405CFA11B748CA88B034F06A724D49758CED2D",
"obj/Debug/net8.0-windows/Aimmy2_5qgfrpuu_wpftmp.AssemblyInfo.cs","Custom-only","Build-or-runtime-review","1134",,"2F8C29215F674C512A34E86826AEF40C8ABD269B7C1C6D14D5B06E834B28541D",
"obj/Debug/net8.0-windows/Aimmy2_5qgfrpuu_wpftmp.AssemblyInfoInputs.cache","Custom-only","Build-or-runtime-review","66",,"1FED0A160B24DC1F879F46CA141E0188509F20AA0E1E75E0118772B9216E8C62",
"obj/Debug/net8.0-windows/Aimmy2_5qgfrpuu_wpftmp.assets.cache","Custom-only","Build-or-runtime-review","36246",,"961E6CFF92AFD69982D60A7C92CE497237110EC791F8B917A1E796455DF89D65",
"obj/Debug/net8.0-windows/Aimmy2_5qgfrpuu_wpftmp.GeneratedMSBuildEditorConfig.editorconfig","Custom-only","Build-or-runtime-review","819",,"3EF9182B52BEC39BB699BFEDA752F9503391A74FEF47E0F28DE1EF6BBECF8217",
"obj/Debug/net8.0-windows/Aimmy2_5qgfrpuu_wpftmp.GlobalUsings.g.cs","Custom-only","Build-or-runtime-review","183",,"FE45EA572AADFD1A9B54CF7251405CFA11B748CA88B034F06A724D49758CED2D",
"obj/Debug/net8.0-windows/Aimmy2_5srb2lw3_wpftmp.AssemblyInfo.cs","Custom-only","Build-or-runtime-review","1134",,"2F8C29215F674C512A34E86826AEF40C8ABD269B7C1C6D14D5B06E834B28541D",
"obj/Debug/net8.0-windows/Aimmy2_5srb2lw3_wpftmp.AssemblyInfoInputs.cache","Custom-only","Build-or-runtime-review","66",,"1FED0A160B24DC1F879F46CA141E0188509F20AA0E1E75E0118772B9216E8C62",
"obj/Debug/net8.0-windows/Aimmy2_5srb2lw3_wpftmp.assets.cache","Custom-only","Build-or-runtime-review","36246",,"6AC418B3AC5C65FDD93C2C7DD3B5E73AB87F149AC03D52D7DA9B967E57617823",
"obj/Debug/net8.0-windows/Aimmy2_5srb2lw3_wpftmp.GeneratedMSBuildEditorConfig.editorconfig","Custom-only","Build-or-runtime-review","819",,"3EF9182B52BEC39BB699BFEDA752F9503391A74FEF47E0F28DE1EF6BBECF8217",
"obj/Debug/net8.0-windows/Aimmy2_5srb2lw3_wpftmp.GlobalUsings.g.cs","Custom-only","Build-or-runtime-review","183",,"FE45EA572AADFD1A9B54CF7251405CFA11B748CA88B034F06A724D49758CED2D",
"obj/Debug/net8.0-windows/Aimmy2_5ul2olyi_wpftmp.AssemblyInfo.cs","Custom-only","Build-or-runtime-review","1134",,"2F8C29215F674C512A34E86826AEF40C8ABD269B7C1C6D14D5B06E834B28541D",
"obj/Debug/net8.0-windows/Aimmy2_5ul2olyi_wpftmp.AssemblyInfoInputs.cache","Custom-only","Build-or-runtime-review","66",,"1FED0A160B24DC1F879F46CA141E0188509F20AA0E1E75E0118772B9216E8C62",
"obj/Debug/net8.0-windows/Aimmy2_5ul2olyi_wpftmp.assets.cache","Custom-only","Build-or-runtime-review","36246",,"BD89C96FA77DFF265C1898F82C0A11DA3A9F5143F4DEC6AB78DF937671B8476A",
"obj/Debug/net8.0-windows/Aimmy2_5ul2olyi_wpftmp.GeneratedMSBuildEditorConfig.editorconfig","Custom-only","Build-or-runtime-review","819",,"3EF9182B52BEC39BB699BFEDA752F9503391A74FEF47E0F28DE1EF6BBECF8217",
"obj/Debug/net8.0-windows/Aimmy2_5ul2olyi_wpftmp.GlobalUsings.g.cs","Custom-only","Build-or-runtime-review","183",,"FE45EA572AADFD1A9B54CF7251405CFA11B748CA88B034F06A724D49758CED2D",
"obj/Debug/net8.0-windows/Aimmy2_a24rwopi_wpftmp.AssemblyInfo.cs","Custom-only","Build-or-runtime-review","1134",,"2F8C29215F674C512A34E86826AEF40C8ABD269B7C1C6D14D5B06E834B28541D",
"obj/Debug/net8.0-windows/Aimmy2_a24rwopi_wpftmp.AssemblyInfoInputs.cache","Custom-only","Build-or-runtime-review","66",,"1FED0A160B24DC1F879F46CA141E0188509F20AA0E1E75E0118772B9216E8C62",
"obj/Debug/net8.0-windows/Aimmy2_a24rwopi_wpftmp.assets.cache","Custom-only","Build-or-runtime-review","36246",,"0E83D2C95EB01BB3E1527A8FF5B79ABC1A900BAB22F663491030736821168590",
"obj/Debug/net8.0-windows/Aimmy2_a24rwopi_wpftmp.GeneratedMSBuildEditorConfig.editorconfig","Custom-only","Build-or-runtime-review","819",,"3EF9182B52BEC39BB699BFEDA752F9503391A74FEF47E0F28DE1EF6BBECF8217",
"obj/Debug/net8.0-windows/Aimmy2_a24rwopi_wpftmp.GlobalUsings.g.cs","Custom-only","Build-or-runtime-review","183",,"FE45EA572AADFD1A9B54CF7251405CFA11B748CA88B034F06A724D49758CED2D",
"obj/Debug/net8.0-windows/Aimmy2_abtrknwn_wpftmp.AssemblyInfo.cs","Custom-only","Build-or-runtime-review","1134",,"2F8C29215F674C512A34E86826AEF40C8ABD269B7C1C6D14D5B06E834B28541D",
"obj/Debug/net8.0-windows/Aimmy2_abtrknwn_wpftmp.AssemblyInfoInputs.cache","Custom-only","Build-or-runtime-review","66",,"1FED0A160B24DC1F879F46CA141E0188509F20AA0E1E75E0118772B9216E8C62",
"obj/Debug/net8.0-windows/Aimmy2_abtrknwn_wpftmp.assets.cache","Custom-only","Build-or-runtime-review","36246",,"59925A08D21B4EDD6464B42B2325D46DBA141E5C23E110DD20AC215981B08813",
"obj/Debug/net8.0-windows/Aimmy2_abtrknwn_wpftmp.GeneratedMSBuildEditorConfig.editorconfig","Custom-only","Build-or-runtime-review","819",,"3DAC3D055227D868929ADA0C602D9735AD5C5322C2114692A00102C40CFDFAED",
"obj/Debug/net8.0-windows/Aimmy2_abtrknwn_wpftmp.GlobalUsings.g.cs","Custom-only","Build-or-runtime-review","183",,"FE45EA572AADFD1A9B54CF7251405CFA11B748CA88B034F06A724D49758CED2D",
"obj/Debug/net8.0-windows/Aimmy2_acqorgms_wpftmp.AssemblyInfo.cs","Custom-only","Build-or-runtime-review","1134",,"2F8C29215F674C512A34E86826AEF40C8ABD269B7C1C6D14D5B06E834B28541D",
"obj/Debug/net8.0-windows/Aimmy2_acqorgms_wpftmp.AssemblyInfoInputs.cache","Custom-only","Build-or-runtime-review","66",,"1FED0A160B24DC1F879F46CA141E0188509F20AA0E1E75E0118772B9216E8C62",
"obj/Debug/net8.0-windows/Aimmy2_acqorgms_wpftmp.assets.cache","Custom-only","Build-or-runtime-review","36246",,"72924395A0C802121CD66461C1F6B725C20D9CA705C6E315F3CAA0E3BFDB920E",
"obj/Debug/net8.0-windows/Aimmy2_acqorgms_wpftmp.GeneratedMSBuildEditorConfig.editorconfig","Custom-only","Build-or-runtime-review","819",,"3EF9182B52BEC39BB699BFEDA752F9503391A74FEF47E0F28DE1EF6BBECF8217",
"obj/Debug/net8.0-windows/Aimmy2_acqorgms_wpftmp.GlobalUsings.g.cs","Custom-only","Build-or-runtime-review","183",,"FE45EA572AADFD1A9B54CF7251405CFA11B748CA88B034F06A724D49758CED2D",
"obj/Debug/net8.0-windows/Aimmy2_adctqnhn_wpftmp.AssemblyInfo.cs","Custom-only","Build-or-runtime-review","1134",,"2F8C29215F674C512A34E86826AEF40C8ABD269B7C1C6D14D5B06E834B28541D",
"obj/Debug/net8.0-windows/Aimmy2_adctqnhn_wpftmp.AssemblyInfoInputs.cache","Custom-only","Build-or-runtime-review","66",,"1FED0A160B24DC1F879F46CA141E0188509F20AA0E1E75E0118772B9216E8C62",
"obj/Debug/net8.0-windows/Aimmy2_adctqnhn_wpftmp.assets.cache","Custom-only","Build-or-runtime-review","36246",,"E470696DC5745E8F0DBE695AEFA31D6B0EB59D1A3088D6A15AE56F48C2C18094",
"obj/Debug/net8.0-windows/Aimmy2_adctqnhn_wpftmp.GeneratedMSBuildEditorConfig.editorconfig","Custom-only","Build-or-runtime-review","819",,"3EF9182B52BEC39BB699BFEDA752F9503391A74FEF47E0F28DE1EF6BBECF8217",
"obj/Debug/net8.0-windows/Aimmy2_adctqnhn_wpftmp.GlobalUsings.g.cs","Custom-only","Build-or-runtime-review","183",,"FE45EA572AADFD1A9B54CF7251405CFA11B748CA88B034F06A724D49758CED2D",
"obj/Debug/net8.0-windows/Aimmy2_afzsx5rb_wpftmp.AssemblyInfo.cs","Custom-only","Build-or-runtime-review","1134",,"2F8C29215F674C512A34E86826AEF40C8ABD269B7C1C6D14D5B06E834B28541D",
"obj/Debug/net8.0-windows/Aimmy2_afzsx5rb_wpftmp.AssemblyInfoInputs.cache","Custom-only","Build-or-runtime-review","66",,"1FED0A160B24DC1F879F46CA141E0188509F20AA0E1E75E0118772B9216E8C62",
"obj/Debug/net8.0-windows/Aimmy2_afzsx5rb_wpftmp.assets.cache","Custom-only","Build-or-runtime-review","36246",,"334DF3C5AAD746D7D0E488DC8ED5B96A0BA3602072B00415FC250583424873F9",
"obj/Debug/net8.0-windows/Aimmy2_afzsx5rb_wpftmp.GeneratedMSBuildEditorConfig.editorconfig","Custom-only","Build-or-runtime-review","819",,"3EF9182B52BEC39BB699BFEDA752F9503391A74FEF47E0F28DE1EF6BBECF8217",
"obj/Debug/net8.0-windows/Aimmy2_afzsx5rb_wpftmp.GlobalUsings.g.cs","Custom-only","Build-or-runtime-review","183",,"FE45EA572AADFD1A9B54CF7251405CFA11B748CA88B034F06A724D49758CED2D",
"obj/Debug/net8.0-windows/Aimmy2_ai044sfs_wpftmp.AssemblyInfo.cs","Custom-only","Build-or-runtime-review","1134",,"2F8C29215F674C512A34E86826AEF40C8ABD269B7C1C6D14D5B06E834B28541D",
"obj/Debug/net8.0-windows/Aimmy2_ai044sfs_wpftmp.AssemblyInfoInputs.cache","Custom-only","Build-or-runtime-review","66",,"1FED0A160B24DC1F879F46CA141E0188509F20AA0E1E75E0118772B9216E8C62",
"obj/Debug/net8.0-windows/Aimmy2_ai044sfs_wpftmp.assets.cache","Custom-only","Build-or-runtime-review","36246",,"D04C0F1FF079427923BE8140BEBAD2200FD599F6599620200BC5D4CD6EEE5458",
"obj/Debug/net8.0-windows/Aimmy2_ai044sfs_wpftmp.GeneratedMSBuildEditorConfig.editorconfig","Custom-only","Build-or-runtime-review","819",,"3EF9182B52BEC39BB699BFEDA752F9503391A74FEF47E0F28DE1EF6BBECF8217",
"obj/Debug/net8.0-windows/Aimmy2_ai044sfs_wpftmp.GlobalUsings.g.cs","Custom-only","Build-or-runtime-review","183",,"FE45EA572AADFD1A9B54CF7251405CFA11B748CA88B034F06A724D49758CED2D",
"obj/Debug/net8.0-windows/Aimmy2_ao133kxy_wpftmp.AssemblyInfo.cs","Custom-only","Build-or-runtime-review","1134",,"2F8C29215F674C512A34E86826AEF40C8ABD269B7C1C6D14D5B06E834B28541D",
"obj/Debug/net8.0-windows/Aimmy2_ao133kxy_wpftmp.AssemblyInfoInputs.cache","Custom-only","Build-or-runtime-review","66",,"1FED0A160B24DC1F879F46CA141E0188509F20AA0E1E75E0118772B9216E8C62",
"obj/Debug/net8.0-windows/Aimmy2_ao133kxy_wpftmp.assets.cache","Custom-only","Build-or-runtime-review","36246",,"9EC623F0E4B4733A983005B0C5746D45054640905EADD4C41C20D7B26A56B569",
"obj/Debug/net8.0-windows/Aimmy2_ao133kxy_wpftmp.GeneratedMSBuildEditorConfig.editorconfig","Custom-only","Build-or-runtime-review","819",,"3EF9182B52BEC39BB699BFEDA752F9503391A74FEF47E0F28DE1EF6BBECF8217",
"obj/Debug/net8.0-windows/Aimmy2_ao133kxy_wpftmp.GlobalUsings.g.cs","Custom-only","Build-or-runtime-review","183",,"FE45EA572AADFD1A9B54CF7251405CFA11B748CA88B034F06A724D49758CED2D",
"obj/Debug/net8.0-windows/Aimmy2_asfbh5p1_wpftmp.AssemblyInfo.cs","Custom-only","Build-or-runtime-review","1134",,"2F8C29215F674C512A34E86826AEF40C8ABD269B7C1C6D14D5B06E834B28541D",
"obj/Debug/net8.0-windows/Aimmy2_asfbh5p1_wpftmp.AssemblyInfoInputs.cache","Custom-only","Build-or-runtime-review","66",,"1FED0A160B24DC1F879F46CA141E0188509F20AA0E1E75E0118772B9216E8C62",
"obj/Debug/net8.0-windows/Aimmy2_asfbh5p1_wpftmp.assets.cache","Custom-only","Build-or-runtime-review","36246",,"399AA68BCDBA18857C4F7B2C415A8A22B5E78CF6A2FEE4A5C9BFE83208FC93E3",
"obj/Debug/net8.0-windows/Aimmy2_asfbh5p1_wpftmp.GeneratedMSBuildEditorConfig.editorconfig","Custom-only","Build-or-runtime-review","1149",,"98176DAE78CCB53DDE88AC657DFBA4937F1E53EC93DE7CDC1361C7885FEA94A9",
"obj/Debug/net8.0-windows/Aimmy2_asfbh5p1_wpftmp.GlobalUsings.g.cs","Custom-only","Build-or-runtime-review","183",,"FE45EA572AADFD1A9B54CF7251405CFA11B748CA88B034F06A724D49758CED2D",
"obj/Debug/net8.0-windows/Aimmy2_au1xnijz_wpftmp.AssemblyInfo.cs","Custom-only","Build-or-runtime-review","1134",,"2F8C29215F674C512A34E86826AEF40C8ABD269B7C1C6D14D5B06E834B28541D",
"obj/Debug/net8.0-windows/Aimmy2_au1xnijz_wpftmp.AssemblyInfoInputs.cache","Custom-only","Build-or-runtime-review","66",,"1FED0A160B24DC1F879F46CA141E0188509F20AA0E1E75E0118772B9216E8C62",
"obj/Debug/net8.0-windows/Aimmy2_au1xnijz_wpftmp.assets.cache","Custom-only","Build-or-runtime-review","36246",,"1229C111B8B11F161CEAB6AD24838DCA83220814C4656A082F6D89840CA7DE24",
"obj/Debug/net8.0-windows/Aimmy2_au1xnijz_wpftmp.GeneratedMSBuildEditorConfig.editorconfig","Custom-only","Build-or-runtime-review","1149",,"98176DAE78CCB53DDE88AC657DFBA4937F1E53EC93DE7CDC1361C7885FEA94A9",
"obj/Debug/net8.0-windows/Aimmy2_au1xnijz_wpftmp.GlobalUsings.g.cs","Custom-only","Build-or-runtime-review","183",,"FE45EA572AADFD1A9B54CF7251405CFA11B748CA88B034F06A724D49758CED2D",
"obj/Debug/net8.0-windows/Aimmy2_auw30prx_wpftmp.AssemblyInfo.cs","Custom-only","Build-or-runtime-review","1134",,"2F8C29215F674C512A34E86826AEF40C8ABD269B7C1C6D14D5B06E834B28541D",
"obj/Debug/net8.0-windows/Aimmy2_auw30prx_wpftmp.AssemblyInfoInputs.cache","Custom-only","Build-or-runtime-review","66",,"1FED0A160B24DC1F879F46CA141E0188509F20AA0E1E75E0118772B9216E8C62",
"obj/Debug/net8.0-windows/Aimmy2_auw30prx_wpftmp.assets.cache","Custom-only","Build-or-runtime-review","36246",,"340AC374F49B4334A544CC388A3A79EE8A9B4930524956D27F546BCC2F027598",
"obj/Debug/net8.0-windows/Aimmy2_auw30prx_wpftmp.GeneratedMSBuildEditorConfig.editorconfig","Custom-only","Build-or-runtime-review","819",,"3EF9182B52BEC39BB699BFEDA752F9503391A74FEF47E0F28DE1EF6BBECF8217",
"obj/Debug/net8.0-windows/Aimmy2_auw30prx_wpftmp.GlobalUsings.g.cs","Custom-only","Build-or-runtime-review","183",,"FE45EA572AADFD1A9B54CF7251405CFA11B748CA88B034F06A724D49758CED2D",
"obj/Debug/net8.0-windows/Aimmy2_bowiwpjk_wpftmp.AssemblyInfo.cs","Custom-only","Build-or-runtime-review","1134",,"2F8C29215F674C512A34E86826AEF40C8ABD269B7C1C6D14D5B06E834B28541D",
"obj/Debug/net8.0-windows/Aimmy2_bowiwpjk_wpftmp.AssemblyInfoInputs.cache","Custom-only","Build-or-runtime-review","66",,"1FED0A160B24DC1F879F46CA141E0188509F20AA0E1E75E0118772B9216E8C62",
"obj/Debug/net8.0-windows/Aimmy2_bowiwpjk_wpftmp.assets.cache","Custom-only","Build-or-runtime-review","36246",,"FA8B1AC2AA163961F9033918E75A14A19B08965EA08137C18F25D8A71A13AF56",
"obj/Debug/net8.0-windows/Aimmy2_bowiwpjk_wpftmp.GeneratedMSBuildEditorConfig.editorconfig","Custom-only","Build-or-runtime-review","1149",,"98176DAE78CCB53DDE88AC657DFBA4937F1E53EC93DE7CDC1361C7885FEA94A9",
"obj/Debug/net8.0-windows/Aimmy2_bowiwpjk_wpftmp.GlobalUsings.g.cs","Custom-only","Build-or-runtime-review","183",,"FE45EA572AADFD1A9B54CF7251405CFA11B748CA88B034F06A724D49758CED2D",
"obj/Debug/net8.0-windows/Aimmy2_bul2a43c_wpftmp.AssemblyInfo.cs","Custom-only","Build-or-runtime-review","1134",,"2F8C29215F674C512A34E86826AEF40C8ABD269B7C1C6D14D5B06E834B28541D",
"obj/Debug/net8.0-windows/Aimmy2_bul2a43c_wpftmp.AssemblyInfoInputs.cache","Custom-only","Build-or-runtime-review","66",,"1FED0A160B24DC1F879F46CA141E0188509F20AA0E1E75E0118772B9216E8C62",
"obj/Debug/net8.0-windows/Aimmy2_bul2a43c_wpftmp.assets.cache","Custom-only","Build-or-runtime-review","36246",,"6825263455967A2D7C064BC8F1181C83C2B1DF783AAA095E575D7E3145C3BD38",
"obj/Debug/net8.0-windows/Aimmy2_bul2a43c_wpftmp.GeneratedMSBuildEditorConfig.editorconfig","Custom-only","Build-or-runtime-review","819",,"3EF9182B52BEC39BB699BFEDA752F9503391A74FEF47E0F28DE1EF6BBECF8217",
"obj/Debug/net8.0-windows/Aimmy2_bul2a43c_wpftmp.GlobalUsings.g.cs","Custom-only","Build-or-runtime-review","183",,"FE45EA572AADFD1A9B54CF7251405CFA11B748CA88B034F06A724D49758CED2D",
"obj/Debug/net8.0-windows/Aimmy2_c2osao55_wpftmp.AssemblyInfo.cs","Custom-only","Build-or-runtime-review","1134",,"2F8C29215F674C512A34E86826AEF40C8ABD269B7C1C6D14D5B06E834B28541D",
"obj/Debug/net8.0-windows/Aimmy2_c2osao55_wpftmp.AssemblyInfoInputs.cache","Custom-only","Build-or-runtime-review","66",,"1FED0A160B24DC1F879F46CA141E0188509F20AA0E1E75E0118772B9216E8C62",
"obj/Debug/net8.0-windows/Aimmy2_c2osao55_wpftmp.assets.cache","Custom-only","Build-or-runtime-review","36246",,"99CE3EE7696308E436D040A1542694B0C68D24504B03CA518C0DDDDDD4097C89",
"obj/Debug/net8.0-windows/Aimmy2_c2osao55_wpftmp.GeneratedMSBuildEditorConfig.editorconfig","Custom-only","Build-or-runtime-review","1149",,"82A2A9623CDA906D56014E452685D4E9051AC711A515221145F7E6D01B7596D9",
"obj/Debug/net8.0-windows/Aimmy2_c2osao55_wpftmp.GlobalUsings.g.cs","Custom-only","Build-or-runtime-review","183",,"FE45EA572AADFD1A9B54CF7251405CFA11B748CA88B034F06A724D49758CED2D",
"obj/Debug/net8.0-windows/Aimmy2_ccx2lqkp_wpftmp.AssemblyInfo.cs","Custom-only","Build-or-runtime-review","1134",,"2F8C29215F674C512A34E86826AEF40C8ABD269B7C1C6D14D5B06E834B28541D",
"obj/Debug/net8.0-windows/Aimmy2_ccx2lqkp_wpftmp.AssemblyInfoInputs.cache","Custom-only","Build-or-runtime-review","66",,"1FED0A160B24DC1F879F46CA141E0188509F20AA0E1E75E0118772B9216E8C62",
"obj/Debug/net8.0-windows/Aimmy2_ccx2lqkp_wpftmp.assets.cache","Custom-only","Build-or-runtime-review","36246",,"FD8DAA4C821091A8CAD2B8AFE4EF79475E45A2D198287CBBF2F6DAEB58589C53",
"obj/Debug/net8.0-windows/Aimmy2_ccx2lqkp_wpftmp.GeneratedMSBuildEditorConfig.editorconfig","Custom-only","Build-or-runtime-review","819",,"3DAC3D055227D868929ADA0C602D9735AD5C5322C2114692A00102C40CFDFAED",
"obj/Debug/net8.0-windows/Aimmy2_ccx2lqkp_wpftmp.GlobalUsings.g.cs","Custom-only","Build-or-runtime-review","183",,"FE45EA572AADFD1A9B54CF7251405CFA11B748CA88B034F06A724D49758CED2D",
"obj/Debug/net8.0-windows/Aimmy2_chbeucby_wpftmp.AssemblyInfo.cs","Custom-only","Build-or-runtime-review","1134",,"2F8C29215F674C512A34E86826AEF40C8ABD269B7C1C6D14D5B06E834B28541D",
"obj/Debug/net8.0-windows/Aimmy2_chbeucby_wpftmp.AssemblyInfoInputs.cache","Custom-only","Build-or-runtime-review","66",,"1FED0A160B24DC1F879F46CA141E0188509F20AA0E1E75E0118772B9216E8C62",
"obj/Debug/net8.0-windows/Aimmy2_chbeucby_wpftmp.assets.cache","Custom-only","Build-or-runtime-review","36246",,"1D8C55AC84AD407EDD30CC66862F688D9FB4864897D0E4199E5FECF8C65C56A9",
"obj/Debug/net8.0-windows/Aimmy2_chbeucby_wpftmp.GeneratedMSBuildEditorConfig.editorconfig","Custom-only","Build-or-runtime-review","819",,"3DAC3D055227D868929ADA0C602D9735AD5C5322C2114692A00102C40CFDFAED",
"obj/Debug/net8.0-windows/Aimmy2_chbeucby_wpftmp.GlobalUsings.g.cs","Custom-only","Build-or-runtime-review","183",,"FE45EA572AADFD1A9B54CF7251405CFA11B748CA88B034F06A724D49758CED2D",
"obj/Debug/net8.0-windows/Aimmy2_chr41abp_wpftmp.AssemblyInfo.cs","Custom-only","Build-or-runtime-review","1134",,"2F8C29215F674C512A34E86826AEF40C8ABD269B7C1C6D14D5B06E834B28541D",
"obj/Debug/net8.0-windows/Aimmy2_chr41abp_wpftmp.AssemblyInfoInputs.cache","Custom-only","Build-or-runtime-review","66",,"1FED0A160B24DC1F879F46CA141E0188509F20AA0E1E75E0118772B9216E8C62",
"obj/Debug/net8.0-windows/Aimmy2_chr41abp_wpftmp.assets.cache","Custom-only","Build-or-runtime-review","36246",,"6AABABAAB936FD24D8BAC8985F0624B84147793DCB23794D7C07AAE07C8D1EF0",
"obj/Debug/net8.0-windows/Aimmy2_chr41abp_wpftmp.GeneratedMSBuildEditorConfig.editorconfig","Custom-only","Build-or-runtime-review","819",,"3EF9182B52BEC39BB699BFEDA752F9503391A74FEF47E0F28DE1EF6BBECF8217",
"obj/Debug/net8.0-windows/Aimmy2_chr41abp_wpftmp.GlobalUsings.g.cs","Custom-only","Build-or-runtime-review","183",,"FE45EA572AADFD1A9B54CF7251405CFA11B748CA88B034F06A724D49758CED2D",
"obj/Debug/net8.0-windows/Aimmy2_cxtzvu3f_wpftmp.AssemblyInfo.cs","Custom-only","Build-or-runtime-review","1134",,"2F8C29215F674C512A34E86826AEF40C8ABD269B7C1C6D14D5B06E834B28541D",
"obj/Debug/net8.0-windows/Aimmy2_cxtzvu3f_wpftmp.AssemblyInfoInputs.cache","Custom-only","Build-or-runtime-review","66",,"1FED0A160B24DC1F879F46CA141E0188509F20AA0E1E75E0118772B9216E8C62",
"obj/Debug/net8.0-windows/Aimmy2_cxtzvu3f_wpftmp.assets.cache","Custom-only","Build-or-runtime-review","36246",,"7809BD7B12086E31FA3715DE4A9608E7ADB63572C7C7A0DC23884E12E8423987",
"obj/Debug/net8.0-windows/Aimmy2_cxtzvu3f_wpftmp.GeneratedMSBuildEditorConfig.editorconfig","Custom-only","Build-or-runtime-review","1149",,"98176DAE78CCB53DDE88AC657DFBA4937F1E53EC93DE7CDC1361C7885FEA94A9",
"obj/Debug/net8.0-windows/Aimmy2_cxtzvu3f_wpftmp.GlobalUsings.g.cs","Custom-only","Build-or-runtime-review","183",,"FE45EA572AADFD1A9B54CF7251405CFA11B748CA88B034F06A724D49758CED2D",
"obj/Debug/net8.0-windows/Aimmy2_d0fsszov_wpftmp.AssemblyInfo.cs","Custom-only","Build-or-runtime-review","1134",,"2F8C29215F674C512A34E86826AEF40C8ABD269B7C1C6D14D5B06E834B28541D",
"obj/Debug/net8.0-windows/Aimmy2_d0fsszov_wpftmp.AssemblyInfoInputs.cache","Custom-only","Build-or-runtime-review","66",,"1FED0A160B24DC1F879F46CA141E0188509F20AA0E1E75E0118772B9216E8C62",
"obj/Debug/net8.0-windows/Aimmy2_d0fsszov_wpftmp.assets.cache","Custom-only","Build-or-runtime-review","36246",,"DF56BA47CD3DBA5363903DA6200650804D07383A0F6B96CAE3C5DA68307F8653",
"obj/Debug/net8.0-windows/Aimmy2_d0fsszov_wpftmp.GeneratedMSBuildEditorConfig.editorconfig","Custom-only","Build-or-runtime-review","1149",,"82A2A9623CDA906D56014E452685D4E9051AC711A515221145F7E6D01B7596D9",
"obj/Debug/net8.0-windows/Aimmy2_d0fsszov_wpftmp.GlobalUsings.g.cs","Custom-only","Build-or-runtime-review","183",,"FE45EA572AADFD1A9B54CF7251405CFA11B748CA88B034F06A724D49758CED2D",
"obj/Debug/net8.0-windows/Aimmy2_d0peblpy_wpftmp.AssemblyInfo.cs","Custom-only","Build-or-runtime-review","1134",,"2F8C29215F674C512A34E86826AEF40C8ABD269B7C1C6D14D5B06E834B28541D",
"obj/Debug/net8.0-windows/Aimmy2_d0peblpy_wpftmp.AssemblyInfoInputs.cache","Custom-only","Build-or-runtime-review","66",,"1FED0A160B24DC1F879F46CA141E0188509F20AA0E1E75E0118772B9216E8C62",
"obj/Debug/net8.0-windows/Aimmy2_d0peblpy_wpftmp.assets.cache","Custom-only","Build-or-runtime-review","36246",,"7D2C9D005811F32887C34922B0B7C24EC10E5D224D82C89542D3D13B7298F291",
"obj/Debug/net8.0-windows/Aimmy2_d0peblpy_wpftmp.GeneratedMSBuildEditorConfig.editorconfig","Custom-only","Build-or-runtime-review","819",,"3EF9182B52BEC39BB699BFEDA752F9503391A74FEF47E0F28DE1EF6BBECF8217",
"obj/Debug/net8.0-windows/Aimmy2_d0peblpy_wpftmp.GlobalUsings.g.cs","Custom-only","Build-or-runtime-review","183",,"FE45EA572AADFD1A9B54CF7251405CFA11B748CA88B034F06A724D49758CED2D",
"obj/Debug/net8.0-windows/Aimmy2_dba4repg_wpftmp.AssemblyInfo.cs","Custom-only","Build-or-runtime-review","1134",,"2F8C29215F674C512A34E86826AEF40C8ABD269B7C1C6D14D5B06E834B28541D",
"obj/Debug/net8.0-windows/Aimmy2_dba4repg_wpftmp.AssemblyInfoInputs.cache","Custom-only","Build-or-runtime-review","66",,"1FED0A160B24DC1F879F46CA141E0188509F20AA0E1E75E0118772B9216E8C62",
"obj/Debug/net8.0-windows/Aimmy2_dba4repg_wpftmp.assets.cache","Custom-only","Build-or-runtime-review","36246",,"5DB8F733295BAF7425149AE5F2D3FBD8246C6808EC06A9625AC1CFA1B06AD83D",
"obj/Debug/net8.0-windows/Aimmy2_dba4repg_wpftmp.GeneratedMSBuildEditorConfig.editorconfig","Custom-only","Build-or-runtime-review","819",,"3EF9182B52BEC39BB699BFEDA752F9503391A74FEF47E0F28DE1EF6BBECF8217",
"obj/Debug/net8.0-windows/Aimmy2_dba4repg_wpftmp.GlobalUsings.g.cs","Custom-only","Build-or-runtime-review","183",,"FE45EA572AADFD1A9B54CF7251405CFA11B748CA88B034F06A724D49758CED2D",
"obj/Debug/net8.0-windows/Aimmy2_dcg1igtx_wpftmp.AssemblyInfo.cs","Custom-only","Build-or-runtime-review","1134",,"2F8C29215F674C512A34E86826AEF40C8ABD269B7C1C6D14D5B06E834B28541D",
"obj/Debug/net8.0-windows/Aimmy2_dcg1igtx_wpftmp.AssemblyInfoInputs.cache","Custom-only","Build-or-runtime-review","66",,"1FED0A160B24DC1F879F46CA141E0188509F20AA0E1E75E0118772B9216E8C62",
"obj/Debug/net8.0-windows/Aimmy2_dcg1igtx_wpftmp.assets.cache","Custom-only","Build-or-runtime-review","36246",,"175BA469F99E44146ECECCF542035232D7EAB8CE8D0C08C88ED12738E7B1F38E",
"obj/Debug/net8.0-windows/Aimmy2_dcg1igtx_wpftmp.GeneratedMSBuildEditorConfig.editorconfig","Custom-only","Build-or-runtime-review","819",,"3EF9182B52BEC39BB699BFEDA752F9503391A74FEF47E0F28DE1EF6BBECF8217",
"obj/Debug/net8.0-windows/Aimmy2_dcg1igtx_wpftmp.GlobalUsings.g.cs","Custom-only","Build-or-runtime-review","183",,"FE45EA572AADFD1A9B54CF7251405CFA11B748CA88B034F06A724D49758CED2D",
"obj/Debug/net8.0-windows/Aimmy2_dpm5nkew_wpftmp.AssemblyInfo.cs","Custom-only","Build-or-runtime-review","1134",,"2F8C29215F674C512A34E86826AEF40C8ABD269B7C1C6D14D5B06E834B28541D",
"obj/Debug/net8.0-windows/Aimmy2_dpm5nkew_wpftmp.AssemblyInfoInputs.cache","Custom-only","Build-or-runtime-review","66",,"1FED0A160B24DC1F879F46CA141E0188509F20AA0E1E75E0118772B9216E8C62",
"obj/Debug/net8.0-windows/Aimmy2_dpm5nkew_wpftmp.assets.cache","Custom-only","Build-or-runtime-review","36246",,"D0AB1D28641C9E8BCB649912F94F009DF54DE5E2236AA0FF0C93379339104A68",
"obj/Debug/net8.0-windows/Aimmy2_dpm5nkew_wpftmp.GeneratedMSBuildEditorConfig.editorconfig","Custom-only","Build-or-runtime-review","819",,"3EF9182B52BEC39BB699BFEDA752F9503391A74FEF47E0F28DE1EF6BBECF8217",
"obj/Debug/net8.0-windows/Aimmy2_dpm5nkew_wpftmp.GlobalUsings.g.cs","Custom-only","Build-or-runtime-review","183",,"FE45EA572AADFD1A9B54CF7251405CFA11B748CA88B034F06A724D49758CED2D",
"obj/Debug/net8.0-windows/Aimmy2_dt25hm2o_wpftmp.AssemblyInfo.cs","Custom-only","Build-or-runtime-review","1134",,"2F8C29215F674C512A34E86826AEF40C8ABD269B7C1C6D14D5B06E834B28541D",
"obj/Debug/net8.0-windows/Aimmy2_dt25hm2o_wpftmp.AssemblyInfoInputs.cache","Custom-only","Build-or-runtime-review","66",,"1FED0A160B24DC1F879F46CA141E0188509F20AA0E1E75E0118772B9216E8C62",
"obj/Debug/net8.0-windows/Aimmy2_dt25hm2o_wpftmp.assets.cache","Custom-only","Build-or-runtime-review","37798",,"B186E82BEA568808961CA73744AA29E9CA81CAD682B4C6688E02439C3FE329B3",
"obj/Debug/net8.0-windows/Aimmy2_dt25hm2o_wpftmp.GeneratedMSBuildEditorConfig.editorconfig","Custom-only","Build-or-runtime-review","1174",,"6756CDDBE904F2EC3174E57A9127FC0F3475C50D52AA8B79B33E470B7DD648F1",
"obj/Debug/net8.0-windows/Aimmy2_dt25hm2o_wpftmp.GlobalUsings.g.cs","Custom-only","Build-or-runtime-review","183",,"FE45EA572AADFD1A9B54CF7251405CFA11B748CA88B034F06A724D49758CED2D",
"obj/Debug/net8.0-windows/Aimmy2_dv40w2mh_wpftmp.AssemblyInfo.cs","Custom-only","Build-or-runtime-review","1134",,"2F8C29215F674C512A34E86826AEF40C8ABD269B7C1C6D14D5B06E834B28541D",
"obj/Debug/net8.0-windows/Aimmy2_dv40w2mh_wpftmp.AssemblyInfoInputs.cache","Custom-only","Build-or-runtime-review","66",,"1FED0A160B24DC1F879F46CA141E0188509F20AA0E1E75E0118772B9216E8C62",
"obj/Debug/net8.0-windows/Aimmy2_dv40w2mh_wpftmp.assets.cache","Custom-only","Build-or-runtime-review","36246",,"696AC1783D6CBE29BCDF5F41D1A56339931BEDB85796850AC7A484044E834A88",
"obj/Debug/net8.0-windows/Aimmy2_dv40w2mh_wpftmp.GeneratedMSBuildEditorConfig.editorconfig","Custom-only","Build-or-runtime-review","1149",,"98176DAE78CCB53DDE88AC657DFBA4937F1E53EC93DE7CDC1361C7885FEA94A9",
"obj/Debug/net8.0-windows/Aimmy2_dv40w2mh_wpftmp.GlobalUsings.g.cs","Custom-only","Build-or-runtime-review","183",,"FE45EA572AADFD1A9B54CF7251405CFA11B748CA88B034F06A724D49758CED2D",
"obj/Debug/net8.0-windows/Aimmy2_eflny4co_wpftmp.AssemblyInfo.cs","Custom-only","Build-or-runtime-review","1134",,"2F8C29215F674C512A34E86826AEF40C8ABD269B7C1C6D14D5B06E834B28541D",
"obj/Debug/net8.0-windows/Aimmy2_eflny4co_wpftmp.AssemblyInfoInputs.cache","Custom-only","Build-or-runtime-review","66",,"1FED0A160B24DC1F879F46CA141E0188509F20AA0E1E75E0118772B9216E8C62",
"obj/Debug/net8.0-windows/Aimmy2_eflny4co_wpftmp.assets.cache","Custom-only","Build-or-runtime-review","36246",,"610BB1F553559F418A083A1AAEE8CB9EF0AB09553F076D80697D7A3D76EA0BEA",
"obj/Debug/net8.0-windows/Aimmy2_eflny4co_wpftmp.GeneratedMSBuildEditorConfig.editorconfig","Custom-only","Build-or-runtime-review","1149",,"98176DAE78CCB53DDE88AC657DFBA4937F1E53EC93DE7CDC1361C7885FEA94A9",
"obj/Debug/net8.0-windows/Aimmy2_eflny4co_wpftmp.GlobalUsings.g.cs","Custom-only","Build-or-runtime-review","183",,"FE45EA572AADFD1A9B54CF7251405CFA11B748CA88B034F06A724D49758CED2D",
"obj/Debug/net8.0-windows/Aimmy2_ehrsbdsi_wpftmp.AssemblyInfo.cs","Custom-only","Build-or-runtime-review","1134",,"2F8C29215F674C512A34E86826AEF40C8ABD269B7C1C6D14D5B06E834B28541D",
"obj/Debug/net8.0-windows/Aimmy2_ehrsbdsi_wpftmp.AssemblyInfoInputs.cache","Custom-only","Build-or-runtime-review","66",,"1FED0A160B24DC1F879F46CA141E0188509F20AA0E1E75E0118772B9216E8C62",
"obj/Debug/net8.0-windows/Aimmy2_ehrsbdsi_wpftmp.assets.cache","Custom-only","Build-or-runtime-review","36246",,"7AEB75E7169DA18C50A4199BAA9310082D91937A6C67F881A13F4DC57511DE7F",
"obj/Debug/net8.0-windows/Aimmy2_ehrsbdsi_wpftmp.GeneratedMSBuildEditorConfig.editorconfig","Custom-only","Build-or-runtime-review","819",,"3EF9182B52BEC39BB699BFEDA752F9503391A74FEF47E0F28DE1EF6BBECF8217",
"obj/Debug/net8.0-windows/Aimmy2_ehrsbdsi_wpftmp.GlobalUsings.g.cs","Custom-only","Build-or-runtime-review","183",,"FE45EA572AADFD1A9B54CF7251405CFA11B748CA88B034F06A724D49758CED2D",
"obj/Debug/net8.0-windows/Aimmy2_fb2p5ppx_wpftmp.AssemblyInfo.cs","Custom-only","Build-or-runtime-review","1134",,"2F8C29215F674C512A34E86826AEF40C8ABD269B7C1C6D14D5B06E834B28541D",
"obj/Debug/net8.0-windows/Aimmy2_fb2p5ppx_wpftmp.AssemblyInfoInputs.cache","Custom-only","Build-or-runtime-review","66",,"1FED0A160B24DC1F879F46CA141E0188509F20AA0E1E75E0118772B9216E8C62",
"obj/Debug/net8.0-windows/Aimmy2_fb2p5ppx_wpftmp.assets.cache","Custom-only","Build-or-runtime-review","36246",,"FA09A3E122DBA074B75AAA5F90434257175B6D1911982D9A698BC86B55751509",
"obj/Debug/net8.0-windows/Aimmy2_fb2p5ppx_wpftmp.GeneratedMSBuildEditorConfig.editorconfig","Custom-only","Build-or-runtime-review","1149",,"98176DAE78CCB53DDE88AC657DFBA4937F1E53EC93DE7CDC1361C7885FEA94A9",
"obj/Debug/net8.0-windows/Aimmy2_fb2p5ppx_wpftmp.GlobalUsings.g.cs","Custom-only","Build-or-runtime-review","183",,"FE45EA572AADFD1A9B54CF7251405CFA11B748CA88B034F06A724D49758CED2D",
"obj/Debug/net8.0-windows/Aimmy2_fcqigpl0_wpftmp.AssemblyInfo.cs","Custom-only","Build-or-runtime-review","1134",,"2F8C29215F674C512A34E86826AEF40C8ABD269B7C1C6D14D5B06E834B28541D",
"obj/Debug/net8.0-windows/Aimmy2_fcqigpl0_wpftmp.AssemblyInfoInputs.cache","Custom-only","Build-or-runtime-review","66",,"1FED0A160B24DC1F879F46CA141E0188509F20AA0E1E75E0118772B9216E8C62",
"obj/Debug/net8.0-windows/Aimmy2_fcqigpl0_wpftmp.assets.cache","Custom-only","Build-or-runtime-review","36246",,"E20AA5A6F6712883F28AAAEF02C0C991EF692A9B855DF69DE0CCC80F7BDA722F",
"obj/Debug/net8.0-windows/Aimmy2_fcqigpl0_wpftmp.GeneratedMSBuildEditorConfig.editorconfig","Custom-only","Build-or-runtime-review","819",,"3EF9182B52BEC39BB699BFEDA752F9503391A74FEF47E0F28DE1EF6BBECF8217",
"obj/Debug/net8.0-windows/Aimmy2_fcqigpl0_wpftmp.GlobalUsings.g.cs","Custom-only","Build-or-runtime-review","183",,"FE45EA572AADFD1A9B54CF7251405CFA11B748CA88B034F06A724D49758CED2D",
"obj/Debug/net8.0-windows/Aimmy2_fdxfw2r5_wpftmp.AssemblyInfo.cs","Custom-only","Build-or-runtime-review","1134",,"2F8C29215F674C512A34E86826AEF40C8ABD269B7C1C6D14D5B06E834B28541D",
"obj/Debug/net8.0-windows/Aimmy2_fdxfw2r5_wpftmp.AssemblyInfoInputs.cache","Custom-only","Build-or-runtime-review","66",,"1FED0A160B24DC1F879F46CA141E0188509F20AA0E1E75E0118772B9216E8C62",
"obj/Debug/net8.0-windows/Aimmy2_fdxfw2r5_wpftmp.assets.cache","Custom-only","Build-or-runtime-review","36246",,"14ECFCE71226B0D312571877EB7A4C2586463385B33B7CE955B949C8B51F1E8C",
"obj/Debug/net8.0-windows/Aimmy2_fdxfw2r5_wpftmp.GeneratedMSBuildEditorConfig.editorconfig","Custom-only","Build-or-runtime-review","1149",,"98176DAE78CCB53DDE88AC657DFBA4937F1E53EC93DE7CDC1361C7885FEA94A9",
"obj/Debug/net8.0-windows/Aimmy2_fdxfw2r5_wpftmp.GlobalUsings.g.cs","Custom-only","Build-or-runtime-review","183",,"FE45EA572AADFD1A9B54CF7251405CFA11B748CA88B034F06A724D49758CED2D",
"obj/Debug/net8.0-windows/Aimmy2_frrte1xg_wpftmp.AssemblyInfo.cs","Custom-only","Build-or-runtime-review","1134",,"2F8C29215F674C512A34E86826AEF40C8ABD269B7C1C6D14D5B06E834B28541D",
"obj/Debug/net8.0-windows/Aimmy2_frrte1xg_wpftmp.AssemblyInfoInputs.cache","Custom-only","Build-or-runtime-review","66",,"1FED0A160B24DC1F879F46CA141E0188509F20AA0E1E75E0118772B9216E8C62",
"obj/Debug/net8.0-windows/Aimmy2_frrte1xg_wpftmp.assets.cache","Custom-only","Build-or-runtime-review","36246",,"A89F05BA58683A87C1ADE5B379594720C94855B9ACB439BD4CC15B8C8C8B41B2",
"obj/Debug/net8.0-windows/Aimmy2_frrte1xg_wpftmp.GeneratedMSBuildEditorConfig.editorconfig","Custom-only","Build-or-runtime-review","819",,"3EF9182B52BEC39BB699BFEDA752F9503391A74FEF47E0F28DE1EF6BBECF8217",
"obj/Debug/net8.0-windows/Aimmy2_frrte1xg_wpftmp.GlobalUsings.g.cs","Custom-only","Build-or-runtime-review","183",,"FE45EA572AADFD1A9B54CF7251405CFA11B748CA88B034F06A724D49758CED2D",
"obj/Debug/net8.0-windows/Aimmy2_g4tbj1j3_wpftmp.AssemblyInfo.cs","Custom-only","Build-or-runtime-review","1134",,"2F8C29215F674C512A34E86826AEF40C8ABD269B7C1C6D14D5B06E834B28541D",
"obj/Debug/net8.0-windows/Aimmy2_g4tbj1j3_wpftmp.AssemblyInfoInputs.cache","Custom-only","Build-or-runtime-review","66",,"1FED0A160B24DC1F879F46CA141E0188509F20AA0E1E75E0118772B9216E8C62",
"obj/Debug/net8.0-windows/Aimmy2_g4tbj1j3_wpftmp.assets.cache","Custom-only","Build-or-runtime-review","36246",,"3051C2CAAB41A8F0297D4D8D6B7DD52B6892E73CCB84C20F6B54C06E76E8428E",
"obj/Debug/net8.0-windows/Aimmy2_g4tbj1j3_wpftmp.GeneratedMSBuildEditorConfig.editorconfig","Custom-only","Build-or-runtime-review","819",,"3EF9182B52BEC39BB699BFEDA752F9503391A74FEF47E0F28DE1EF6BBECF8217",
"obj/Debug/net8.0-windows/Aimmy2_g4tbj1j3_wpftmp.GlobalUsings.g.cs","Custom-only","Build-or-runtime-review","183",,"FE45EA572AADFD1A9B54CF7251405CFA11B748CA88B034F06A724D49758CED2D",
"obj/Debug/net8.0-windows/Aimmy2_gi2lgvmb_wpftmp.AssemblyInfo.cs","Custom-only","Build-or-runtime-review","1134",,"2F8C29215F674C512A34E86826AEF40C8ABD269B7C1C6D14D5B06E834B28541D",
"obj/Debug/net8.0-windows/Aimmy2_gi2lgvmb_wpftmp.AssemblyInfoInputs.cache","Custom-only","Build-or-runtime-review","66",,"1FED0A160B24DC1F879F46CA141E0188509F20AA0E1E75E0118772B9216E8C62",
"obj/Debug/net8.0-windows/Aimmy2_gi2lgvmb_wpftmp.assets.cache","Custom-only","Build-or-runtime-review","36246",,"B23AA11D4694F657D1101BE3F26B304FCFC7BFC7122C753040EECAD91ABFBC83",
"obj/Debug/net8.0-windows/Aimmy2_gi2lgvmb_wpftmp.GeneratedMSBuildEditorConfig.editorconfig","Custom-only","Build-or-runtime-review","819",,"3EF9182B52BEC39BB699BFEDA752F9503391A74FEF47E0F28DE1EF6BBECF8217",
"obj/Debug/net8.0-windows/Aimmy2_gi2lgvmb_wpftmp.GlobalUsings.g.cs","Custom-only","Build-or-runtime-review","183",,"FE45EA572AADFD1A9B54CF7251405CFA11B748CA88B034F06A724D49758CED2D",
"obj/Debug/net8.0-windows/Aimmy2_gpt05j4y_wpftmp.AssemblyInfo.cs","Custom-only","Build-or-runtime-review","1134",,"2F8C29215F674C512A34E86826AEF40C8ABD269B7C1C6D14D5B06E834B28541D",
"obj/Debug/net8.0-windows/Aimmy2_gpt05j4y_wpftmp.AssemblyInfoInputs.cache","Custom-only","Build-or-runtime-review","66",,"1FED0A160B24DC1F879F46CA141E0188509F20AA0E1E75E0118772B9216E8C62",
"obj/Debug/net8.0-windows/Aimmy2_gpt05j4y_wpftmp.assets.cache","Custom-only","Build-or-runtime-review","36246",,"FAD9BAC4B306D98DB011F55A044CBB8392495CBAC237926958EBFAD61904F20A",
"obj/Debug/net8.0-windows/Aimmy2_gpt05j4y_wpftmp.GeneratedMSBuildEditorConfig.editorconfig","Custom-only","Build-or-runtime-review","819",,"3EF9182B52BEC39BB699BFEDA752F9503391A74FEF47E0F28DE1EF6BBECF8217",
"obj/Debug/net8.0-windows/Aimmy2_gpt05j4y_wpftmp.GlobalUsings.g.cs","Custom-only","Build-or-runtime-review","183",,"FE45EA572AADFD1A9B54CF7251405CFA11B748CA88B034F06A724D49758CED2D",
"obj/Debug/net8.0-windows/Aimmy2_hbkgqiay_wpftmp.AssemblyInfo.cs","Custom-only","Build-or-runtime-review","1134",,"2F8C29215F674C512A34E86826AEF40C8ABD269B7C1C6D14D5B06E834B28541D",
"obj/Debug/net8.0-windows/Aimmy2_hbkgqiay_wpftmp.AssemblyInfoInputs.cache","Custom-only","Build-or-runtime-review","66",,"1FED0A160B24DC1F879F46CA141E0188509F20AA0E1E75E0118772B9216E8C62",
"obj/Debug/net8.0-windows/Aimmy2_hbkgqiay_wpftmp.assets.cache","Custom-only","Build-or-runtime-review","36246",,"DC95D38020317BCFD582E9E952701B8302B682E03218B3BFAC80D304492AA30A",
"obj/Debug/net8.0-windows/Aimmy2_hbkgqiay_wpftmp.GeneratedMSBuildEditorConfig.editorconfig","Custom-only","Build-or-runtime-review","1149",,"98176DAE78CCB53DDE88AC657DFBA4937F1E53EC93DE7CDC1361C7885FEA94A9",
"obj/Debug/net8.0-windows/Aimmy2_hbkgqiay_wpftmp.GlobalUsings.g.cs","Custom-only","Build-or-runtime-review","183",,"FE45EA572AADFD1A9B54CF7251405CFA11B748CA88B034F06A724D49758CED2D",
"obj/Debug/net8.0-windows/Aimmy2_hd2j0y0i_wpftmp.AssemblyInfo.cs","Custom-only","Build-or-runtime-review","1134",,"2F8C29215F674C512A34E86826AEF40C8ABD269B7C1C6D14D5B06E834B28541D",
"obj/Debug/net8.0-windows/Aimmy2_hd2j0y0i_wpftmp.AssemblyInfoInputs.cache","Custom-only","Build-or-runtime-review","66",,"1FED0A160B24DC1F879F46CA141E0188509F20AA0E1E75E0118772B9216E8C62",
"obj/Debug/net8.0-windows/Aimmy2_hd2j0y0i_wpftmp.assets.cache","Custom-only","Build-or-runtime-review","36246",,"11C616678C3AF434236578B8801A11261C29D9D3DF8DC1FB92F68C250954AB18",
"obj/Debug/net8.0-windows/Aimmy2_hd2j0y0i_wpftmp.GeneratedMSBuildEditorConfig.editorconfig","Custom-only","Build-or-runtime-review","819",,"3EF9182B52BEC39BB699BFEDA752F9503391A74FEF47E0F28DE1EF6BBECF8217",
"obj/Debug/net8.0-windows/Aimmy2_hd2j0y0i_wpftmp.GlobalUsings.g.cs","Custom-only","Build-or-runtime-review","183",,"FE45EA572AADFD1A9B54CF7251405CFA11B748CA88B034F06A724D49758CED2D",
"obj/Debug/net8.0-windows/Aimmy2_hhpyiyrr_wpftmp.AssemblyInfo.cs","Custom-only","Build-or-runtime-review","1134",,"2F8C29215F674C512A34E86826AEF40C8ABD269B7C1C6D14D5B06E834B28541D",
"obj/Debug/net8.0-windows/Aimmy2_hhpyiyrr_wpftmp.AssemblyInfoInputs.cache","Custom-only","Build-or-runtime-review","66",,"1FED0A160B24DC1F879F46CA141E0188509F20AA0E1E75E0118772B9216E8C62",
"obj/Debug/net8.0-windows/Aimmy2_hhpyiyrr_wpftmp.assets.cache","Custom-only","Build-or-runtime-review","36246",,"2723F2ECBE3C274F72E00378164F1435D2213DD85C5BE4507DDED25AA16762FB",
"obj/Debug/net8.0-windows/Aimmy2_hhpyiyrr_wpftmp.GeneratedMSBuildEditorConfig.editorconfig","Custom-only","Build-or-runtime-review","819",,"3EF9182B52BEC39BB699BFEDA752F9503391A74FEF47E0F28DE1EF6BBECF8217",
"obj/Debug/net8.0-windows/Aimmy2_hhpyiyrr_wpftmp.GlobalUsings.g.cs","Custom-only","Build-or-runtime-review","183",,"FE45EA572AADFD1A9B54CF7251405CFA11B748CA88B034F06A724D49758CED2D",
"obj/Debug/net8.0-windows/Aimmy2_hkwzpsvg_wpftmp.AssemblyInfo.cs","Custom-only","Build-or-runtime-review","1134",,"2F8C29215F674C512A34E86826AEF40C8ABD269B7C1C6D14D5B06E834B28541D",
"obj/Debug/net8.0-windows/Aimmy2_hkwzpsvg_wpftmp.AssemblyInfoInputs.cache","Custom-only","Build-or-runtime-review","66",,"1FED0A160B24DC1F879F46CA141E0188509F20AA0E1E75E0118772B9216E8C62",
"obj/Debug/net8.0-windows/Aimmy2_hkwzpsvg_wpftmp.assets.cache","Custom-only","Build-or-runtime-review","36246",,"1D82086CD4CDBC0D00A3638EE2F73E2E61C9D10C2EACCE4556F6A49F7491BDA4",
"obj/Debug/net8.0-windows/Aimmy2_hkwzpsvg_wpftmp.GeneratedMSBuildEditorConfig.editorconfig","Custom-only","Build-or-runtime-review","1161",,"718D156BF2D88CE893D843DE073867399E659667F6FA919E0FCE404B88F625D1",
"obj/Debug/net8.0-windows/Aimmy2_hkwzpsvg_wpftmp.GlobalUsings.g.cs","Custom-only","Build-or-runtime-review","183",,"FE45EA572AADFD1A9B54CF7251405CFA11B748CA88B034F06A724D49758CED2D",
"obj/Debug/net8.0-windows/Aimmy2_hqkals1z_wpftmp.AssemblyInfo.cs","Custom-only","Build-or-runtime-review","1134",,"2F8C29215F674C512A34E86826AEF40C8ABD269B7C1C6D14D5B06E834B28541D",
"obj/Debug/net8.0-windows/Aimmy2_hqkals1z_wpftmp.AssemblyInfoInputs.cache","Custom-only","Build-or-runtime-review","66",,"1FED0A160B24DC1F879F46CA141E0188509F20AA0E1E75E0118772B9216E8C62",
"obj/Debug/net8.0-windows/Aimmy2_hqkals1z_wpftmp.assets.cache","Custom-only","Build-or-runtime-review","36246",,"A3991DE434BD8276A980E25B3577466D4CAEF1CBE3BB7E87A9F197847845EB89",
"obj/Debug/net8.0-windows/Aimmy2_hqkals1z_wpftmp.GeneratedMSBuildEditorConfig.editorconfig","Custom-only","Build-or-runtime-review","1149",,"98176DAE78CCB53DDE88AC657DFBA4937F1E53EC93DE7CDC1361C7885FEA94A9",
"obj/Debug/net8.0-windows/Aimmy2_hqkals1z_wpftmp.GlobalUsings.g.cs","Custom-only","Build-or-runtime-review","183",,"FE45EA572AADFD1A9B54CF7251405CFA11B748CA88B034F06A724D49758CED2D",
"obj/Debug/net8.0-windows/Aimmy2_hus2apvy_wpftmp.AssemblyInfo.cs","Custom-only","Build-or-runtime-review","1134",,"2F8C29215F674C512A34E86826AEF40C8ABD269B7C1C6D14D5B06E834B28541D",
"obj/Debug/net8.0-windows/Aimmy2_hus2apvy_wpftmp.AssemblyInfoInputs.cache","Custom-only","Build-or-runtime-review","66",,"1FED0A160B24DC1F879F46CA141E0188509F20AA0E1E75E0118772B9216E8C62",
"obj/Debug/net8.0-windows/Aimmy2_hus2apvy_wpftmp.assets.cache","Custom-only","Build-or-runtime-review","36246",,"399F8ED5CE0C98E4F0656E94CD7418F00639FC032327DA4CB50BFAC550924B69",
"obj/Debug/net8.0-windows/Aimmy2_hus2apvy_wpftmp.GeneratedMSBuildEditorConfig.editorconfig","Custom-only","Build-or-runtime-review","819",,"3DAC3D055227D868929ADA0C602D9735AD5C5322C2114692A00102C40CFDFAED",
"obj/Debug/net8.0-windows/Aimmy2_hus2apvy_wpftmp.GlobalUsings.g.cs","Custom-only","Build-or-runtime-review","183",,"FE45EA572AADFD1A9B54CF7251405CFA11B748CA88B034F06A724D49758CED2D",
"obj/Debug/net8.0-windows/Aimmy2_iffsgavf_wpftmp.AssemblyInfo.cs","Custom-only","Build-or-runtime-review","1134",,"2F8C29215F674C512A34E86826AEF40C8ABD269B7C1C6D14D5B06E834B28541D",
"obj/Debug/net8.0-windows/Aimmy2_iffsgavf_wpftmp.AssemblyInfoInputs.cache","Custom-only","Build-or-runtime-review","66",,"1FED0A160B24DC1F879F46CA141E0188509F20AA0E1E75E0118772B9216E8C62",
"obj/Debug/net8.0-windows/Aimmy2_iffsgavf_wpftmp.assets.cache","Custom-only","Build-or-runtime-review","36246",,"E5559606575A717D5296AD579D5C8FDA5D3E90E58E9CFC506846C020368B329A",
"obj/Debug/net8.0-windows/Aimmy2_iffsgavf_wpftmp.GeneratedMSBuildEditorConfig.editorconfig","Custom-only","Build-or-runtime-review","819",,"3EF9182B52BEC39BB699BFEDA752F9503391A74FEF47E0F28DE1EF6BBECF8217",
"obj/Debug/net8.0-windows/Aimmy2_iffsgavf_wpftmp.GlobalUsings.g.cs","Custom-only","Build-or-runtime-review","183",,"FE45EA572AADFD1A9B54CF7251405CFA11B748CA88B034F06A724D49758CED2D",
"obj/Debug/net8.0-windows/Aimmy2_ig43y5vc_wpftmp.AssemblyInfo.cs","Custom-only","Build-or-runtime-review","1134",,"2F8C29215F674C512A34E86826AEF40C8ABD269B7C1C6D14D5B06E834B28541D",
"obj/Debug/net8.0-windows/Aimmy2_ig43y5vc_wpftmp.AssemblyInfoInputs.cache","Custom-only","Build-or-runtime-review","66",,"1FED0A160B24DC1F879F46CA141E0188509F20AA0E1E75E0118772B9216E8C62",
"obj/Debug/net8.0-windows/Aimmy2_ig43y5vc_wpftmp.assets.cache","Custom-only","Build-or-runtime-review","36246",,"64B27B6799E2921A843FBD08115156F47B7347B5503A0B9F754CBA01967A76D0",
"obj/Debug/net8.0-windows/Aimmy2_ig43y5vc_wpftmp.GeneratedMSBuildEditorConfig.editorconfig","Custom-only","Build-or-runtime-review","1149",,"98176DAE78CCB53DDE88AC657DFBA4937F1E53EC93DE7CDC1361C7885FEA94A9",
"obj/Debug/net8.0-windows/Aimmy2_ig43y5vc_wpftmp.GlobalUsings.g.cs","Custom-only","Build-or-runtime-review","183",,"FE45EA572AADFD1A9B54CF7251405CFA11B748CA88B034F06A724D49758CED2D",
"obj/Debug/net8.0-windows/Aimmy2_ipc1lx5x_wpftmp.AssemblyInfo.cs","Custom-only","Build-or-runtime-review","1134",,"2F8C29215F674C512A34E86826AEF40C8ABD269B7C1C6D14D5B06E834B28541D",
"obj/Debug/net8.0-windows/Aimmy2_ipc1lx5x_wpftmp.AssemblyInfoInputs.cache","Custom-only","Build-or-runtime-review","66",,"1FED0A160B24DC1F879F46CA141E0188509F20AA0E1E75E0118772B9216E8C62",
"obj/Debug/net8.0-windows/Aimmy2_ipc1lx5x_wpftmp.assets.cache","Custom-only","Build-or-runtime-review","36246",,"47BA76157615F6CB8BC38266277ED7BB41C509670AD1FEB23815A344678442BA",
"obj/Debug/net8.0-windows/Aimmy2_ipc1lx5x_wpftmp.GeneratedMSBuildEditorConfig.editorconfig","Custom-only","Build-or-runtime-review","819",,"3DAC3D055227D868929ADA0C602D9735AD5C5322C2114692A00102C40CFDFAED",
"obj/Debug/net8.0-windows/Aimmy2_ipc1lx5x_wpftmp.GlobalUsings.g.cs","Custom-only","Build-or-runtime-review","183",,"FE45EA572AADFD1A9B54CF7251405CFA11B748CA88B034F06A724D49758CED2D",
"obj/Debug/net8.0-windows/Aimmy2_iruqlehn_wpftmp.AssemblyInfo.cs","Custom-only","Build-or-runtime-review","1134",,"2F8C29215F674C512A34E86826AEF40C8ABD269B7C1C6D14D5B06E834B28541D",
"obj/Debug/net8.0-windows/Aimmy2_iruqlehn_wpftmp.AssemblyInfoInputs.cache","Custom-only","Build-or-runtime-review","66",,"1FED0A160B24DC1F879F46CA141E0188509F20AA0E1E75E0118772B9216E8C62",
"obj/Debug/net8.0-windows/Aimmy2_iruqlehn_wpftmp.assets.cache","Custom-only","Build-or-runtime-review","36246",,"BB0E09E1A43026B5B8D87EB4207B118C0F1A5B05E71785694B6B5C707DDAFD25",
"obj/Debug/net8.0-windows/Aimmy2_iruqlehn_wpftmp.GeneratedMSBuildEditorConfig.editorconfig","Custom-only","Build-or-runtime-review","819",,"3EF9182B52BEC39BB699BFEDA752F9503391A74FEF47E0F28DE1EF6BBECF8217",
"obj/Debug/net8.0-windows/Aimmy2_iruqlehn_wpftmp.GlobalUsings.g.cs","Custom-only","Build-or-runtime-review","183",,"FE45EA572AADFD1A9B54CF7251405CFA11B748CA88B034F06A724D49758CED2D",
"obj/Debug/net8.0-windows/Aimmy2_j0x21325_wpftmp.AssemblyInfo.cs","Custom-only","Build-or-runtime-review","1134",,"2F8C29215F674C512A34E86826AEF40C8ABD269B7C1C6D14D5B06E834B28541D",
"obj/Debug/net8.0-windows/Aimmy2_j0x21325_wpftmp.AssemblyInfoInputs.cache","Custom-only","Build-or-runtime-review","66",,"1FED0A160B24DC1F879F46CA141E0188509F20AA0E1E75E0118772B9216E8C62",
"obj/Debug/net8.0-windows/Aimmy2_j0x21325_wpftmp.assets.cache","Custom-only","Build-or-runtime-review","36246",,"6A351D11432A1045ACA62E869EAA06D951CA86214F2711C403FA654C4A0BDED0",
"obj/Debug/net8.0-windows/Aimmy2_j0x21325_wpftmp.GeneratedMSBuildEditorConfig.editorconfig","Custom-only","Build-or-runtime-review","819",,"3DAC3D055227D868929ADA0C602D9735AD5C5322C2114692A00102C40CFDFAED",
"obj/Debug/net8.0-windows/Aimmy2_j0x21325_wpftmp.GlobalUsings.g.cs","Custom-only","Build-or-runtime-review","183",,"FE45EA572AADFD1A9B54CF7251405CFA11B748CA88B034F06A724D49758CED2D",
"obj/Debug/net8.0-windows/Aimmy2_j1lxlmfa_wpftmp.AssemblyInfo.cs","Custom-only","Build-or-runtime-review","1134",,"2F8C29215F674C512A34E86826AEF40C8ABD269B7C1C6D14D5B06E834B28541D",
"obj/Debug/net8.0-windows/Aimmy2_j1lxlmfa_wpftmp.AssemblyInfoInputs.cache","Custom-only","Build-or-runtime-review","66",,"1FED0A160B24DC1F879F46CA141E0188509F20AA0E1E75E0118772B9216E8C62",
"obj/Debug/net8.0-windows/Aimmy2_j1lxlmfa_wpftmp.assets.cache","Custom-only","Build-or-runtime-review","36246",,"E43C04E863E0A4ADCE690072598994EC8F800AF7C1C000107502EC7D0CD7A5BA",
"obj/Debug/net8.0-windows/Aimmy2_j1lxlmfa_wpftmp.GeneratedMSBuildEditorConfig.editorconfig","Custom-only","Build-or-runtime-review","819",,"3EF9182B52BEC39BB699BFEDA752F9503391A74FEF47E0F28DE1EF6BBECF8217",
"obj/Debug/net8.0-windows/Aimmy2_j1lxlmfa_wpftmp.GlobalUsings.g.cs","Custom-only","Build-or-runtime-review","183",,"FE45EA572AADFD1A9B54CF7251405CFA11B748CA88B034F06A724D49758CED2D",
"obj/Debug/net8.0-windows/Aimmy2_j2paescy_wpftmp.AssemblyInfo.cs","Custom-only","Build-or-runtime-review","1134",,"2F8C29215F674C512A34E86826AEF40C8ABD269B7C1C6D14D5B06E834B28541D",
"obj/Debug/net8.0-windows/Aimmy2_j2paescy_wpftmp.AssemblyInfoInputs.cache","Custom-only","Build-or-runtime-review","66",,"1FED0A160B24DC1F879F46CA141E0188509F20AA0E1E75E0118772B9216E8C62",
"obj/Debug/net8.0-windows/Aimmy2_j2paescy_wpftmp.assets.cache","Custom-only","Build-or-runtime-review","36246",,"45EBEBBD353C872FB1AAE3E02DEBCB37A5D9721FD799AE7C1013D904C6AEB684",
"obj/Debug/net8.0-windows/Aimmy2_j2paescy_wpftmp.GeneratedMSBuildEditorConfig.editorconfig","Custom-only","Build-or-runtime-review","819",,"3EF9182B52BEC39BB699BFEDA752F9503391A74FEF47E0F28DE1EF6BBECF8217",
"obj/Debug/net8.0-windows/Aimmy2_j2paescy_wpftmp.GlobalUsings.g.cs","Custom-only","Build-or-runtime-review","183",,"FE45EA572AADFD1A9B54CF7251405CFA11B748CA88B034F06A724D49758CED2D",
"obj/Debug/net8.0-windows/Aimmy2_jawlt5yj_wpftmp.AssemblyInfo.cs","Custom-only","Build-or-runtime-review","1134",,"2F8C29215F674C512A34E86826AEF40C8ABD269B7C1C6D14D5B06E834B28541D",
"obj/Debug/net8.0-windows/Aimmy2_jawlt5yj_wpftmp.AssemblyInfoInputs.cache","Custom-only","Build-or-runtime-review","66",,"1FED0A160B24DC1F879F46CA141E0188509F20AA0E1E75E0118772B9216E8C62",
"obj/Debug/net8.0-windows/Aimmy2_jawlt5yj_wpftmp.assets.cache","Custom-only","Build-or-runtime-review","36246",,"258663684104856AEB5D89C00EB842A2C12D64E74AA1CB653665981FF20781D3",
"obj/Debug/net8.0-windows/Aimmy2_jawlt5yj_wpftmp.GeneratedMSBuildEditorConfig.editorconfig","Custom-only","Build-or-runtime-review","819",,"3EF9182B52BEC39BB699BFEDA752F9503391A74FEF47E0F28DE1EF6BBECF8217",
"obj/Debug/net8.0-windows/Aimmy2_jawlt5yj_wpftmp.GlobalUsings.g.cs","Custom-only","Build-or-runtime-review","183",,"FE45EA572AADFD1A9B54CF7251405CFA11B748CA88B034F06A724D49758CED2D",
"obj/Debug/net8.0-windows/Aimmy2_jmdnzg3y_wpftmp.AssemblyInfo.cs","Custom-only","Build-or-runtime-review","1134",,"2F8C29215F674C512A34E86826AEF40C8ABD269B7C1C6D14D5B06E834B28541D",
"obj/Debug/net8.0-windows/Aimmy2_jmdnzg3y_wpftmp.AssemblyInfoInputs.cache","Custom-only","Build-or-runtime-review","66",,"1FED0A160B24DC1F879F46CA141E0188509F20AA0E1E75E0118772B9216E8C62",
"obj/Debug/net8.0-windows/Aimmy2_jmdnzg3y_wpftmp.assets.cache","Custom-only","Build-or-runtime-review","36246",,"C883F70E5A46D5CF46DF1023164B9A2C631637338DC29024DDBB873AB26D7833",
"obj/Debug/net8.0-windows/Aimmy2_jmdnzg3y_wpftmp.GeneratedMSBuildEditorConfig.editorconfig","Custom-only","Build-or-runtime-review","819",,"3EF9182B52BEC39BB699BFEDA752F9503391A74FEF47E0F28DE1EF6BBECF8217",
"obj/Debug/net8.0-windows/Aimmy2_jmdnzg3y_wpftmp.GlobalUsings.g.cs","Custom-only","Build-or-runtime-review","183",,"FE45EA572AADFD1A9B54CF7251405CFA11B748CA88B034F06A724D49758CED2D",
"obj/Debug/net8.0-windows/Aimmy2_jotxoozu_wpftmp.AssemblyInfo.cs","Custom-only","Build-or-runtime-review","1134",,"2F8C29215F674C512A34E86826AEF40C8ABD269B7C1C6D14D5B06E834B28541D",
"obj/Debug/net8.0-windows/Aimmy2_jotxoozu_wpftmp.AssemblyInfoInputs.cache","Custom-only","Build-or-runtime-review","66",,"1FED0A160B24DC1F879F46CA141E0188509F20AA0E1E75E0118772B9216E8C62",
"obj/Debug/net8.0-windows/Aimmy2_jotxoozu_wpftmp.assets.cache","Custom-only","Build-or-runtime-review","36246",,"F56BC86C7E8B994CCB12D4CA44DD82C8063BFA5550CE2B58A61B746BFCF71797",
"obj/Debug/net8.0-windows/Aimmy2_jotxoozu_wpftmp.GeneratedMSBuildEditorConfig.editorconfig","Custom-only","Build-or-runtime-review","819",,"3EF9182B52BEC39BB699BFEDA752F9503391A74FEF47E0F28DE1EF6BBECF8217",
"obj/Debug/net8.0-windows/Aimmy2_jotxoozu_wpftmp.GlobalUsings.g.cs","Custom-only","Build-or-runtime-review","183",,"FE45EA572AADFD1A9B54CF7251405CFA11B748CA88B034F06A724D49758CED2D",
"obj/Debug/net8.0-windows/Aimmy2_jyl3kzjc_wpftmp.AssemblyInfo.cs","Custom-only","Build-or-runtime-review","1134",,"2F8C29215F674C512A34E86826AEF40C8ABD269B7C1C6D14D5B06E834B28541D",
"obj/Debug/net8.0-windows/Aimmy2_jyl3kzjc_wpftmp.AssemblyInfoInputs.cache","Custom-only","Build-or-runtime-review","66",,"1FED0A160B24DC1F879F46CA141E0188509F20AA0E1E75E0118772B9216E8C62",
"obj/Debug/net8.0-windows/Aimmy2_jyl3kzjc_wpftmp.assets.cache","Custom-only","Build-or-runtime-review","36246",,"A800C4CA4D0F26DB203B6ECD6DC360A7740F59E77929BDD9669CC9218982909A",
"obj/Debug/net8.0-windows/Aimmy2_jyl3kzjc_wpftmp.GeneratedMSBuildEditorConfig.editorconfig","Custom-only","Build-or-runtime-review","819",,"3EF9182B52BEC39BB699BFEDA752F9503391A74FEF47E0F28DE1EF6BBECF8217",
"obj/Debug/net8.0-windows/Aimmy2_jyl3kzjc_wpftmp.GlobalUsings.g.cs","Custom-only","Build-or-runtime-review","183",,"FE45EA572AADFD1A9B54CF7251405CFA11B748CA88B034F06A724D49758CED2D",
"obj/Debug/net8.0-windows/Aimmy2_ka1y2mmu_wpftmp.AssemblyInfo.cs","Custom-only","Build-or-runtime-review","1134",,"2F8C29215F674C512A34E86826AEF40C8ABD269B7C1C6D14D5B06E834B28541D",
"obj/Debug/net8.0-windows/Aimmy2_ka1y2mmu_wpftmp.AssemblyInfoInputs.cache","Custom-only","Build-or-runtime-review","66",,"1FED0A160B24DC1F879F46CA141E0188509F20AA0E1E75E0118772B9216E8C62",
"obj/Debug/net8.0-windows/Aimmy2_ka1y2mmu_wpftmp.assets.cache","Custom-only","Build-or-runtime-review","36246",,"B4370774DA9C42A968596DC65DF861D9BD2A93B93DEC1C2663E46DFB241D4579",
"obj/Debug/net8.0-windows/Aimmy2_ka1y2mmu_wpftmp.GeneratedMSBuildEditorConfig.editorconfig","Custom-only","Build-or-runtime-review","819",,"3EF9182B52BEC39BB699BFEDA752F9503391A74FEF47E0F28DE1EF6BBECF8217",
"obj/Debug/net8.0-windows/Aimmy2_ka1y2mmu_wpftmp.GlobalUsings.g.cs","Custom-only","Build-or-runtime-review","183",,"FE45EA572AADFD1A9B54CF7251405CFA11B748CA88B034F06A724D49758CED2D",
"obj/Debug/net8.0-windows/Aimmy2_keq1yt1j_wpftmp.AssemblyInfo.cs","Custom-only","Build-or-runtime-review","1134",,"2F8C29215F674C512A34E86826AEF40C8ABD269B7C1C6D14D5B06E834B28541D",
"obj/Debug/net8.0-windows/Aimmy2_keq1yt1j_wpftmp.AssemblyInfoInputs.cache","Custom-only","Build-or-runtime-review","66",,"1FED0A160B24DC1F879F46CA141E0188509F20AA0E1E75E0118772B9216E8C62",
"obj/Debug/net8.0-windows/Aimmy2_keq1yt1j_wpftmp.assets.cache","Custom-only","Build-or-runtime-review","36246",,"206B18766C5E6F8B84F61EAD56A0FE90B1D8C510CEC5012935F5D5F1A3D470D1",
"obj/Debug/net8.0-windows/Aimmy2_keq1yt1j_wpftmp.GeneratedMSBuildEditorConfig.editorconfig","Custom-only","Build-or-runtime-review","819",,"3EF9182B52BEC39BB699BFEDA752F9503391A74FEF47E0F28DE1EF6BBECF8217",
"obj/Debug/net8.0-windows/Aimmy2_keq1yt1j_wpftmp.GlobalUsings.g.cs","Custom-only","Build-or-runtime-review","183",,"FE45EA572AADFD1A9B54CF7251405CFA11B748CA88B034F06A724D49758CED2D",
"obj/Debug/net8.0-windows/Aimmy2_kgm0gcfk_wpftmp.AssemblyInfo.cs","Custom-only","Build-or-runtime-review","1134",,"2F8C29215F674C512A34E86826AEF40C8ABD269B7C1C6D14D5B06E834B28541D",
"obj/Debug/net8.0-windows/Aimmy2_kgm0gcfk_wpftmp.AssemblyInfoInputs.cache","Custom-only","Build-or-runtime-review","66",,"1FED0A160B24DC1F879F46CA141E0188509F20AA0E1E75E0118772B9216E8C62",
"obj/Debug/net8.0-windows/Aimmy2_kgm0gcfk_wpftmp.assets.cache","Custom-only","Build-or-runtime-review","36246",,"5F9C82EC52FC3B3C86A849B68D3859355DBC7D7F1D10FFF87551D27A1B79B850",
"obj/Debug/net8.0-windows/Aimmy2_kgm0gcfk_wpftmp.GeneratedMSBuildEditorConfig.editorconfig","Custom-only","Build-or-runtime-review","819",,"3EF9182B52BEC39BB699BFEDA752F9503391A74FEF47E0F28DE1EF6BBECF8217",
"obj/Debug/net8.0-windows/Aimmy2_kgm0gcfk_wpftmp.GlobalUsings.g.cs","Custom-only","Build-or-runtime-review","183",,"FE45EA572AADFD1A9B54CF7251405CFA11B748CA88B034F06A724D49758CED2D",
"obj/Debug/net8.0-windows/Aimmy2_klauusz4_wpftmp.AssemblyInfo.cs","Custom-only","Build-or-runtime-review","1134",,"2F8C29215F674C512A34E86826AEF40C8ABD269B7C1C6D14D5B06E834B28541D",
"obj/Debug/net8.0-windows/Aimmy2_klauusz4_wpftmp.AssemblyInfoInputs.cache","Custom-only","Build-or-runtime-review","66",,"1FED0A160B24DC1F879F46CA141E0188509F20AA0E1E75E0118772B9216E8C62",
"obj/Debug/net8.0-windows/Aimmy2_klauusz4_wpftmp.assets.cache","Custom-only","Build-or-runtime-review","36246",,"FA403FB0DD4D1B6562439B35933E3E79BE818D07EEDF158B6F014CAA59CFDC4F",
"obj/Debug/net8.0-windows/Aimmy2_klauusz4_wpftmp.GeneratedMSBuildEditorConfig.editorconfig","Custom-only","Build-or-runtime-review","819",,"3DAC3D055227D868929ADA0C602D9735AD5C5322C2114692A00102C40CFDFAED",
"obj/Debug/net8.0-windows/Aimmy2_klauusz4_wpftmp.GlobalUsings.g.cs","Custom-only","Build-or-runtime-review","183",,"FE45EA572AADFD1A9B54CF7251405CFA11B748CA88B034F06A724D49758CED2D",
"obj/Debug/net8.0-windows/Aimmy2_kmybtjij_wpftmp.AssemblyInfo.cs","Custom-only","Build-or-runtime-review","1134",,"2F8C29215F674C512A34E86826AEF40C8ABD269B7C1C6D14D5B06E834B28541D",
"obj/Debug/net8.0-windows/Aimmy2_kmybtjij_wpftmp.AssemblyInfoInputs.cache","Custom-only","Build-or-runtime-review","66",,"1FED0A160B24DC1F879F46CA141E0188509F20AA0E1E75E0118772B9216E8C62",
"obj/Debug/net8.0-windows/Aimmy2_kmybtjij_wpftmp.assets.cache","Custom-only","Build-or-runtime-review","36246",,"A3E008F5309E307E8EB7BC5E02AC063F1CCC053EDA650B353B1F09A63C1C010E",
"obj/Debug/net8.0-windows/Aimmy2_kmybtjij_wpftmp.GeneratedMSBuildEditorConfig.editorconfig","Custom-only","Build-or-runtime-review","1149",,"98176DAE78CCB53DDE88AC657DFBA4937F1E53EC93DE7CDC1361C7885FEA94A9",
"obj/Debug/net8.0-windows/Aimmy2_kmybtjij_wpftmp.GlobalUsings.g.cs","Custom-only","Build-or-runtime-review","183",,"FE45EA572AADFD1A9B54CF7251405CFA11B748CA88B034F06A724D49758CED2D",
"obj/Debug/net8.0-windows/Aimmy2_knu5ixie_wpftmp.AssemblyInfo.cs","Custom-only","Build-or-runtime-review","1134",,"2F8C29215F674C512A34E86826AEF40C8ABD269B7C1C6D14D5B06E834B28541D",
"obj/Debug/net8.0-windows/Aimmy2_knu5ixie_wpftmp.AssemblyInfoInputs.cache","Custom-only","Build-or-runtime-review","66",,"1FED0A160B24DC1F879F46CA141E0188509F20AA0E1E75E0118772B9216E8C62",
"obj/Debug/net8.0-windows/Aimmy2_knu5ixie_wpftmp.assets.cache","Custom-only","Build-or-runtime-review","36246",,"21E6365D916A64D87A7F57590F3AB9643BC3530C919DA17F1D488E52A8C4A2A5",
"obj/Debug/net8.0-windows/Aimmy2_knu5ixie_wpftmp.GeneratedMSBuildEditorConfig.editorconfig","Custom-only","Build-or-runtime-review","1149",,"98176DAE78CCB53DDE88AC657DFBA4937F1E53EC93DE7CDC1361C7885FEA94A9",
"obj/Debug/net8.0-windows/Aimmy2_knu5ixie_wpftmp.GlobalUsings.g.cs","Custom-only","Build-or-runtime-review","183",,"FE45EA572AADFD1A9B54CF7251405CFA11B748CA88B034F06A724D49758CED2D",
"obj/Debug/net8.0-windows/Aimmy2_kuwp0etm_wpftmp.AssemblyInfo.cs","Custom-only","Build-or-runtime-review","1134",,"2F8C29215F674C512A34E86826AEF40C8ABD269B7C1C6D14D5B06E834B28541D",
"obj/Debug/net8.0-windows/Aimmy2_kuwp0etm_wpftmp.AssemblyInfoInputs.cache","Custom-only","Build-or-runtime-review","66",,"1FED0A160B24DC1F879F46CA141E0188509F20AA0E1E75E0118772B9216E8C62",
"obj/Debug/net8.0-windows/Aimmy2_kuwp0etm_wpftmp.assets.cache","Custom-only","Build-or-runtime-review","36246",,"F9594861797FFB1ACB4AF2B0F8F8FC70E42995197B04AC07AC2AD7BF3EA149AB",
"obj/Debug/net8.0-windows/Aimmy2_kuwp0etm_wpftmp.GeneratedMSBuildEditorConfig.editorconfig","Custom-only","Build-or-runtime-review","1149",,"98176DAE78CCB53DDE88AC657DFBA4937F1E53EC93DE7CDC1361C7885FEA94A9",
"obj/Debug/net8.0-windows/Aimmy2_kuwp0etm_wpftmp.GlobalUsings.g.cs","Custom-only","Build-or-runtime-review","183",,"FE45EA572AADFD1A9B54CF7251405CFA11B748CA88B034F06A724D49758CED2D",
"obj/Debug/net8.0-windows/Aimmy2_kwyxqtbe_wpftmp.AssemblyInfo.cs","Custom-only","Build-or-runtime-review","1134",,"2F8C29215F674C512A34E86826AEF40C8ABD269B7C1C6D14D5B06E834B28541D",
"obj/Debug/net8.0-windows/Aimmy2_kwyxqtbe_wpftmp.AssemblyInfoInputs.cache","Custom-only","Build-or-runtime-review","66",,"1FED0A160B24DC1F879F46CA141E0188509F20AA0E1E75E0118772B9216E8C62",
"obj/Debug/net8.0-windows/Aimmy2_kwyxqtbe_wpftmp.assets.cache","Custom-only","Build-or-runtime-review","36246",,"14BE206B6FD4BA6AFFD736E61C5BE852A5C074D5149BBB37CDDA324F05A77C79",
"obj/Debug/net8.0-windows/Aimmy2_kwyxqtbe_wpftmp.GeneratedMSBuildEditorConfig.editorconfig","Custom-only","Build-or-runtime-review","819",,"3EF9182B52BEC39BB699BFEDA752F9503391A74FEF47E0F28DE1EF6BBECF8217",
"obj/Debug/net8.0-windows/Aimmy2_kwyxqtbe_wpftmp.GlobalUsings.g.cs","Custom-only","Build-or-runtime-review","183",,"FE45EA572AADFD1A9B54CF7251405CFA11B748CA88B034F06A724D49758CED2D",
"obj/Debug/net8.0-windows/Aimmy2_kzyvyavu_wpftmp.AssemblyInfo.cs","Custom-only","Build-or-runtime-review","1134",,"2F8C29215F674C512A34E86826AEF40C8ABD269B7C1C6D14D5B06E834B28541D",
"obj/Debug/net8.0-windows/Aimmy2_kzyvyavu_wpftmp.AssemblyInfoInputs.cache","Custom-only","Build-or-runtime-review","66",,"1FED0A160B24DC1F879F46CA141E0188509F20AA0E1E75E0118772B9216E8C62",
"obj/Debug/net8.0-windows/Aimmy2_kzyvyavu_wpftmp.assets.cache","Custom-only","Build-or-runtime-review","36246",,"20C2350D06395D104180B31C30C3B0A8B9389F712935F9B8049AF107FC74A338",
"obj/Debug/net8.0-windows/Aimmy2_kzyvyavu_wpftmp.GeneratedMSBuildEditorConfig.editorconfig","Custom-only","Build-or-runtime-review","819",,"3EF9182B52BEC39BB699BFEDA752F9503391A74FEF47E0F28DE1EF6BBECF8217",
"obj/Debug/net8.0-windows/Aimmy2_kzyvyavu_wpftmp.GlobalUsings.g.cs","Custom-only","Build-or-runtime-review","183",,"FE45EA572AADFD1A9B54CF7251405CFA11B748CA88B034F06A724D49758CED2D",
"obj/Debug/net8.0-windows/Aimmy2_lcw2vvpa_wpftmp.AssemblyInfo.cs","Custom-only","Build-or-runtime-review","1134",,"2F8C29215F674C512A34E86826AEF40C8ABD269B7C1C6D14D5B06E834B28541D",
"obj/Debug/net8.0-windows/Aimmy2_lcw2vvpa_wpftmp.AssemblyInfoInputs.cache","Custom-only","Build-or-runtime-review","66",,"1FED0A160B24DC1F879F46CA141E0188509F20AA0E1E75E0118772B9216E8C62",
"obj/Debug/net8.0-windows/Aimmy2_lcw2vvpa_wpftmp.assets.cache","Custom-only","Build-or-runtime-review","36246",,"7336BF56486E0E65E0FF7DF01A1F905D750FB9B0234C6562E55771BC33CD370D",
"obj/Debug/net8.0-windows/Aimmy2_lcw2vvpa_wpftmp.GeneratedMSBuildEditorConfig.editorconfig","Custom-only","Build-or-runtime-review","819",,"3DAC3D055227D868929ADA0C602D9735AD5C5322C2114692A00102C40CFDFAED",
"obj/Debug/net8.0-windows/Aimmy2_lcw2vvpa_wpftmp.GlobalUsings.g.cs","Custom-only","Build-or-runtime-review","183",,"FE45EA572AADFD1A9B54CF7251405CFA11B748CA88B034F06A724D49758CED2D",
"obj/Debug/net8.0-windows/Aimmy2_lhq1f03l_wpftmp.AssemblyInfo.cs","Custom-only","Build-or-runtime-review","1134",,"2F8C29215F674C512A34E86826AEF40C8ABD269B7C1C6D14D5B06E834B28541D",
"obj/Debug/net8.0-windows/Aimmy2_lhq1f03l_wpftmp.AssemblyInfoInputs.cache","Custom-only","Build-or-runtime-review","66",,"1FED0A160B24DC1F879F46CA141E0188509F20AA0E1E75E0118772B9216E8C62",
"obj/Debug/net8.0-windows/Aimmy2_lhq1f03l_wpftmp.assets.cache","Custom-only","Build-or-runtime-review","36246",,"C646C65FECBC3776087750267E66B134CA365A65095E84E13CD764919CEBC21C",
"obj/Debug/net8.0-windows/Aimmy2_lhq1f03l_wpftmp.GeneratedMSBuildEditorConfig.editorconfig","Custom-only","Build-or-runtime-review","819",,"3DAC3D055227D868929ADA0C602D9735AD5C5322C2114692A00102C40CFDFAED",
"obj/Debug/net8.0-windows/Aimmy2_lhq1f03l_wpftmp.GlobalUsings.g.cs","Custom-only","Build-or-runtime-review","183",,"FE45EA572AADFD1A9B54CF7251405CFA11B748CA88B034F06A724D49758CED2D",
"obj/Debug/net8.0-windows/Aimmy2_liwthoit_wpftmp.AssemblyInfo.cs","Custom-only","Build-or-runtime-review","1134",,"2F8C29215F674C512A34E86826AEF40C8ABD269B7C1C6D14D5B06E834B28541D",
"obj/Debug/net8.0-windows/Aimmy2_liwthoit_wpftmp.AssemblyInfoInputs.cache","Custom-only","Build-or-runtime-review","66",,"1FED0A160B24DC1F879F46CA141E0188509F20AA0E1E75E0118772B9216E8C62",
"obj/Debug/net8.0-windows/Aimmy2_liwthoit_wpftmp.assets.cache","Custom-only","Build-or-runtime-review","36246",,"8B42DA7436A2C0D4D113445584FC3CA6A400079B706A18019152918499BAF827",
"obj/Debug/net8.0-windows/Aimmy2_liwthoit_wpftmp.GeneratedMSBuildEditorConfig.editorconfig","Custom-only","Build-or-runtime-review","1149",,"98176DAE78CCB53DDE88AC657DFBA4937F1E53EC93DE7CDC1361C7885FEA94A9",
"obj/Debug/net8.0-windows/Aimmy2_liwthoit_wpftmp.GlobalUsings.g.cs","Custom-only","Build-or-runtime-review","183",,"FE45EA572AADFD1A9B54CF7251405CFA11B748CA88B034F06A724D49758CED2D",
"obj/Debug/net8.0-windows/Aimmy2_lohvnkmy_wpftmp.AssemblyInfo.cs","Custom-only","Build-or-runtime-review","1134",,"2F8C29215F674C512A34E86826AEF40C8ABD269B7C1C6D14D5B06E834B28541D",
"obj/Debug/net8.0-windows/Aimmy2_lohvnkmy_wpftmp.AssemblyInfoInputs.cache","Custom-only","Build-or-runtime-review","66",,"1FED0A160B24DC1F879F46CA141E0188509F20AA0E1E75E0118772B9216E8C62",
"obj/Debug/net8.0-windows/Aimmy2_lohvnkmy_wpftmp.assets.cache","Custom-only","Build-or-runtime-review","36246",,"B61CC35C426D75DB761B061A280F2EFA0A538A5430D908E8818823B70B827965",
"obj/Debug/net8.0-windows/Aimmy2_lohvnkmy_wpftmp.GeneratedMSBuildEditorConfig.editorconfig","Custom-only","Build-or-runtime-review","819",,"3DAC3D055227D868929ADA0C602D9735AD5C5322C2114692A00102C40CFDFAED",
"obj/Debug/net8.0-windows/Aimmy2_lohvnkmy_wpftmp.GlobalUsings.g.cs","Custom-only","Build-or-runtime-review","183",,"FE45EA572AADFD1A9B54CF7251405CFA11B748CA88B034F06A724D49758CED2D",
"obj/Debug/net8.0-windows/Aimmy2_loxfb1xw_wpftmp.AssemblyInfo.cs","Custom-only","Build-or-runtime-review","1134",,"2F8C29215F674C512A34E86826AEF40C8ABD269B7C1C6D14D5B06E834B28541D",
"obj/Debug/net8.0-windows/Aimmy2_loxfb1xw_wpftmp.AssemblyInfoInputs.cache","Custom-only","Build-or-runtime-review","66",,"1FED0A160B24DC1F879F46CA141E0188509F20AA0E1E75E0118772B9216E8C62",
"obj/Debug/net8.0-windows/Aimmy2_loxfb1xw_wpftmp.assets.cache","Custom-only","Build-or-runtime-review","36246",,"73354875DD6E30DF0338DB28A699E90879F6F37239C6D0EB668D01CAFBFC9539",
"obj/Debug/net8.0-windows/Aimmy2_loxfb1xw_wpftmp.GeneratedMSBuildEditorConfig.editorconfig","Custom-only","Build-or-runtime-review","819",,"3DAC3D055227D868929ADA0C602D9735AD5C5322C2114692A00102C40CFDFAED",
"obj/Debug/net8.0-windows/Aimmy2_loxfb1xw_wpftmp.GlobalUsings.g.cs","Custom-only","Build-or-runtime-review","183",,"FE45EA572AADFD1A9B54CF7251405CFA11B748CA88B034F06A724D49758CED2D",
"obj/Debug/net8.0-windows/Aimmy2_lpjastb2_wpftmp.AssemblyInfo.cs","Custom-only","Build-or-runtime-review","1134",,"2F8C29215F674C512A34E86826AEF40C8ABD269B7C1C6D14D5B06E834B28541D",
"obj/Debug/net8.0-windows/Aimmy2_lpjastb2_wpftmp.AssemblyInfoInputs.cache","Custom-only","Build-or-runtime-review","66",,"1FED0A160B24DC1F879F46CA141E0188509F20AA0E1E75E0118772B9216E8C62",
"obj/Debug/net8.0-windows/Aimmy2_lpjastb2_wpftmp.assets.cache","Custom-only","Build-or-runtime-review","36246",,"222E17314DD9B29D47FE333317E6354A76841DE284A99CDD960C7A74B3565809",
"obj/Debug/net8.0-windows/Aimmy2_lpjastb2_wpftmp.GeneratedMSBuildEditorConfig.editorconfig","Custom-only","Build-or-runtime-review","819",,"3EF9182B52BEC39BB699BFEDA752F9503391A74FEF47E0F28DE1EF6BBECF8217",
"obj/Debug/net8.0-windows/Aimmy2_lpjastb2_wpftmp.GlobalUsings.g.cs","Custom-only","Build-or-runtime-review","183",,"FE45EA572AADFD1A9B54CF7251405CFA11B748CA88B034F06A724D49758CED2D",
"obj/Debug/net8.0-windows/Aimmy2_lwh2amlo_wpftmp.AssemblyInfo.cs","Custom-only","Build-or-runtime-review","1134",,"2F8C29215F674C512A34E86826AEF40C8ABD269B7C1C6D14D5B06E834B28541D",
"obj/Debug/net8.0-windows/Aimmy2_lwh2amlo_wpftmp.AssemblyInfoInputs.cache","Custom-only","Build-or-runtime-review","66",,"1FED0A160B24DC1F879F46CA141E0188509F20AA0E1E75E0118772B9216E8C62",
"obj/Debug/net8.0-windows/Aimmy2_lwh2amlo_wpftmp.assets.cache","Custom-only","Build-or-runtime-review","36246",,"B926D9F7C2CA5425E6CEF4445AE36B8D59F017597EB52EF9B960DFB3A557DD2D",
"obj/Debug/net8.0-windows/Aimmy2_lwh2amlo_wpftmp.GeneratedMSBuildEditorConfig.editorconfig","Custom-only","Build-or-runtime-review","1149",,"82A2A9623CDA906D56014E452685D4E9051AC711A515221145F7E6D01B7596D9",
"obj/Debug/net8.0-windows/Aimmy2_lwh2amlo_wpftmp.GlobalUsings.g.cs","Custom-only","Build-or-runtime-review","183",,"FE45EA572AADFD1A9B54CF7251405CFA11B748CA88B034F06A724D49758CED2D",
"obj/Debug/net8.0-windows/Aimmy2_m20djvig_wpftmp.AssemblyInfo.cs","Custom-only","Build-or-runtime-review","1134",,"2F8C29215F674C512A34E86826AEF40C8ABD269B7C1C6D14D5B06E834B28541D",
"obj/Debug/net8.0-windows/Aimmy2_m20djvig_wpftmp.AssemblyInfoInputs.cache","Custom-only","Build-or-runtime-review","66",,"1FED0A160B24DC1F879F46CA141E0188509F20AA0E1E75E0118772B9216E8C62",
"obj/Debug/net8.0-windows/Aimmy2_m20djvig_wpftmp.assets.cache","Custom-only","Build-or-runtime-review","36246",,"98B41D9973275799E185177AAEF196C15187E73DB423665BA238C9C0DC2CEC7B",
"obj/Debug/net8.0-windows/Aimmy2_m20djvig_wpftmp.GeneratedMSBuildEditorConfig.editorconfig","Custom-only","Build-or-runtime-review","819",,"3EF9182B52BEC39BB699BFEDA752F9503391A74FEF47E0F28DE1EF6BBECF8217",
"obj/Debug/net8.0-windows/Aimmy2_m20djvig_wpftmp.GlobalUsings.g.cs","Custom-only","Build-or-runtime-review","183",,"FE45EA572AADFD1A9B54CF7251405CFA11B748CA88B034F06A724D49758CED2D",
"obj/Debug/net8.0-windows/Aimmy2_mdp0wmxq_wpftmp.AssemblyInfo.cs","Custom-only","Build-or-runtime-review","1134",,"2F8C29215F674C512A34E86826AEF40C8ABD269B7C1C6D14D5B06E834B28541D",
"obj/Debug/net8.0-windows/Aimmy2_mdp0wmxq_wpftmp.AssemblyInfoInputs.cache","Custom-only","Build-or-runtime-review","66",,"1FED0A160B24DC1F879F46CA141E0188509F20AA0E1E75E0118772B9216E8C62",
"obj/Debug/net8.0-windows/Aimmy2_mdp0wmxq_wpftmp.assets.cache","Custom-only","Build-or-runtime-review","36246",,"B771568AD965457070EF9A6A799AA24A35CA7DB0772C7E03D4C07686FF4DD210",
"obj/Debug/net8.0-windows/Aimmy2_mdp0wmxq_wpftmp.GeneratedMSBuildEditorConfig.editorconfig","Custom-only","Build-or-runtime-review","819",,"3EF9182B52BEC39BB699BFEDA752F9503391A74FEF47E0F28DE1EF6BBECF8217",
"obj/Debug/net8.0-windows/Aimmy2_mdp0wmxq_wpftmp.GlobalUsings.g.cs","Custom-only","Build-or-runtime-review","183",,"FE45EA572AADFD1A9B54CF7251405CFA11B748CA88B034F06A724D49758CED2D",
"obj/Debug/net8.0-windows/Aimmy2_nc3bfek1_wpftmp.AssemblyInfo.cs","Custom-only","Build-or-runtime-review","1134",,"2F8C29215F674C512A34E86826AEF40C8ABD269B7C1C6D14D5B06E834B28541D",
"obj/Debug/net8.0-windows/Aimmy2_nc3bfek1_wpftmp.AssemblyInfoInputs.cache","Custom-only","Build-or-runtime-review","66",,"1FED0A160B24DC1F879F46CA141E0188509F20AA0E1E75E0118772B9216E8C62",
"obj/Debug/net8.0-windows/Aimmy2_nc3bfek1_wpftmp.assets.cache","Custom-only","Build-or-runtime-review","36246",,"AD096352A18F8312583C63C00CB6487630D1E1ABD708335651499F73B5150043",
"obj/Debug/net8.0-windows/Aimmy2_nc3bfek1_wpftmp.GeneratedMSBuildEditorConfig.editorconfig","Custom-only","Build-or-runtime-review","819",,"3EF9182B52BEC39BB699BFEDA752F9503391A74FEF47E0F28DE1EF6BBECF8217",
"obj/Debug/net8.0-windows/Aimmy2_nc3bfek1_wpftmp.GlobalUsings.g.cs","Custom-only","Build-or-runtime-review","183",,"FE45EA572AADFD1A9B54CF7251405CFA11B748CA88B034F06A724D49758CED2D",
"obj/Debug/net8.0-windows/Aimmy2_ngqdu31u_wpftmp.AssemblyInfo.cs","Custom-only","Build-or-runtime-review","1134",,"2F8C29215F674C512A34E86826AEF40C8ABD269B7C1C6D14D5B06E834B28541D",
"obj/Debug/net8.0-windows/Aimmy2_ngqdu31u_wpftmp.AssemblyInfoInputs.cache","Custom-only","Build-or-runtime-review","66",,"1FED0A160B24DC1F879F46CA141E0188509F20AA0E1E75E0118772B9216E8C62",
"obj/Debug/net8.0-windows/Aimmy2_ngqdu31u_wpftmp.assets.cache","Custom-only","Build-or-runtime-review","36246",,"59DB97CE468353E7A446F414AE5B871BBE4DD44C20F7775425237E4D6E479841",
"obj/Debug/net8.0-windows/Aimmy2_ngqdu31u_wpftmp.GeneratedMSBuildEditorConfig.editorconfig","Custom-only","Build-or-runtime-review","819",,"3EF9182B52BEC39BB699BFEDA752F9503391A74FEF47E0F28DE1EF6BBECF8217",
"obj/Debug/net8.0-windows/Aimmy2_ngqdu31u_wpftmp.GlobalUsings.g.cs","Custom-only","Build-or-runtime-review","183",,"FE45EA572AADFD1A9B54CF7251405CFA11B748CA88B034F06A724D49758CED2D",
"obj/Debug/net8.0-windows/Aimmy2_nlki0atz_wpftmp.AssemblyInfo.cs","Custom-only","Build-or-runtime-review","1134",,"2F8C29215F674C512A34E86826AEF40C8ABD269B7C1C6D14D5B06E834B28541D",
"obj/Debug/net8.0-windows/Aimmy2_nlki0atz_wpftmp.AssemblyInfoInputs.cache","Custom-only","Build-or-runtime-review","66",,"1FED0A160B24DC1F879F46CA141E0188509F20AA0E1E75E0118772B9216E8C62",
"obj/Debug/net8.0-windows/Aimmy2_nlki0atz_wpftmp.assets.cache","Custom-only","Build-or-runtime-review","36246",,"0BB9D7ECD54FA128D79CD7EA1F798BE23960BD757D62C86BCC59723B31D7B3AB",
"obj/Debug/net8.0-windows/Aimmy2_nlki0atz_wpftmp.GeneratedMSBuildEditorConfig.editorconfig","Custom-only","Build-or-runtime-review","819",,"3EF9182B52BEC39BB699BFEDA752F9503391A74FEF47E0F28DE1EF6BBECF8217",
"obj/Debug/net8.0-windows/Aimmy2_nlki0atz_wpftmp.GlobalUsings.g.cs","Custom-only","Build-or-runtime-review","183",,"FE45EA572AADFD1A9B54CF7251405CFA11B748CA88B034F06A724D49758CED2D",
"obj/Debug/net8.0-windows/Aimmy2_nrv2tue1_wpftmp.AssemblyInfo.cs","Custom-only","Build-or-runtime-review","1134",,"2F8C29215F674C512A34E86826AEF40C8ABD269B7C1C6D14D5B06E834B28541D",
"obj/Debug/net8.0-windows/Aimmy2_nrv2tue1_wpftmp.AssemblyInfoInputs.cache","Custom-only","Build-or-runtime-review","66",,"1FED0A160B24DC1F879F46CA141E0188509F20AA0E1E75E0118772B9216E8C62",
"obj/Debug/net8.0-windows/Aimmy2_nrv2tue1_wpftmp.assets.cache","Custom-only","Build-or-runtime-review","36246",,"1FB45C6810BD0FE0D7BD122E525DC6349A374807BB7B34D12AF27C14DFFC119D",
"obj/Debug/net8.0-windows/Aimmy2_nrv2tue1_wpftmp.GeneratedMSBuildEditorConfig.editorconfig","Custom-only","Build-or-runtime-review","1149",,"82A2A9623CDA906D56014E452685D4E9051AC711A515221145F7E6D01B7596D9",
"obj/Debug/net8.0-windows/Aimmy2_nrv2tue1_wpftmp.GlobalUsings.g.cs","Custom-only","Build-or-runtime-review","183",,"FE45EA572AADFD1A9B54CF7251405CFA11B748CA88B034F06A724D49758CED2D",
"obj/Debug/net8.0-windows/Aimmy2_nv42kpzq_wpftmp.AssemblyInfo.cs","Custom-only","Build-or-runtime-review","1134",,"2F8C29215F674C512A34E86826AEF40C8ABD269B7C1C6D14D5B06E834B28541D",
"obj/Debug/net8.0-windows/Aimmy2_nv42kpzq_wpftmp.AssemblyInfoInputs.cache","Custom-only","Build-or-runtime-review","66",,"1FED0A160B24DC1F879F46CA141E0188509F20AA0E1E75E0118772B9216E8C62",
"obj/Debug/net8.0-windows/Aimmy2_nv42kpzq_wpftmp.assets.cache","Custom-only","Build-or-runtime-review","36246",,"81F7AFDE2ECFE96752EB6EF10D1294E7F6DC770E9C050582B00B6FD5E7B97E71",
"obj/Debug/net8.0-windows/Aimmy2_nv42kpzq_wpftmp.GeneratedMSBuildEditorConfig.editorconfig","Custom-only","Build-or-runtime-review","819",,"3EF9182B52BEC39BB699BFEDA752F9503391A74FEF47E0F28DE1EF6BBECF8217",
"obj/Debug/net8.0-windows/Aimmy2_nv42kpzq_wpftmp.GlobalUsings.g.cs","Custom-only","Build-or-runtime-review","183",,"FE45EA572AADFD1A9B54CF7251405CFA11B748CA88B034F06A724D49758CED2D",
"obj/Debug/net8.0-windows/Aimmy2_nwugbkcs_wpftmp.AssemblyInfo.cs","Custom-only","Build-or-runtime-review","1134",,"2F8C29215F674C512A34E86826AEF40C8ABD269B7C1C6D14D5B06E834B28541D",
"obj/Debug/net8.0-windows/Aimmy2_nwugbkcs_wpftmp.AssemblyInfoInputs.cache","Custom-only","Build-or-runtime-review","66",,"1FED0A160B24DC1F879F46CA141E0188509F20AA0E1E75E0118772B9216E8C62",
"obj/Debug/net8.0-windows/Aimmy2_nwugbkcs_wpftmp.assets.cache","Custom-only","Build-or-runtime-review","36246",,"D0E41B39A5E8B32410979316CDC9AF6FFC37C29F006F967DD1FD55E2F2247EA8",
"obj/Debug/net8.0-windows/Aimmy2_nwugbkcs_wpftmp.GeneratedMSBuildEditorConfig.editorconfig","Custom-only","Build-or-runtime-review","819",,"3EF9182B52BEC39BB699BFEDA752F9503391A74FEF47E0F28DE1EF6BBECF8217",
"obj/Debug/net8.0-windows/Aimmy2_nwugbkcs_wpftmp.GlobalUsings.g.cs","Custom-only","Build-or-runtime-review","183",,"FE45EA572AADFD1A9B54CF7251405CFA11B748CA88B034F06A724D49758CED2D",
"obj/Debug/net8.0-windows/Aimmy2_o0drm3tt_wpftmp.AssemblyInfo.cs","Custom-only","Build-or-runtime-review","1134",,"2F8C29215F674C512A34E86826AEF40C8ABD269B7C1C6D14D5B06E834B28541D",
"obj/Debug/net8.0-windows/Aimmy2_o0drm3tt_wpftmp.AssemblyInfoInputs.cache","Custom-only","Build-or-runtime-review","66",,"1FED0A160B24DC1F879F46CA141E0188509F20AA0E1E75E0118772B9216E8C62",
"obj/Debug/net8.0-windows/Aimmy2_o0drm3tt_wpftmp.assets.cache","Custom-only","Build-or-runtime-review","36246",,"1636C3F8668E6D40EB08374A7A5670E21C410A0DC3B54DD198BD694F844D1F38",
"obj/Debug/net8.0-windows/Aimmy2_o0drm3tt_wpftmp.GeneratedMSBuildEditorConfig.editorconfig","Custom-only","Build-or-runtime-review","1149",,"98176DAE78CCB53DDE88AC657DFBA4937F1E53EC93DE7CDC1361C7885FEA94A9",
"obj/Debug/net8.0-windows/Aimmy2_o0drm3tt_wpftmp.GlobalUsings.g.cs","Custom-only","Build-or-runtime-review","183",,"FE45EA572AADFD1A9B54CF7251405CFA11B748CA88B034F06A724D49758CED2D",
"obj/Debug/net8.0-windows/Aimmy2_oe3a44uz_wpftmp.AssemblyInfo.cs","Custom-only","Build-or-runtime-review","1134",,"2F8C29215F674C512A34E86826AEF40C8ABD269B7C1C6D14D5B06E834B28541D",
"obj/Debug/net8.0-windows/Aimmy2_oe3a44uz_wpftmp.AssemblyInfoInputs.cache","Custom-only","Build-or-runtime-review","66",,"1FED0A160B24DC1F879F46CA141E0188509F20AA0E1E75E0118772B9216E8C62",
"obj/Debug/net8.0-windows/Aimmy2_oe3a44uz_wpftmp.assets.cache","Custom-only","Build-or-runtime-review","36246",,"DCB23275346FB2974030401CC04CDA34AC30A8DD18108D4336DE7E17BD244B5B",
"obj/Debug/net8.0-windows/Aimmy2_oe3a44uz_wpftmp.GeneratedMSBuildEditorConfig.editorconfig","Custom-only","Build-or-runtime-review","819",,"3EF9182B52BEC39BB699BFEDA752F9503391A74FEF47E0F28DE1EF6BBECF8217",
"obj/Debug/net8.0-windows/Aimmy2_oe3a44uz_wpftmp.GlobalUsings.g.cs","Custom-only","Build-or-runtime-review","183",,"FE45EA572AADFD1A9B54CF7251405CFA11B748CA88B034F06A724D49758CED2D",
"obj/Debug/net8.0-windows/Aimmy2_of320iwb_wpftmp.AssemblyInfo.cs","Custom-only","Build-or-runtime-review","1134",,"2F8C29215F674C512A34E86826AEF40C8ABD269B7C1C6D14D5B06E834B28541D",
"obj/Debug/net8.0-windows/Aimmy2_of320iwb_wpftmp.AssemblyInfoInputs.cache","Custom-only","Build-or-runtime-review","66",,"1FED0A160B24DC1F879F46CA141E0188509F20AA0E1E75E0118772B9216E8C62",
"obj/Debug/net8.0-windows/Aimmy2_of320iwb_wpftmp.assets.cache","Custom-only","Build-or-runtime-review","36246",,"9C9FCD0C8F464E4864B30C67A670E703D48885B29B8CF070353875928D096F26",
"obj/Debug/net8.0-windows/Aimmy2_of320iwb_wpftmp.GeneratedMSBuildEditorConfig.editorconfig","Custom-only","Build-or-runtime-review","819",,"3EF9182B52BEC39BB699BFEDA752F9503391A74FEF47E0F28DE1EF6BBECF8217",
"obj/Debug/net8.0-windows/Aimmy2_of320iwb_wpftmp.GlobalUsings.g.cs","Custom-only","Build-or-runtime-review","183",,"FE45EA572AADFD1A9B54CF7251405CFA11B748CA88B034F06A724D49758CED2D",
"obj/Debug/net8.0-windows/Aimmy2_oqd3nxre_wpftmp.AssemblyInfo.cs","Custom-only","Build-or-runtime-review","1134",,"2F8C29215F674C512A34E86826AEF40C8ABD269B7C1C6D14D5B06E834B28541D",
"obj/Debug/net8.0-windows/Aimmy2_oqd3nxre_wpftmp.AssemblyInfoInputs.cache","Custom-only","Build-or-runtime-review","66",,"1FED0A160B24DC1F879F46CA141E0188509F20AA0E1E75E0118772B9216E8C62",
"obj/Debug/net8.0-windows/Aimmy2_oqd3nxre_wpftmp.assets.cache","Custom-only","Build-or-runtime-review","36246",,"68974A4C86FFE93CFC3A204D0C9DE4E22B9D170C67E1394364A033747588AFAB",
"obj/Debug/net8.0-windows/Aimmy2_oqd3nxre_wpftmp.GeneratedMSBuildEditorConfig.editorconfig","Custom-only","Build-or-runtime-review","819",,"3EF9182B52BEC39BB699BFEDA752F9503391A74FEF47E0F28DE1EF6BBECF8217",
"obj/Debug/net8.0-windows/Aimmy2_oqd3nxre_wpftmp.GlobalUsings.g.cs","Custom-only","Build-or-runtime-review","183",,"FE45EA572AADFD1A9B54CF7251405CFA11B748CA88B034F06A724D49758CED2D",
"obj/Debug/net8.0-windows/Aimmy2_otsqof4r_wpftmp.AssemblyInfo.cs","Custom-only","Build-or-runtime-review","1134",,"2F8C29215F674C512A34E86826AEF40C8ABD269B7C1C6D14D5B06E834B28541D",
"obj/Debug/net8.0-windows/Aimmy2_otsqof4r_wpftmp.AssemblyInfoInputs.cache","Custom-only","Build-or-runtime-review","66",,"1FED0A160B24DC1F879F46CA141E0188509F20AA0E1E75E0118772B9216E8C62",
"obj/Debug/net8.0-windows/Aimmy2_otsqof4r_wpftmp.assets.cache","Custom-only","Build-or-runtime-review","36246",,"360CB11FF702DE9984A3BF8F579C635CA339165E63DD9C5A9BDD1D8A65EA45B4",
"obj/Debug/net8.0-windows/Aimmy2_otsqof4r_wpftmp.GeneratedMSBuildEditorConfig.editorconfig","Custom-only","Build-or-runtime-review","819",,"3EF9182B52BEC39BB699BFEDA752F9503391A74FEF47E0F28DE1EF6BBECF8217",
"obj/Debug/net8.0-windows/Aimmy2_otsqof4r_wpftmp.GlobalUsings.g.cs","Custom-only","Build-or-runtime-review","183",,"FE45EA572AADFD1A9B54CF7251405CFA11B748CA88B034F06A724D49758CED2D",
"obj/Debug/net8.0-windows/Aimmy2_oz15b2wk_wpftmp.AssemblyInfo.cs","Custom-only","Build-or-runtime-review","1134",,"2F8C29215F674C512A34E86826AEF40C8ABD269B7C1C6D14D5B06E834B28541D",
"obj/Debug/net8.0-windows/Aimmy2_oz15b2wk_wpftmp.AssemblyInfoInputs.cache","Custom-only","Build-or-runtime-review","66",,"1FED0A160B24DC1F879F46CA141E0188509F20AA0E1E75E0118772B9216E8C62",
"obj/Debug/net8.0-windows/Aimmy2_oz15b2wk_wpftmp.assets.cache","Custom-only","Build-or-runtime-review","36246",,"7B6719190BC5FFDB447BAF01779288976F76DE90ED9A603C68B33144D20027DA",
"obj/Debug/net8.0-windows/Aimmy2_oz15b2wk_wpftmp.GeneratedMSBuildEditorConfig.editorconfig","Custom-only","Build-or-runtime-review","819",,"3EF9182B52BEC39BB699BFEDA752F9503391A74FEF47E0F28DE1EF6BBECF8217",
"obj/Debug/net8.0-windows/Aimmy2_oz15b2wk_wpftmp.GlobalUsings.g.cs","Custom-only","Build-or-runtime-review","183",,"FE45EA572AADFD1A9B54CF7251405CFA11B748CA88B034F06A724D49758CED2D",
"obj/Debug/net8.0-windows/Aimmy2_p2ykdozr_wpftmp.AssemblyInfo.cs","Custom-only","Build-or-runtime-review","1134",,"2F8C29215F674C512A34E86826AEF40C8ABD269B7C1C6D14D5B06E834B28541D",
"obj/Debug/net8.0-windows/Aimmy2_p2ykdozr_wpftmp.AssemblyInfoInputs.cache","Custom-only","Build-or-runtime-review","66",,"1FED0A160B24DC1F879F46CA141E0188509F20AA0E1E75E0118772B9216E8C62",
"obj/Debug/net8.0-windows/Aimmy2_p2ykdozr_wpftmp.assets.cache","Custom-only","Build-or-runtime-review","36246",,"C4CC56935A43E1F4BBD11D8AB25965F3270D13E4ABA9B8658FF327C63D031A35",
"obj/Debug/net8.0-windows/Aimmy2_p2ykdozr_wpftmp.GeneratedMSBuildEditorConfig.editorconfig","Custom-only","Build-or-runtime-review","819",,"3EF9182B52BEC39BB699BFEDA752F9503391A74FEF47E0F28DE1EF6BBECF8217",
"obj/Debug/net8.0-windows/Aimmy2_p2ykdozr_wpftmp.GlobalUsings.g.cs","Custom-only","Build-or-runtime-review","183",,"FE45EA572AADFD1A9B54CF7251405CFA11B748CA88B034F06A724D49758CED2D",
"obj/Debug/net8.0-windows/Aimmy2_p3urranx_wpftmp.AssemblyInfo.cs","Custom-only","Build-or-runtime-review","1134",,"2F8C29215F674C512A34E86826AEF40C8ABD269B7C1C6D14D5B06E834B28541D",
"obj/Debug/net8.0-windows/Aimmy2_p3urranx_wpftmp.AssemblyInfoInputs.cache","Custom-only","Build-or-runtime-review","66",,"1FED0A160B24DC1F879F46CA141E0188509F20AA0E1E75E0118772B9216E8C62",
"obj/Debug/net8.0-windows/Aimmy2_p3urranx_wpftmp.assets.cache","Custom-only","Build-or-runtime-review","36246",,"73CCC755D082326257E9FA6545F7448BCF3678695A559E9039EE992473AA9282",
"obj/Debug/net8.0-windows/Aimmy2_p3urranx_wpftmp.GeneratedMSBuildEditorConfig.editorconfig","Custom-only","Build-or-runtime-review","819",,"3EF9182B52BEC39BB699BFEDA752F9503391A74FEF47E0F28DE1EF6BBECF8217",
"obj/Debug/net8.0-windows/Aimmy2_p3urranx_wpftmp.GlobalUsings.g.cs","Custom-only","Build-or-runtime-review","183",,"FE45EA572AADFD1A9B54CF7251405CFA11B748CA88B034F06A724D49758CED2D",
"obj/Debug/net8.0-windows/Aimmy2_p4sszawh_wpftmp.AssemblyInfo.cs","Custom-only","Build-or-runtime-review","1134",,"2F8C29215F674C512A34E86826AEF40C8ABD269B7C1C6D14D5B06E834B28541D",
"obj/Debug/net8.0-windows/Aimmy2_p4sszawh_wpftmp.AssemblyInfoInputs.cache","Custom-only","Build-or-runtime-review","66",,"1FED0A160B24DC1F879F46CA141E0188509F20AA0E1E75E0118772B9216E8C62",
"obj/Debug/net8.0-windows/Aimmy2_p4sszawh_wpftmp.assets.cache","Custom-only","Build-or-runtime-review","36246",,"25F92D678B0DBA2464ABB765F0740DD46DEA07ADE90DB5E55EAEF0B284877427",
"obj/Debug/net8.0-windows/Aimmy2_p4sszawh_wpftmp.GeneratedMSBuildEditorConfig.editorconfig","Custom-only","Build-or-runtime-review","819",,"3EF9182B52BEC39BB699BFEDA752F9503391A74FEF47E0F28DE1EF6BBECF8217",
"obj/Debug/net8.0-windows/Aimmy2_p4sszawh_wpftmp.GlobalUsings.g.cs","Custom-only","Build-or-runtime-review","183",,"FE45EA572AADFD1A9B54CF7251405CFA11B748CA88B034F06A724D49758CED2D",
"obj/Debug/net8.0-windows/Aimmy2_pdwtautf_wpftmp.AssemblyInfo.cs","Custom-only","Build-or-runtime-review","1134",,"2F8C29215F674C512A34E86826AEF40C8ABD269B7C1C6D14D5B06E834B28541D",
"obj/Debug/net8.0-windows/Aimmy2_pdwtautf_wpftmp.AssemblyInfoInputs.cache","Custom-only","Build-or-runtime-review","66",,"1FED0A160B24DC1F879F46CA141E0188509F20AA0E1E75E0118772B9216E8C62",
"obj/Debug/net8.0-windows/Aimmy2_pdwtautf_wpftmp.assets.cache","Custom-only","Build-or-runtime-review","36246",,"136A0AEC1AD0184ED0FBD73247D9A8DD19AF62479B3F61AD3A251AAF092500AF",
"obj/Debug/net8.0-windows/Aimmy2_pdwtautf_wpftmp.GeneratedMSBuildEditorConfig.editorconfig","Custom-only","Build-or-runtime-review","819",,"3DAC3D055227D868929ADA0C602D9735AD5C5322C2114692A00102C40CFDFAED",
"obj/Debug/net8.0-windows/Aimmy2_pdwtautf_wpftmp.GlobalUsings.g.cs","Custom-only","Build-or-runtime-review","183",,"FE45EA572AADFD1A9B54CF7251405CFA11B748CA88B034F06A724D49758CED2D",
"obj/Debug/net8.0-windows/Aimmy2_pfjon3q2_wpftmp.AssemblyInfo.cs","Custom-only","Build-or-runtime-review","1134",,"2F8C29215F674C512A34E86826AEF40C8ABD269B7C1C6D14D5B06E834B28541D",
"obj/Debug/net8.0-windows/Aimmy2_pfjon3q2_wpftmp.AssemblyInfoInputs.cache","Custom-only","Build-or-runtime-review","66",,"1FED0A160B24DC1F879F46CA141E0188509F20AA0E1E75E0118772B9216E8C62",
"obj/Debug/net8.0-windows/Aimmy2_pfjon3q2_wpftmp.assets.cache","Custom-only","Build-or-runtime-review","36246",,"DB601DC4D5FA154D182F94E7EE677E43FFA7755F0D3FA2B9FDE435B755D5C6A5",
"obj/Debug/net8.0-windows/Aimmy2_pfjon3q2_wpftmp.GeneratedMSBuildEditorConfig.editorconfig","Custom-only","Build-or-runtime-review","1149",,"98176DAE78CCB53DDE88AC657DFBA4937F1E53EC93DE7CDC1361C7885FEA94A9",
"obj/Debug/net8.0-windows/Aimmy2_pfjon3q2_wpftmp.GlobalUsings.g.cs","Custom-only","Build-or-runtime-review","183",,"FE45EA572AADFD1A9B54CF7251405CFA11B748CA88B034F06A724D49758CED2D",
"obj/Debug/net8.0-windows/Aimmy2_plnqahrr_wpftmp.AssemblyInfo.cs","Custom-only","Build-or-runtime-review","1134",,"2F8C29215F674C512A34E86826AEF40C8ABD269B7C1C6D14D5B06E834B28541D",
"obj/Debug/net8.0-windows/Aimmy2_plnqahrr_wpftmp.AssemblyInfoInputs.cache","Custom-only","Build-or-runtime-review","66",,"1FED0A160B24DC1F879F46CA141E0188509F20AA0E1E75E0118772B9216E8C62",
"obj/Debug/net8.0-windows/Aimmy2_plnqahrr_wpftmp.assets.cache","Custom-only","Build-or-runtime-review","36246",,"1ED4F147AEA3758CA4E877FE33E80BA0A0A271C351B05D9948B7CCBDDFF79C6E",
"obj/Debug/net8.0-windows/Aimmy2_plnqahrr_wpftmp.GeneratedMSBuildEditorConfig.editorconfig","Custom-only","Build-or-runtime-review","1149",,"98176DAE78CCB53DDE88AC657DFBA4937F1E53EC93DE7CDC1361C7885FEA94A9",
"obj/Debug/net8.0-windows/Aimmy2_plnqahrr_wpftmp.GlobalUsings.g.cs","Custom-only","Build-or-runtime-review","183",,"FE45EA572AADFD1A9B54CF7251405CFA11B748CA88B034F06A724D49758CED2D",
"obj/Debug/net8.0-windows/Aimmy2_pokm4clw_wpftmp.AssemblyInfo.cs","Custom-only","Build-or-runtime-review","1134",,"2F8C29215F674C512A34E86826AEF40C8ABD269B7C1C6D14D5B06E834B28541D",
"obj/Debug/net8.0-windows/Aimmy2_pokm4clw_wpftmp.AssemblyInfoInputs.cache","Custom-only","Build-or-runtime-review","66",,"1FED0A160B24DC1F879F46CA141E0188509F20AA0E1E75E0118772B9216E8C62",
"obj/Debug/net8.0-windows/Aimmy2_pokm4clw_wpftmp.assets.cache","Custom-only","Build-or-runtime-review","37798",,"E79312B4AE6F02ED93D76C8C87D99D717F9F8165D66A99E8F8806641463D771C",
"obj/Debug/net8.0-windows/Aimmy2_pokm4clw_wpftmp.GeneratedMSBuildEditorConfig.editorconfig","Custom-only","Build-or-runtime-review","1174",,"FE31C4AE4F7B5B5748CCFB9197539734FFEDFFECA99EE9C12453C7219560D797",
"obj/Debug/net8.0-windows/Aimmy2_pokm4clw_wpftmp.GlobalUsings.g.cs","Custom-only","Build-or-runtime-review","183",,"FE45EA572AADFD1A9B54CF7251405CFA11B748CA88B034F06A724D49758CED2D",
"obj/Debug/net8.0-windows/Aimmy2_pvvx1djm_wpftmp.AssemblyInfo.cs","Custom-only","Build-or-runtime-review","1134",,"2F8C29215F674C512A34E86826AEF40C8ABD269B7C1C6D14D5B06E834B28541D",
"obj/Debug/net8.0-windows/Aimmy2_pvvx1djm_wpftmp.AssemblyInfoInputs.cache","Custom-only","Build-or-runtime-review","66",,"1FED0A160B24DC1F879F46CA141E0188509F20AA0E1E75E0118772B9216E8C62",
"obj/Debug/net8.0-windows/Aimmy2_pvvx1djm_wpftmp.assets.cache","Custom-only","Build-or-runtime-review","36246",,"EFB75EFC78743A6A19830FF0F0775961866D9ACEADC4DA524A006180533AB6D6",
"obj/Debug/net8.0-windows/Aimmy2_pvvx1djm_wpftmp.GeneratedMSBuildEditorConfig.editorconfig","Custom-only","Build-or-runtime-review","819",,"3EF9182B52BEC39BB699BFEDA752F9503391A74FEF47E0F28DE1EF6BBECF8217",
"obj/Debug/net8.0-windows/Aimmy2_pvvx1djm_wpftmp.GlobalUsings.g.cs","Custom-only","Build-or-runtime-review","183",,"FE45EA572AADFD1A9B54CF7251405CFA11B748CA88B034F06A724D49758CED2D",
"obj/Debug/net8.0-windows/Aimmy2_pyqdpbva_wpftmp.AssemblyInfo.cs","Custom-only","Build-or-runtime-review","1134",,"2F8C29215F674C512A34E86826AEF40C8ABD269B7C1C6D14D5B06E834B28541D",
"obj/Debug/net8.0-windows/Aimmy2_pyqdpbva_wpftmp.AssemblyInfoInputs.cache","Custom-only","Build-or-runtime-review","66",,"1FED0A160B24DC1F879F46CA141E0188509F20AA0E1E75E0118772B9216E8C62",
"obj/Debug/net8.0-windows/Aimmy2_pyqdpbva_wpftmp.assets.cache","Custom-only","Build-or-runtime-review","36246",,"198D52E86C6BBA99E5E2F9D29E6D74F0C658470BE85075AE1AB9EF9DC8C35632",
"obj/Debug/net8.0-windows/Aimmy2_pyqdpbva_wpftmp.GeneratedMSBuildEditorConfig.editorconfig","Custom-only","Build-or-runtime-review","819",,"3DAC3D055227D868929ADA0C602D9735AD5C5322C2114692A00102C40CFDFAED",
"obj/Debug/net8.0-windows/Aimmy2_pyqdpbva_wpftmp.GlobalUsings.g.cs","Custom-only","Build-or-runtime-review","183",,"FE45EA572AADFD1A9B54CF7251405CFA11B748CA88B034F06A724D49758CED2D",
"obj/Debug/net8.0-windows/Aimmy2_pyuv5uax_wpftmp.AssemblyInfo.cs","Custom-only","Build-or-runtime-review","1134",,"2F8C29215F674C512A34E86826AEF40C8ABD269B7C1C6D14D5B06E834B28541D",
"obj/Debug/net8.0-windows/Aimmy2_pyuv5uax_wpftmp.AssemblyInfoInputs.cache","Custom-only","Build-or-runtime-review","66",,"1FED0A160B24DC1F879F46CA141E0188509F20AA0E1E75E0118772B9216E8C62",
"obj/Debug/net8.0-windows/Aimmy2_pyuv5uax_wpftmp.assets.cache","Custom-only","Build-or-runtime-review","36246",,"FD93A4006C940D3834F500ED3FA063B61612D85423403C65C33F7099199DC187",
"obj/Debug/net8.0-windows/Aimmy2_pyuv5uax_wpftmp.GeneratedMSBuildEditorConfig.editorconfig","Custom-only","Build-or-runtime-review","819",,"3EF9182B52BEC39BB699BFEDA752F9503391A74FEF47E0F28DE1EF6BBECF8217",
"obj/Debug/net8.0-windows/Aimmy2_pyuv5uax_wpftmp.GlobalUsings.g.cs","Custom-only","Build-or-runtime-review","183",,"FE45EA572AADFD1A9B54CF7251405CFA11B748CA88B034F06A724D49758CED2D",
"obj/Debug/net8.0-windows/Aimmy2_q30dszaf_wpftmp.AssemblyInfo.cs","Custom-only","Build-or-runtime-review","1134",,"2F8C29215F674C512A34E86826AEF40C8ABD269B7C1C6D14D5B06E834B28541D",
"obj/Debug/net8.0-windows/Aimmy2_q30dszaf_wpftmp.AssemblyInfoInputs.cache","Custom-only","Build-or-runtime-review","66",,"1FED0A160B24DC1F879F46CA141E0188509F20AA0E1E75E0118772B9216E8C62",
"obj/Debug/net8.0-windows/Aimmy2_q30dszaf_wpftmp.assets.cache","Custom-only","Build-or-runtime-review","36246",,"E9B8D4FB12D7F58472C034EF0D283AF4BF85BFC612A76EF8F086685EB782A815",
"obj/Debug/net8.0-windows/Aimmy2_q30dszaf_wpftmp.GeneratedMSBuildEditorConfig.editorconfig","Custom-only","Build-or-runtime-review","1149",,"98176DAE78CCB53DDE88AC657DFBA4937F1E53EC93DE7CDC1361C7885FEA94A9",
"obj/Debug/net8.0-windows/Aimmy2_q30dszaf_wpftmp.GlobalUsings.g.cs","Custom-only","Build-or-runtime-review","183",,"FE45EA572AADFD1A9B54CF7251405CFA11B748CA88B034F06A724D49758CED2D",
"obj/Debug/net8.0-windows/Aimmy2_q3ykhhpz_wpftmp.AssemblyInfo.cs","Custom-only","Build-or-runtime-review","1134",,"2F8C29215F674C512A34E86826AEF40C8ABD269B7C1C6D14D5B06E834B28541D",
"obj/Debug/net8.0-windows/Aimmy2_q3ykhhpz_wpftmp.AssemblyInfoInputs.cache","Custom-only","Build-or-runtime-review","66",,"1FED0A160B24DC1F879F46CA141E0188509F20AA0E1E75E0118772B9216E8C62",
"obj/Debug/net8.0-windows/Aimmy2_q3ykhhpz_wpftmp.assets.cache","Custom-only","Build-or-runtime-review","36246",,"CFFCD623DFA59C1E74989BC62D6DBC556AF68F7C531FE87502E65AA7EE58A269",
"obj/Debug/net8.0-windows/Aimmy2_q3ykhhpz_wpftmp.GeneratedMSBuildEditorConfig.editorconfig","Custom-only","Build-or-runtime-review","1149",,"82A2A9623CDA906D56014E452685D4E9051AC711A515221145F7E6D01B7596D9",
"obj/Debug/net8.0-windows/Aimmy2_q3ykhhpz_wpftmp.GlobalUsings.g.cs","Custom-only","Build-or-runtime-review","183",,"FE45EA572AADFD1A9B54CF7251405CFA11B748CA88B034F06A724D49758CED2D",
"obj/Debug/net8.0-windows/Aimmy2_qc2d5pla_wpftmp.AssemblyInfo.cs","Custom-only","Build-or-runtime-review","1134",,"2F8C29215F674C512A34E86826AEF40C8ABD269B7C1C6D14D5B06E834B28541D",
"obj/Debug/net8.0-windows/Aimmy2_qc2d5pla_wpftmp.AssemblyInfoInputs.cache","Custom-only","Build-or-runtime-review","66",,"1FED0A160B24DC1F879F46CA141E0188509F20AA0E1E75E0118772B9216E8C62",
"obj/Debug/net8.0-windows/Aimmy2_qc2d5pla_wpftmp.assets.cache","Custom-only","Build-or-runtime-review","36246",,"8D6F17860B906189E069B49E68FB5ABCCFE056B0D3EF710DD1D7B22AF7FBC890",
"obj/Debug/net8.0-windows/Aimmy2_qc2d5pla_wpftmp.GeneratedMSBuildEditorConfig.editorconfig","Custom-only","Build-or-runtime-review","819",,"3EF9182B52BEC39BB699BFEDA752F9503391A74FEF47E0F28DE1EF6BBECF8217",
"obj/Debug/net8.0-windows/Aimmy2_qc2d5pla_wpftmp.GlobalUsings.g.cs","Custom-only","Build-or-runtime-review","183",,"FE45EA572AADFD1A9B54CF7251405CFA11B748CA88B034F06A724D49758CED2D",
"obj/Debug/net8.0-windows/Aimmy2_qcjed3we_wpftmp.AssemblyInfo.cs","Custom-only","Build-or-runtime-review","1134",,"2F8C29215F674C512A34E86826AEF40C8ABD269B7C1C6D14D5B06E834B28541D",
"obj/Debug/net8.0-windows/Aimmy2_qcjed3we_wpftmp.AssemblyInfoInputs.cache","Custom-only","Build-or-runtime-review","66",,"1FED0A160B24DC1F879F46CA141E0188509F20AA0E1E75E0118772B9216E8C62",
"obj/Debug/net8.0-windows/Aimmy2_qcjed3we_wpftmp.assets.cache","Custom-only","Build-or-runtime-review","36246",,"3B0BA5EC76DDF01E34EFB047ED3081D884F7156795B9E1EDE65A8364D31BE3F6",
"obj/Debug/net8.0-windows/Aimmy2_qcjed3we_wpftmp.GeneratedMSBuildEditorConfig.editorconfig","Custom-only","Build-or-runtime-review","1149",,"98176DAE78CCB53DDE88AC657DFBA4937F1E53EC93DE7CDC1361C7885FEA94A9",
"obj/Debug/net8.0-windows/Aimmy2_qcjed3we_wpftmp.GlobalUsings.g.cs","Custom-only","Build-or-runtime-review","183",,"FE45EA572AADFD1A9B54CF7251405CFA11B748CA88B034F06A724D49758CED2D",
"obj/Debug/net8.0-windows/Aimmy2_r3l02gxz_wpftmp.AssemblyInfo.cs","Custom-only","Build-or-runtime-review","1134",,"2F8C29215F674C512A34E86826AEF40C8ABD269B7C1C6D14D5B06E834B28541D",
"obj/Debug/net8.0-windows/Aimmy2_r3l02gxz_wpftmp.AssemblyInfoInputs.cache","Custom-only","Build-or-runtime-review","66",,"1FED0A160B24DC1F879F46CA141E0188509F20AA0E1E75E0118772B9216E8C62",
"obj/Debug/net8.0-windows/Aimmy2_r3l02gxz_wpftmp.assets.cache","Custom-only","Build-or-runtime-review","36246",,"6AE3F5F9F419566ADF2A8D320A449D03BD1AFEB46DC65C8DB98551C1305647C7",
"obj/Debug/net8.0-windows/Aimmy2_r3l02gxz_wpftmp.GeneratedMSBuildEditorConfig.editorconfig","Custom-only","Build-or-runtime-review","819",,"3EF9182B52BEC39BB699BFEDA752F9503391A74FEF47E0F28DE1EF6BBECF8217",
"obj/Debug/net8.0-windows/Aimmy2_r3l02gxz_wpftmp.GlobalUsings.g.cs","Custom-only","Build-or-runtime-review","183",,"FE45EA572AADFD1A9B54CF7251405CFA11B748CA88B034F06A724D49758CED2D",
"obj/Debug/net8.0-windows/Aimmy2_reav4lk2_wpftmp.AssemblyInfo.cs","Custom-only","Build-or-runtime-review","1134",,"2F8C29215F674C512A34E86826AEF40C8ABD269B7C1C6D14D5B06E834B28541D",
"obj/Debug/net8.0-windows/Aimmy2_reav4lk2_wpftmp.AssemblyInfoInputs.cache","Custom-only","Build-or-runtime-review","66",,"1FED0A160B24DC1F879F46CA141E0188509F20AA0E1E75E0118772B9216E8C62",
"obj/Debug/net8.0-windows/Aimmy2_reav4lk2_wpftmp.assets.cache","Custom-only","Build-or-runtime-review","36246",,"632E1AB11F542296A004D24C5896C55754A95AEAB016B27480B8398066AA33CB",
"obj/Debug/net8.0-windows/Aimmy2_reav4lk2_wpftmp.GeneratedMSBuildEditorConfig.editorconfig","Custom-only","Build-or-runtime-review","1149",,"98176DAE78CCB53DDE88AC657DFBA4937F1E53EC93DE7CDC1361C7885FEA94A9",
"obj/Debug/net8.0-windows/Aimmy2_reav4lk2_wpftmp.GlobalUsings.g.cs","Custom-only","Build-or-runtime-review","183",,"FE45EA572AADFD1A9B54CF7251405CFA11B748CA88B034F06A724D49758CED2D",
"obj/Debug/net8.0-windows/Aimmy2_roe540sc_wpftmp.AssemblyInfo.cs","Custom-only","Build-or-runtime-review","1134",,"2F8C29215F674C512A34E86826AEF40C8ABD269B7C1C6D14D5B06E834B28541D",
"obj/Debug/net8.0-windows/Aimmy2_roe540sc_wpftmp.AssemblyInfoInputs.cache","Custom-only","Build-or-runtime-review","66",,"1FED0A160B24DC1F879F46CA141E0188509F20AA0E1E75E0118772B9216E8C62",
"obj/Debug/net8.0-windows/Aimmy2_roe540sc_wpftmp.assets.cache","Custom-only","Build-or-runtime-review","36246",,"571E9E9E19C960776D0288C914F71878CB7030C167A4DEFD71413F98D64A0917",
"obj/Debug/net8.0-windows/Aimmy2_roe540sc_wpftmp.GeneratedMSBuildEditorConfig.editorconfig","Custom-only","Build-or-runtime-review","1149",,"98176DAE78CCB53DDE88AC657DFBA4937F1E53EC93DE7CDC1361C7885FEA94A9",
"obj/Debug/net8.0-windows/Aimmy2_roe540sc_wpftmp.GlobalUsings.g.cs","Custom-only","Build-or-runtime-review","183",,"FE45EA572AADFD1A9B54CF7251405CFA11B748CA88B034F06A724D49758CED2D",
"obj/Debug/net8.0-windows/Aimmy2_rpqivju0_wpftmp.AssemblyInfo.cs","Custom-only","Build-or-runtime-review","1134",,"2F8C29215F674C512A34E86826AEF40C8ABD269B7C1C6D14D5B06E834B28541D",
"obj/Debug/net8.0-windows/Aimmy2_rpqivju0_wpftmp.AssemblyInfoInputs.cache","Custom-only","Build-or-runtime-review","66",,"1FED0A160B24DC1F879F46CA141E0188509F20AA0E1E75E0118772B9216E8C62",
"obj/Debug/net8.0-windows/Aimmy2_rpqivju0_wpftmp.assets.cache","Custom-only","Build-or-runtime-review","37798",,"1E82F0F3DC39C2E15C7BEBF6BB716E92228E895A9ABC9BE3FAAEA084D8C5BA47",
"obj/Debug/net8.0-windows/Aimmy2_rpqivju0_wpftmp.GeneratedMSBuildEditorConfig.editorconfig","Custom-only","Build-or-runtime-review","1174",,"FE31C4AE4F7B5B5748CCFB9197539734FFEDFFECA99EE9C12453C7219560D797",
"obj/Debug/net8.0-windows/Aimmy2_rpqivju0_wpftmp.GlobalUsings.g.cs","Custom-only","Build-or-runtime-review","183",,"FE45EA572AADFD1A9B54CF7251405CFA11B748CA88B034F06A724D49758CED2D",
"obj/Debug/net8.0-windows/Aimmy2_rqtrh11c_wpftmp.AssemblyInfo.cs","Custom-only","Build-or-runtime-review","1134",,"2F8C29215F674C512A34E86826AEF40C8ABD269B7C1C6D14D5B06E834B28541D",
"obj/Debug/net8.0-windows/Aimmy2_rqtrh11c_wpftmp.AssemblyInfoInputs.cache","Custom-only","Build-or-runtime-review","66",,"1FED0A160B24DC1F879F46CA141E0188509F20AA0E1E75E0118772B9216E8C62",
"obj/Debug/net8.0-windows/Aimmy2_rqtrh11c_wpftmp.assets.cache","Custom-only","Build-or-runtime-review","36246",,"8B8A7065D1A513541291D39108A01A94C1DFD9D4D90AD17D25191736E2211286",
"obj/Debug/net8.0-windows/Aimmy2_rqtrh11c_wpftmp.GeneratedMSBuildEditorConfig.editorconfig","Custom-only","Build-or-runtime-review","1149",,"98176DAE78CCB53DDE88AC657DFBA4937F1E53EC93DE7CDC1361C7885FEA94A9",
"obj/Debug/net8.0-windows/Aimmy2_rqtrh11c_wpftmp.GlobalUsings.g.cs","Custom-only","Build-or-runtime-review","183",,"FE45EA572AADFD1A9B54CF7251405CFA11B748CA88B034F06A724D49758CED2D",
"obj/Debug/net8.0-windows/Aimmy2_ru2femam_wpftmp.AssemblyInfo.cs","Custom-only","Build-or-runtime-review","1134",,"2F8C29215F674C512A34E86826AEF40C8ABD269B7C1C6D14D5B06E834B28541D",
"obj/Debug/net8.0-windows/Aimmy2_ru2femam_wpftmp.AssemblyInfoInputs.cache","Custom-only","Build-or-runtime-review","66",,"1FED0A160B24DC1F879F46CA141E0188509F20AA0E1E75E0118772B9216E8C62",
"obj/Debug/net8.0-windows/Aimmy2_ru2femam_wpftmp.assets.cache","Custom-only","Build-or-runtime-review","36246",,"1B61BCA294CBEF50191DF768941104DB9EE62EDDAED478711FC0DDF4126E101B",
"obj/Debug/net8.0-windows/Aimmy2_ru2femam_wpftmp.GeneratedMSBuildEditorConfig.editorconfig","Custom-only","Build-or-runtime-review","1149",,"98176DAE78CCB53DDE88AC657DFBA4937F1E53EC93DE7CDC1361C7885FEA94A9",
"obj/Debug/net8.0-windows/Aimmy2_ru2femam_wpftmp.GlobalUsings.g.cs","Custom-only","Build-or-runtime-review","183",,"FE45EA572AADFD1A9B54CF7251405CFA11B748CA88B034F06A724D49758CED2D",
"obj/Debug/net8.0-windows/Aimmy2_ru5bbzsg_wpftmp.AssemblyInfo.cs","Custom-only","Build-or-runtime-review","1134",,"2F8C29215F674C512A34E86826AEF40C8ABD269B7C1C6D14D5B06E834B28541D",
"obj/Debug/net8.0-windows/Aimmy2_ru5bbzsg_wpftmp.AssemblyInfoInputs.cache","Custom-only","Build-or-runtime-review","66",,"1FED0A160B24DC1F879F46CA141E0188509F20AA0E1E75E0118772B9216E8C62",
"obj/Debug/net8.0-windows/Aimmy2_ru5bbzsg_wpftmp.assets.cache","Custom-only","Build-or-runtime-review","36246",,"5482B836991E734364B2CEFE7C07A3F539A5DA4E8DD1D541AEB1909903724166",
"obj/Debug/net8.0-windows/Aimmy2_ru5bbzsg_wpftmp.GeneratedMSBuildEditorConfig.editorconfig","Custom-only","Build-or-runtime-review","819",,"3EF9182B52BEC39BB699BFEDA752F9503391A74FEF47E0F28DE1EF6BBECF8217",
"obj/Debug/net8.0-windows/Aimmy2_ru5bbzsg_wpftmp.GlobalUsings.g.cs","Custom-only","Build-or-runtime-review","183",,"FE45EA572AADFD1A9B54CF7251405CFA11B748CA88B034F06A724D49758CED2D",
"obj/Debug/net8.0-windows/Aimmy2_ruz4zmgd_wpftmp.AssemblyInfo.cs","Custom-only","Build-or-runtime-review","1134",,"2F8C29215F674C512A34E86826AEF40C8ABD269B7C1C6D14D5B06E834B28541D",
"obj/Debug/net8.0-windows/Aimmy2_ruz4zmgd_wpftmp.AssemblyInfoInputs.cache","Custom-only","Build-or-runtime-review","66",,"1FED0A160B24DC1F879F46CA141E0188509F20AA0E1E75E0118772B9216E8C62",
"obj/Debug/net8.0-windows/Aimmy2_ruz4zmgd_wpftmp.assets.cache","Custom-only","Build-or-runtime-review","36246",,"414740BE01C084CC30FD12E27B3D1E95D4F8544B3AD125520DD9D321B91DA4D6",
"obj/Debug/net8.0-windows/Aimmy2_ruz4zmgd_wpftmp.GeneratedMSBuildEditorConfig.editorconfig","Custom-only","Build-or-runtime-review","1149",,"82A2A9623CDA906D56014E452685D4E9051AC711A515221145F7E6D01B7596D9",
"obj/Debug/net8.0-windows/Aimmy2_ruz4zmgd_wpftmp.GlobalUsings.g.cs","Custom-only","Build-or-runtime-review","183",,"FE45EA572AADFD1A9B54CF7251405CFA11B748CA88B034F06A724D49758CED2D",
"obj/Debug/net8.0-windows/Aimmy2_rz1axnvs_wpftmp.AssemblyInfo.cs","Custom-only","Build-or-runtime-review","1134",,"2F8C29215F674C512A34E86826AEF40C8ABD269B7C1C6D14D5B06E834B28541D",
"obj/Debug/net8.0-windows/Aimmy2_rz1axnvs_wpftmp.AssemblyInfoInputs.cache","Custom-only","Build-or-runtime-review","66",,"1FED0A160B24DC1F879F46CA141E0188509F20AA0E1E75E0118772B9216E8C62",
"obj/Debug/net8.0-windows/Aimmy2_rz1axnvs_wpftmp.assets.cache","Custom-only","Build-or-runtime-review","36246",,"692D3E1BBAEB4670326B64EE622915C52A439A05057AFEADFEFE2D3DA5B03822",
"obj/Debug/net8.0-windows/Aimmy2_rz1axnvs_wpftmp.GeneratedMSBuildEditorConfig.editorconfig","Custom-only","Build-or-runtime-review","819",,"3EF9182B52BEC39BB699BFEDA752F9503391A74FEF47E0F28DE1EF6BBECF8217",
"obj/Debug/net8.0-windows/Aimmy2_rz1axnvs_wpftmp.GlobalUsings.g.cs","Custom-only","Build-or-runtime-review","183",,"FE45EA572AADFD1A9B54CF7251405CFA11B748CA88B034F06A724D49758CED2D",
"obj/Debug/net8.0-windows/Aimmy2_s155kpr1_wpftmp.AssemblyInfo.cs","Custom-only","Build-or-runtime-review","1134",,"2F8C29215F674C512A34E86826AEF40C8ABD269B7C1C6D14D5B06E834B28541D",
"obj/Debug/net8.0-windows/Aimmy2_s155kpr1_wpftmp.AssemblyInfoInputs.cache","Custom-only","Build-or-runtime-review","66",,"1FED0A160B24DC1F879F46CA141E0188509F20AA0E1E75E0118772B9216E8C62",
"obj/Debug/net8.0-windows/Aimmy2_s155kpr1_wpftmp.assets.cache","Custom-only","Build-or-runtime-review","36246",,"D6B1DD9A3E6468747FF9DE329C1604527DBFE28AD488A0BA2B9E67B467F98BB4",
"obj/Debug/net8.0-windows/Aimmy2_s155kpr1_wpftmp.GeneratedMSBuildEditorConfig.editorconfig","Custom-only","Build-or-runtime-review","819",,"3EF9182B52BEC39BB699BFEDA752F9503391A74FEF47E0F28DE1EF6BBECF8217",
"obj/Debug/net8.0-windows/Aimmy2_s155kpr1_wpftmp.GlobalUsings.g.cs","Custom-only","Build-or-runtime-review","183",,"FE45EA572AADFD1A9B54CF7251405CFA11B748CA88B034F06A724D49758CED2D",
"obj/Debug/net8.0-windows/Aimmy2_slhyelov_wpftmp.AssemblyInfo.cs","Custom-only","Build-or-runtime-review","1134",,"2F8C29215F674C512A34E86826AEF40C8ABD269B7C1C6D14D5B06E834B28541D",
"obj/Debug/net8.0-windows/Aimmy2_slhyelov_wpftmp.AssemblyInfoInputs.cache","Custom-only","Build-or-runtime-review","66",,"1FED0A160B24DC1F879F46CA141E0188509F20AA0E1E75E0118772B9216E8C62",
"obj/Debug/net8.0-windows/Aimmy2_slhyelov_wpftmp.assets.cache","Custom-only","Build-or-runtime-review","36246",,"1AD125C07256CF13B618062A821737AADDB92D6BF2CE232EF09EC5AF7E507221",
"obj/Debug/net8.0-windows/Aimmy2_slhyelov_wpftmp.GeneratedMSBuildEditorConfig.editorconfig","Custom-only","Build-or-runtime-review","819",,"3EF9182B52BEC39BB699BFEDA752F9503391A74FEF47E0F28DE1EF6BBECF8217",
"obj/Debug/net8.0-windows/Aimmy2_slhyelov_wpftmp.GlobalUsings.g.cs","Custom-only","Build-or-runtime-review","183",,"FE45EA572AADFD1A9B54CF7251405CFA11B748CA88B034F06A724D49758CED2D",
"obj/Debug/net8.0-windows/Aimmy2_snmulkop_wpftmp.AssemblyInfo.cs","Custom-only","Build-or-runtime-review","1134",,"2F8C29215F674C512A34E86826AEF40C8ABD269B7C1C6D14D5B06E834B28541D",
"obj/Debug/net8.0-windows/Aimmy2_snmulkop_wpftmp.AssemblyInfoInputs.cache","Custom-only","Build-or-runtime-review","66",,"1FED0A160B24DC1F879F46CA141E0188509F20AA0E1E75E0118772B9216E8C62",
"obj/Debug/net8.0-windows/Aimmy2_snmulkop_wpftmp.assets.cache","Custom-only","Build-or-runtime-review","36246",,"EA0DB070DB8AF3A28F9046AF9A8DB7EFD0422E3915E1236921701A230383A61D",
"obj/Debug/net8.0-windows/Aimmy2_snmulkop_wpftmp.GeneratedMSBuildEditorConfig.editorconfig","Custom-only","Build-or-runtime-review","1149",,"98176DAE78CCB53DDE88AC657DFBA4937F1E53EC93DE7CDC1361C7885FEA94A9",
"obj/Debug/net8.0-windows/Aimmy2_snmulkop_wpftmp.GlobalUsings.g.cs","Custom-only","Build-or-runtime-review","183",,"FE45EA572AADFD1A9B54CF7251405CFA11B748CA88B034F06A724D49758CED2D",
"obj/Debug/net8.0-windows/Aimmy2_socnt15t_wpftmp.AssemblyInfo.cs","Custom-only","Build-or-runtime-review","1134",,"2F8C29215F674C512A34E86826AEF40C8ABD269B7C1C6D14D5B06E834B28541D",
"obj/Debug/net8.0-windows/Aimmy2_socnt15t_wpftmp.AssemblyInfoInputs.cache","Custom-only","Build-or-runtime-review","66",,"1FED0A160B24DC1F879F46CA141E0188509F20AA0E1E75E0118772B9216E8C62",
"obj/Debug/net8.0-windows/Aimmy2_socnt15t_wpftmp.assets.cache","Custom-only","Build-or-runtime-review","36246",,"BF8528E5DB40650F0FBD400187044A6DBC8C7A3F75B0D0EA805731C9E912745C",
"obj/Debug/net8.0-windows/Aimmy2_socnt15t_wpftmp.GeneratedMSBuildEditorConfig.editorconfig","Custom-only","Build-or-runtime-review","819",,"3EF9182B52BEC39BB699BFEDA752F9503391A74FEF47E0F28DE1EF6BBECF8217",
"obj/Debug/net8.0-windows/Aimmy2_socnt15t_wpftmp.GlobalUsings.g.cs","Custom-only","Build-or-runtime-review","183",,"FE45EA572AADFD1A9B54CF7251405CFA11B748CA88B034F06A724D49758CED2D",
"obj/Debug/net8.0-windows/Aimmy2_ss5a0zwh_wpftmp.AssemblyInfo.cs","Custom-only","Build-or-runtime-review","1134",,"2F8C29215F674C512A34E86826AEF40C8ABD269B7C1C6D14D5B06E834B28541D",
"obj/Debug/net8.0-windows/Aimmy2_ss5a0zwh_wpftmp.AssemblyInfoInputs.cache","Custom-only","Build-or-runtime-review","66",,"1FED0A160B24DC1F879F46CA141E0188509F20AA0E1E75E0118772B9216E8C62",
"obj/Debug/net8.0-windows/Aimmy2_ss5a0zwh_wpftmp.assets.cache","Custom-only","Build-or-runtime-review","36246",,"F9522E5B0DF5424E1EDBEC8103AE9C27EF699B36FA8966F51141303AEECFDE7A",
"obj/Debug/net8.0-windows/Aimmy2_ss5a0zwh_wpftmp.GeneratedMSBuildEditorConfig.editorconfig","Custom-only","Build-or-runtime-review","819",,"3EF9182B52BEC39BB699BFEDA752F9503391A74FEF47E0F28DE1EF6BBECF8217",
"obj/Debug/net8.0-windows/Aimmy2_ss5a0zwh_wpftmp.GlobalUsings.g.cs","Custom-only","Build-or-runtime-review","183",,"FE45EA572AADFD1A9B54CF7251405CFA11B748CA88B034F06A724D49758CED2D",
"obj/Debug/net8.0-windows/Aimmy2_svlae4cg_wpftmp.AssemblyInfo.cs","Custom-only","Build-or-runtime-review","1134",,"2F8C29215F674C512A34E86826AEF40C8ABD269B7C1C6D14D5B06E834B28541D",
"obj/Debug/net8.0-windows/Aimmy2_svlae4cg_wpftmp.AssemblyInfoInputs.cache","Custom-only","Build-or-runtime-review","66",,"1FED0A160B24DC1F879F46CA141E0188509F20AA0E1E75E0118772B9216E8C62",
"obj/Debug/net8.0-windows/Aimmy2_svlae4cg_wpftmp.assets.cache","Custom-only","Build-or-runtime-review","36246",,"589B35BF089CBACD901F60C218E96A3C4E6AF939CD9916160B8BCC48E65C4671",
"obj/Debug/net8.0-windows/Aimmy2_svlae4cg_wpftmp.GeneratedMSBuildEditorConfig.editorconfig","Custom-only","Build-or-runtime-review","1149",,"98176DAE78CCB53DDE88AC657DFBA4937F1E53EC93DE7CDC1361C7885FEA94A9",
"obj/Debug/net8.0-windows/Aimmy2_svlae4cg_wpftmp.GlobalUsings.g.cs","Custom-only","Build-or-runtime-review","183",,"FE45EA572AADFD1A9B54CF7251405CFA11B748CA88B034F06A724D49758CED2D",
"obj/Debug/net8.0-windows/Aimmy2_t03tjrei_wpftmp.AssemblyInfo.cs","Custom-only","Build-or-runtime-review","1134",,"2F8C29215F674C512A34E86826AEF40C8ABD269B7C1C6D14D5B06E834B28541D",
"obj/Debug/net8.0-windows/Aimmy2_t03tjrei_wpftmp.AssemblyInfoInputs.cache","Custom-only","Build-or-runtime-review","66",,"1FED0A160B24DC1F879F46CA141E0188509F20AA0E1E75E0118772B9216E8C62",
"obj/Debug/net8.0-windows/Aimmy2_t03tjrei_wpftmp.assets.cache","Custom-only","Build-or-runtime-review","36246",,"0B1FFC6D9161569E822B14A31B5B5E46DEC4E9E5C2D73CAFCE07D84EC7019780",
"obj/Debug/net8.0-windows/Aimmy2_t03tjrei_wpftmp.GeneratedMSBuildEditorConfig.editorconfig","Custom-only","Build-or-runtime-review","1149",,"82A2A9623CDA906D56014E452685D4E9051AC711A515221145F7E6D01B7596D9",
"obj/Debug/net8.0-windows/Aimmy2_t03tjrei_wpftmp.GlobalUsings.g.cs","Custom-only","Build-or-runtime-review","183",,"FE45EA572AADFD1A9B54CF7251405CFA11B748CA88B034F06A724D49758CED2D",
"obj/Debug/net8.0-windows/Aimmy2_t2bj5qr1_wpftmp.AssemblyInfo.cs","Custom-only","Build-or-runtime-review","1134",,"2F8C29215F674C512A34E86826AEF40C8ABD269B7C1C6D14D5B06E834B28541D",
"obj/Debug/net8.0-windows/Aimmy2_t2bj5qr1_wpftmp.AssemblyInfoInputs.cache","Custom-only","Build-or-runtime-review","66",,"1FED0A160B24DC1F879F46CA141E0188509F20AA0E1E75E0118772B9216E8C62",
"obj/Debug/net8.0-windows/Aimmy2_t2bj5qr1_wpftmp.assets.cache","Custom-only","Build-or-runtime-review","36246",,"4DB242DD05E5DF8D14CAE63D9730BF82D2DD59594CC835EED53059461E5A18DF",
"obj/Debug/net8.0-windows/Aimmy2_t2bj5qr1_wpftmp.GeneratedMSBuildEditorConfig.editorconfig","Custom-only","Build-or-runtime-review","819",,"3EF9182B52BEC39BB699BFEDA752F9503391A74FEF47E0F28DE1EF6BBECF8217",
"obj/Debug/net8.0-windows/Aimmy2_t2bj5qr1_wpftmp.GlobalUsings.g.cs","Custom-only","Build-or-runtime-review","183",,"FE45EA572AADFD1A9B54CF7251405CFA11B748CA88B034F06A724D49758CED2D",
"obj/Debug/net8.0-windows/Aimmy2_t4ctidj2_wpftmp.AssemblyInfo.cs","Custom-only","Build-or-runtime-review","1134",,"2F8C29215F674C512A34E86826AEF40C8ABD269B7C1C6D14D5B06E834B28541D",
"obj/Debug/net8.0-windows/Aimmy2_t4ctidj2_wpftmp.AssemblyInfoInputs.cache","Custom-only","Build-or-runtime-review","66",,"1FED0A160B24DC1F879F46CA141E0188509F20AA0E1E75E0118772B9216E8C62",
"obj/Debug/net8.0-windows/Aimmy2_t4ctidj2_wpftmp.assets.cache","Custom-only","Build-or-runtime-review","36246",,"EC79AD98F13F269416C6EBBA2B4CFAFFFC6EA0134770DE677AED59C055056441",
"obj/Debug/net8.0-windows/Aimmy2_t4ctidj2_wpftmp.GeneratedMSBuildEditorConfig.editorconfig","Custom-only","Build-or-runtime-review","1149",,"98176DAE78CCB53DDE88AC657DFBA4937F1E53EC93DE7CDC1361C7885FEA94A9",
"obj/Debug/net8.0-windows/Aimmy2_t4ctidj2_wpftmp.GlobalUsings.g.cs","Custom-only","Build-or-runtime-review","183",,"FE45EA572AADFD1A9B54CF7251405CFA11B748CA88B034F06A724D49758CED2D",
"obj/Debug/net8.0-windows/Aimmy2_tb0g4vwn_wpftmp.AssemblyInfo.cs","Custom-only","Build-or-runtime-review","1134",,"2F8C29215F674C512A34E86826AEF40C8ABD269B7C1C6D14D5B06E834B28541D",
"obj/Debug/net8.0-windows/Aimmy2_tb0g4vwn_wpftmp.AssemblyInfoInputs.cache","Custom-only","Build-or-runtime-review","66",,"1FED0A160B24DC1F879F46CA141E0188509F20AA0E1E75E0118772B9216E8C62",
"obj/Debug/net8.0-windows/Aimmy2_tb0g4vwn_wpftmp.assets.cache","Custom-only","Build-or-runtime-review","36246",,"EA46157E1CB2427B7DE78644C0418E7F92108942364901578B948F894AB4C0E3",
"obj/Debug/net8.0-windows/Aimmy2_tb0g4vwn_wpftmp.GeneratedMSBuildEditorConfig.editorconfig","Custom-only","Build-or-runtime-review","819",,"3EF9182B52BEC39BB699BFEDA752F9503391A74FEF47E0F28DE1EF6BBECF8217",
"obj/Debug/net8.0-windows/Aimmy2_tb0g4vwn_wpftmp.GlobalUsings.g.cs","Custom-only","Build-or-runtime-review","183",,"FE45EA572AADFD1A9B54CF7251405CFA11B748CA88B034F06A724D49758CED2D",
"obj/Debug/net8.0-windows/Aimmy2_tcpq5bg2_wpftmp.AssemblyInfo.cs","Custom-only","Build-or-runtime-review","1134",,"2F8C29215F674C512A34E86826AEF40C8ABD269B7C1C6D14D5B06E834B28541D",
"obj/Debug/net8.0-windows/Aimmy2_tcpq5bg2_wpftmp.AssemblyInfoInputs.cache","Custom-only","Build-or-runtime-review","66",,"1FED0A160B24DC1F879F46CA141E0188509F20AA0E1E75E0118772B9216E8C62",
"obj/Debug/net8.0-windows/Aimmy2_tcpq5bg2_wpftmp.assets.cache","Custom-only","Build-or-runtime-review","36246",,"C7E053C83B64514AF04C884D8FBF990D55C95E427E7B3DAFC7BA764B9570E2EA",
"obj/Debug/net8.0-windows/Aimmy2_tcpq5bg2_wpftmp.GeneratedMSBuildEditorConfig.editorconfig","Custom-only","Build-or-runtime-review","819",,"3EF9182B52BEC39BB699BFEDA752F9503391A74FEF47E0F28DE1EF6BBECF8217",
"obj/Debug/net8.0-windows/Aimmy2_tcpq5bg2_wpftmp.GlobalUsings.g.cs","Custom-only","Build-or-runtime-review","183",,"FE45EA572AADFD1A9B54CF7251405CFA11B748CA88B034F06A724D49758CED2D",
"obj/Debug/net8.0-windows/Aimmy2_tlftjtrh_wpftmp.AssemblyInfo.cs","Custom-only","Build-or-runtime-review","1134",,"2F8C29215F674C512A34E86826AEF40C8ABD269B7C1C6D14D5B06E834B28541D",
"obj/Debug/net8.0-windows/Aimmy2_tlftjtrh_wpftmp.AssemblyInfoInputs.cache","Custom-only","Build-or-runtime-review","66",,"1FED0A160B24DC1F879F46CA141E0188509F20AA0E1E75E0118772B9216E8C62",
"obj/Debug/net8.0-windows/Aimmy2_tlftjtrh_wpftmp.assets.cache","Custom-only","Build-or-runtime-review","36246",,"3CDDA5DB55246F8BA66E6F4675C271D2E13BA0411F49250674BAA0A4D33EE8DA",
"obj/Debug/net8.0-windows/Aimmy2_tlftjtrh_wpftmp.GeneratedMSBuildEditorConfig.editorconfig","Custom-only","Build-or-runtime-review","1149",,"98176DAE78CCB53DDE88AC657DFBA4937F1E53EC93DE7CDC1361C7885FEA94A9",
"obj/Debug/net8.0-windows/Aimmy2_tlftjtrh_wpftmp.GlobalUsings.g.cs","Custom-only","Build-or-runtime-review","183",,"FE45EA572AADFD1A9B54CF7251405CFA11B748CA88B034F06A724D49758CED2D",
"obj/Debug/net8.0-windows/Aimmy2_tnpyv4e5_wpftmp.AssemblyInfo.cs","Custom-only","Build-or-runtime-review","1134",,"2F8C29215F674C512A34E86826AEF40C8ABD269B7C1C6D14D5B06E834B28541D",
"obj/Debug/net8.0-windows/Aimmy2_tnpyv4e5_wpftmp.AssemblyInfoInputs.cache","Custom-only","Build-or-runtime-review","66",,"1FED0A160B24DC1F879F46CA141E0188509F20AA0E1E75E0118772B9216E8C62",
"obj/Debug/net8.0-windows/Aimmy2_tnpyv4e5_wpftmp.assets.cache","Custom-only","Build-or-runtime-review","37798",,"9CDA69E37F1CD689BA1DF839D36B0AEB11FA009274BAAC17DC7796D30E2A0070",
"obj/Debug/net8.0-windows/Aimmy2_tnpyv4e5_wpftmp.GeneratedMSBuildEditorConfig.editorconfig","Custom-only","Build-or-runtime-review","1174",,"6756CDDBE904F2EC3174E57A9127FC0F3475C50D52AA8B79B33E470B7DD648F1",
"obj/Debug/net8.0-windows/Aimmy2_tnpyv4e5_wpftmp.GlobalUsings.g.cs","Custom-only","Build-or-runtime-review","183",,"FE45EA572AADFD1A9B54CF7251405CFA11B748CA88B034F06A724D49758CED2D",
"obj/Debug/net8.0-windows/Aimmy2_ts1nkplv_wpftmp.AssemblyInfo.cs","Custom-only","Build-or-runtime-review","1134",,"2F8C29215F674C512A34E86826AEF40C8ABD269B7C1C6D14D5B06E834B28541D",
"obj/Debug/net8.0-windows/Aimmy2_ts1nkplv_wpftmp.AssemblyInfoInputs.cache","Custom-only","Build-or-runtime-review","66",,"1FED0A160B24DC1F879F46CA141E0188509F20AA0E1E75E0118772B9216E8C62",
"obj/Debug/net8.0-windows/Aimmy2_ts1nkplv_wpftmp.assets.cache","Custom-only","Build-or-runtime-review","36246",,"3DCA3CDFF9B4109BAECB01E0FCA5984A10E01C73FD299D5FC46B9B1A9777E427",
"obj/Debug/net8.0-windows/Aimmy2_ts1nkplv_wpftmp.GeneratedMSBuildEditorConfig.editorconfig","Custom-only","Build-or-runtime-review","1149",,"98176DAE78CCB53DDE88AC657DFBA4937F1E53EC93DE7CDC1361C7885FEA94A9",
"obj/Debug/net8.0-windows/Aimmy2_ts1nkplv_wpftmp.GlobalUsings.g.cs","Custom-only","Build-or-runtime-review","183",,"FE45EA572AADFD1A9B54CF7251405CFA11B748CA88B034F06A724D49758CED2D",
"obj/Debug/net8.0-windows/Aimmy2_u2kxmnnz_wpftmp.AssemblyInfo.cs","Custom-only","Build-or-runtime-review","1134",,"2F8C29215F674C512A34E86826AEF40C8ABD269B7C1C6D14D5B06E834B28541D",
"obj/Debug/net8.0-windows/Aimmy2_u2kxmnnz_wpftmp.AssemblyInfoInputs.cache","Custom-only","Build-or-runtime-review","66",,"1FED0A160B24DC1F879F46CA141E0188509F20AA0E1E75E0118772B9216E8C62",
"obj/Debug/net8.0-windows/Aimmy2_u2kxmnnz_wpftmp.assets.cache","Custom-only","Build-or-runtime-review","36246",,"69EF2A3199A1EB3BF7A16E68CCB88908B69F6227AC43849899C4BC7FF6349547",
"obj/Debug/net8.0-windows/Aimmy2_u2kxmnnz_wpftmp.GeneratedMSBuildEditorConfig.editorconfig","Custom-only","Build-or-runtime-review","1149",,"98176DAE78CCB53DDE88AC657DFBA4937F1E53EC93DE7CDC1361C7885FEA94A9",
"obj/Debug/net8.0-windows/Aimmy2_u2kxmnnz_wpftmp.GlobalUsings.g.cs","Custom-only","Build-or-runtime-review","183",,"FE45EA572AADFD1A9B54CF7251405CFA11B748CA88B034F06A724D49758CED2D",
"obj/Debug/net8.0-windows/Aimmy2_uaokme0o_wpftmp.AssemblyInfo.cs","Custom-only","Build-or-runtime-review","1134",,"2F8C29215F674C512A34E86826AEF40C8ABD269B7C1C6D14D5B06E834B28541D",
"obj/Debug/net8.0-windows/Aimmy2_uaokme0o_wpftmp.AssemblyInfoInputs.cache","Custom-only","Build-or-runtime-review","66",,"1FED0A160B24DC1F879F46CA141E0188509F20AA0E1E75E0118772B9216E8C62",
"obj/Debug/net8.0-windows/Aimmy2_uaokme0o_wpftmp.assets.cache","Custom-only","Build-or-runtime-review","36246",,"0DDED2E84D658092F975A1380F60A0B99F1C65B79C5B619C998D7AE50623A50C",
"obj/Debug/net8.0-windows/Aimmy2_uaokme0o_wpftmp.GeneratedMSBuildEditorConfig.editorconfig","Custom-only","Build-or-runtime-review","819",,"3EF9182B52BEC39BB699BFEDA752F9503391A74FEF47E0F28DE1EF6BBECF8217",
"obj/Debug/net8.0-windows/Aimmy2_uaokme0o_wpftmp.GlobalUsings.g.cs","Custom-only","Build-or-runtime-review","183",,"FE45EA572AADFD1A9B54CF7251405CFA11B748CA88B034F06A724D49758CED2D",
"obj/Debug/net8.0-windows/Aimmy2_ughoyxyc_wpftmp.AssemblyInfo.cs","Custom-only","Build-or-runtime-review","1134",,"2F8C29215F674C512A34E86826AEF40C8ABD269B7C1C6D14D5B06E834B28541D",
"obj/Debug/net8.0-windows/Aimmy2_ughoyxyc_wpftmp.AssemblyInfoInputs.cache","Custom-only","Build-or-runtime-review","66",,"1FED0A160B24DC1F879F46CA141E0188509F20AA0E1E75E0118772B9216E8C62",
"obj/Debug/net8.0-windows/Aimmy2_ughoyxyc_wpftmp.assets.cache","Custom-only","Build-or-runtime-review","37798",,"03FD013D88DA0BFEF84F38E9D751C6AF7671B9E95C7A949E83F68611B60FDDAD",
"obj/Debug/net8.0-windows/Aimmy2_ughoyxyc_wpftmp.GeneratedMSBuildEditorConfig.editorconfig","Custom-only","Build-or-runtime-review","1174",,"FE31C4AE4F7B5B5748CCFB9197539734FFEDFFECA99EE9C12453C7219560D797",
"obj/Debug/net8.0-windows/Aimmy2_ughoyxyc_wpftmp.GlobalUsings.g.cs","Custom-only","Build-or-runtime-review","183",,"FE45EA572AADFD1A9B54CF7251405CFA11B748CA88B034F06A724D49758CED2D",
"obj/Debug/net8.0-windows/Aimmy2_unpgz2r3_wpftmp.AssemblyInfo.cs","Custom-only","Build-or-runtime-review","1134",,"2F8C29215F674C512A34E86826AEF40C8ABD269B7C1C6D14D5B06E834B28541D",
"obj/Debug/net8.0-windows/Aimmy2_unpgz2r3_wpftmp.AssemblyInfoInputs.cache","Custom-only","Build-or-runtime-review","66",,"1FED0A160B24DC1F879F46CA141E0188509F20AA0E1E75E0118772B9216E8C62",
"obj/Debug/net8.0-windows/Aimmy2_unpgz2r3_wpftmp.assets.cache","Custom-only","Build-or-runtime-review","36246",,"BA206CB4EFB917500913FA060571C1184BF26F2E7E6435790C386CB9B3371EBD",
"obj/Debug/net8.0-windows/Aimmy2_unpgz2r3_wpftmp.GeneratedMSBuildEditorConfig.editorconfig","Custom-only","Build-or-runtime-review","819",,"3EF9182B52BEC39BB699BFEDA752F9503391A74FEF47E0F28DE1EF6BBECF8217",
"obj/Debug/net8.0-windows/Aimmy2_unpgz2r3_wpftmp.GlobalUsings.g.cs","Custom-only","Build-or-runtime-review","183",,"FE45EA572AADFD1A9B54CF7251405CFA11B748CA88B034F06A724D49758CED2D",
"obj/Debug/net8.0-windows/Aimmy2_uoa1yj2h_wpftmp.AssemblyInfo.cs","Custom-only","Build-or-runtime-review","1134",,"2F8C29215F674C512A34E86826AEF40C8ABD269B7C1C6D14D5B06E834B28541D",
"obj/Debug/net8.0-windows/Aimmy2_uoa1yj2h_wpftmp.AssemblyInfoInputs.cache","Custom-only","Build-or-runtime-review","66",,"1FED0A160B24DC1F879F46CA141E0188509F20AA0E1E75E0118772B9216E8C62",
"obj/Debug/net8.0-windows/Aimmy2_uoa1yj2h_wpftmp.assets.cache","Custom-only","Build-or-runtime-review","36246",,"7285B9BC9FBFD7DA8571C87CD860DDE1BF218F4135ED6DAD022D54C7ED6F5ACD",
"obj/Debug/net8.0-windows/Aimmy2_uoa1yj2h_wpftmp.GeneratedMSBuildEditorConfig.editorconfig","Custom-only","Build-or-runtime-review","819",,"3EF9182B52BEC39BB699BFEDA752F9503391A74FEF47E0F28DE1EF6BBECF8217",
"obj/Debug/net8.0-windows/Aimmy2_uoa1yj2h_wpftmp.GlobalUsings.g.cs","Custom-only","Build-or-runtime-review","183",,"FE45EA572AADFD1A9B54CF7251405CFA11B748CA88B034F06A724D49758CED2D",
"obj/Debug/net8.0-windows/Aimmy2_urh4oeti_wpftmp.AssemblyInfo.cs","Custom-only","Build-or-runtime-review","1134",,"2F8C29215F674C512A34E86826AEF40C8ABD269B7C1C6D14D5B06E834B28541D",
"obj/Debug/net8.0-windows/Aimmy2_urh4oeti_wpftmp.AssemblyInfoInputs.cache","Custom-only","Build-or-runtime-review","66",,"1FED0A160B24DC1F879F46CA141E0188509F20AA0E1E75E0118772B9216E8C62",
"obj/Debug/net8.0-windows/Aimmy2_urh4oeti_wpftmp.assets.cache","Custom-only","Build-or-runtime-review","36246",,"9EC42FC0FA780B52F3098E6C35BC596510C2A8F5A469CB6802D8082CA1FEBFEA",
"obj/Debug/net8.0-windows/Aimmy2_urh4oeti_wpftmp.GeneratedMSBuildEditorConfig.editorconfig","Custom-only","Build-or-runtime-review","1149",,"98176DAE78CCB53DDE88AC657DFBA4937F1E53EC93DE7CDC1361C7885FEA94A9",
"obj/Debug/net8.0-windows/Aimmy2_urh4oeti_wpftmp.GlobalUsings.g.cs","Custom-only","Build-or-runtime-review","183",,"FE45EA572AADFD1A9B54CF7251405CFA11B748CA88B034F06A724D49758CED2D",
"obj/Debug/net8.0-windows/Aimmy2_uwza4bls_wpftmp.AssemblyInfo.cs","Custom-only","Build-or-runtime-review","1134",,"2F8C29215F674C512A34E86826AEF40C8ABD269B7C1C6D14D5B06E834B28541D",
"obj/Debug/net8.0-windows/Aimmy2_uwza4bls_wpftmp.AssemblyInfoInputs.cache","Custom-only","Build-or-runtime-review","66",,"1FED0A160B24DC1F879F46CA141E0188509F20AA0E1E75E0118772B9216E8C62",
"obj/Debug/net8.0-windows/Aimmy2_uwza4bls_wpftmp.assets.cache","Custom-only","Build-or-runtime-review","36246",,"A2557A6BFBD07C6A987E0A14A6D350EC844FF98B23D2EBC3102A0563EE3E2F04",
"obj/Debug/net8.0-windows/Aimmy2_uwza4bls_wpftmp.GeneratedMSBuildEditorConfig.editorconfig","Custom-only","Build-or-runtime-review","819",,"3DAC3D055227D868929ADA0C602D9735AD5C5322C2114692A00102C40CFDFAED",
"obj/Debug/net8.0-windows/Aimmy2_uwza4bls_wpftmp.GlobalUsings.g.cs","Custom-only","Build-or-runtime-review","183",,"FE45EA572AADFD1A9B54CF7251405CFA11B748CA88B034F06A724D49758CED2D",
"obj/Debug/net8.0-windows/Aimmy2_vb2aefck_wpftmp.AssemblyInfo.cs","Custom-only","Build-or-runtime-review","1134",,"2F8C29215F674C512A34E86826AEF40C8ABD269B7C1C6D14D5B06E834B28541D",
"obj/Debug/net8.0-windows/Aimmy2_vb2aefck_wpftmp.AssemblyInfoInputs.cache","Custom-only","Build-or-runtime-review","66",,"1FED0A160B24DC1F879F46CA141E0188509F20AA0E1E75E0118772B9216E8C62",
"obj/Debug/net8.0-windows/Aimmy2_vb2aefck_wpftmp.assets.cache","Custom-only","Build-or-runtime-review","36246",,"712C3F4EF962DF8401CC7BFB943F9E91FC74D106C24732DE878CCBA16A975252",
"obj/Debug/net8.0-windows/Aimmy2_vb2aefck_wpftmp.GeneratedMSBuildEditorConfig.editorconfig","Custom-only","Build-or-runtime-review","1161",,"718D156BF2D88CE893D843DE073867399E659667F6FA919E0FCE404B88F625D1",
"obj/Debug/net8.0-windows/Aimmy2_vb2aefck_wpftmp.GlobalUsings.g.cs","Custom-only","Build-or-runtime-review","183",,"FE45EA572AADFD1A9B54CF7251405CFA11B748CA88B034F06A724D49758CED2D",
"obj/Debug/net8.0-windows/Aimmy2_vdmkxrlx_wpftmp.AssemblyInfo.cs","Custom-only","Build-or-runtime-review","1134",,"2F8C29215F674C512A34E86826AEF40C8ABD269B7C1C6D14D5B06E834B28541D",
"obj/Debug/net8.0-windows/Aimmy2_vdmkxrlx_wpftmp.AssemblyInfoInputs.cache","Custom-only","Build-or-runtime-review","66",,"1FED0A160B24DC1F879F46CA141E0188509F20AA0E1E75E0118772B9216E8C62",
"obj/Debug/net8.0-windows/Aimmy2_vdmkxrlx_wpftmp.assets.cache","Custom-only","Build-or-runtime-review","36246",,"43F287BF4B406E53EEC1005F60EA24162F10FD70CAD0F13E80AF30407D8975DA",
"obj/Debug/net8.0-windows/Aimmy2_vdmkxrlx_wpftmp.GeneratedMSBuildEditorConfig.editorconfig","Custom-only","Build-or-runtime-review","819",,"3EF9182B52BEC39BB699BFEDA752F9503391A74FEF47E0F28DE1EF6BBECF8217",
"obj/Debug/net8.0-windows/Aimmy2_vdmkxrlx_wpftmp.GlobalUsings.g.cs","Custom-only","Build-or-runtime-review","183",,"FE45EA572AADFD1A9B54CF7251405CFA11B748CA88B034F06A724D49758CED2D",
"obj/Debug/net8.0-windows/Aimmy2_ve3s02pg_wpftmp.AssemblyInfo.cs","Custom-only","Build-or-runtime-review","1134",,"2F8C29215F674C512A34E86826AEF40C8ABD269B7C1C6D14D5B06E834B28541D",
"obj/Debug/net8.0-windows/Aimmy2_ve3s02pg_wpftmp.AssemblyInfoInputs.cache","Custom-only","Build-or-runtime-review","66",,"1FED0A160B24DC1F879F46CA141E0188509F20AA0E1E75E0118772B9216E8C62",
"obj/Debug/net8.0-windows/Aimmy2_ve3s02pg_wpftmp.assets.cache","Custom-only","Build-or-runtime-review","36246",,"3EF48AFDD0535E67DC3CC992BAC3D25528AD4ABDD643D12E424E9A98E1EF9737",
"obj/Debug/net8.0-windows/Aimmy2_ve3s02pg_wpftmp.GeneratedMSBuildEditorConfig.editorconfig","Custom-only","Build-or-runtime-review","1149",,"82A2A9623CDA906D56014E452685D4E9051AC711A515221145F7E6D01B7596D9",
"obj/Debug/net8.0-windows/Aimmy2_ve3s02pg_wpftmp.GlobalUsings.g.cs","Custom-only","Build-or-runtime-review","183",,"FE45EA572AADFD1A9B54CF7251405CFA11B748CA88B034F06A724D49758CED2D",
"obj/Debug/net8.0-windows/Aimmy2_vjhkvlsy_wpftmp.AssemblyInfo.cs","Custom-only","Build-or-runtime-review","1134",,"2F8C29215F674C512A34E86826AEF40C8ABD269B7C1C6D14D5B06E834B28541D",
"obj/Debug/net8.0-windows/Aimmy2_vjhkvlsy_wpftmp.AssemblyInfoInputs.cache","Custom-only","Build-or-runtime-review","66",,"1FED0A160B24DC1F879F46CA141E0188509F20AA0E1E75E0118772B9216E8C62",
"obj/Debug/net8.0-windows/Aimmy2_vjhkvlsy_wpftmp.assets.cache","Custom-only","Build-or-runtime-review","36246",,"0AF070A10926FEBABE536D30D06BC27EC1BBAE74D109A8492590AC43D1906BE1",
"obj/Debug/net8.0-windows/Aimmy2_vjhkvlsy_wpftmp.GeneratedMSBuildEditorConfig.editorconfig","Custom-only","Build-or-runtime-review","1149",,"82A2A9623CDA906D56014E452685D4E9051AC711A515221145F7E6D01B7596D9",
"obj/Debug/net8.0-windows/Aimmy2_vjhkvlsy_wpftmp.GlobalUsings.g.cs","Custom-only","Build-or-runtime-review","183",,"FE45EA572AADFD1A9B54CF7251405CFA11B748CA88B034F06A724D49758CED2D",
"obj/Debug/net8.0-windows/Aimmy2_vjwtfxus_wpftmp.AssemblyInfo.cs","Custom-only","Build-or-runtime-review","1134",,"2F8C29215F674C512A34E86826AEF40C8ABD269B7C1C6D14D5B06E834B28541D",
"obj/Debug/net8.0-windows/Aimmy2_vjwtfxus_wpftmp.AssemblyInfoInputs.cache","Custom-only","Build-or-runtime-review","66",,"1FED0A160B24DC1F879F46CA141E0188509F20AA0E1E75E0118772B9216E8C62",
"obj/Debug/net8.0-windows/Aimmy2_vjwtfxus_wpftmp.assets.cache","Custom-only","Build-or-runtime-review","36246",,"7A8B14C20C15ECCCB8F9B827C8EAA0BE47FF40BE62119E6867FE4CFABD2D8163",
"obj/Debug/net8.0-windows/Aimmy2_vjwtfxus_wpftmp.GeneratedMSBuildEditorConfig.editorconfig","Custom-only","Build-or-runtime-review","1149",,"98176DAE78CCB53DDE88AC657DFBA4937F1E53EC93DE7CDC1361C7885FEA94A9",
"obj/Debug/net8.0-windows/Aimmy2_vjwtfxus_wpftmp.GlobalUsings.g.cs","Custom-only","Build-or-runtime-review","183",,"FE45EA572AADFD1A9B54CF7251405CFA11B748CA88B034F06A724D49758CED2D",
"obj/Debug/net8.0-windows/Aimmy2_vliiixpj_wpftmp.AssemblyInfo.cs","Custom-only","Build-or-runtime-review","1134",,"2F8C29215F674C512A34E86826AEF40C8ABD269B7C1C6D14D5B06E834B28541D",
"obj/Debug/net8.0-windows/Aimmy2_vliiixpj_wpftmp.AssemblyInfoInputs.cache","Custom-only","Build-or-runtime-review","66",,"1FED0A160B24DC1F879F46CA141E0188509F20AA0E1E75E0118772B9216E8C62",
"obj/Debug/net8.0-windows/Aimmy2_vliiixpj_wpftmp.assets.cache","Custom-only","Build-or-runtime-review","36246",,"D4FD3D8BDF7AC1D7842A79065A0FCA56DB19CF7978468F901B2323A20F2BF443",
"obj/Debug/net8.0-windows/Aimmy2_vliiixpj_wpftmp.GeneratedMSBuildEditorConfig.editorconfig","Custom-only","Build-or-runtime-review","819",,"3EF9182B52BEC39BB699BFEDA752F9503391A74FEF47E0F28DE1EF6BBECF8217",
"obj/Debug/net8.0-windows/Aimmy2_vliiixpj_wpftmp.GlobalUsings.g.cs","Custom-only","Build-or-runtime-review","183",,"FE45EA572AADFD1A9B54CF7251405CFA11B748CA88B034F06A724D49758CED2D",
"obj/Debug/net8.0-windows/Aimmy2_vnfuhj2y_wpftmp.AssemblyInfo.cs","Custom-only","Build-or-runtime-review","1134",,"2F8C29215F674C512A34E86826AEF40C8ABD269B7C1C6D14D5B06E834B28541D",
"obj/Debug/net8.0-windows/Aimmy2_vnfuhj2y_wpftmp.AssemblyInfoInputs.cache","Custom-only","Build-or-runtime-review","66",,"1FED0A160B24DC1F879F46CA141E0188509F20AA0E1E75E0118772B9216E8C62",
"obj/Debug/net8.0-windows/Aimmy2_vnfuhj2y_wpftmp.assets.cache","Custom-only","Build-or-runtime-review","36246",,"4AA89DA35A069943AFF95CEB0EE150A0EF5EC7FE661A7DA447A48E51A266D79E",
"obj/Debug/net8.0-windows/Aimmy2_vnfuhj2y_wpftmp.GeneratedMSBuildEditorConfig.editorconfig","Custom-only","Build-or-runtime-review","819",,"3EF9182B52BEC39BB699BFEDA752F9503391A74FEF47E0F28DE1EF6BBECF8217",
"obj/Debug/net8.0-windows/Aimmy2_vnfuhj2y_wpftmp.GlobalUsings.g.cs","Custom-only","Build-or-runtime-review","183",,"FE45EA572AADFD1A9B54CF7251405CFA11B748CA88B034F06A724D49758CED2D",
"obj/Debug/net8.0-windows/Aimmy2_vpuysn0i_wpftmp.AssemblyInfo.cs","Custom-only","Build-or-runtime-review","1134",,"2F8C29215F674C512A34E86826AEF40C8ABD269B7C1C6D14D5B06E834B28541D",
"obj/Debug/net8.0-windows/Aimmy2_vpuysn0i_wpftmp.AssemblyInfoInputs.cache","Custom-only","Build-or-runtime-review","66",,"1FED0A160B24DC1F879F46CA141E0188509F20AA0E1E75E0118772B9216E8C62",
"obj/Debug/net8.0-windows/Aimmy2_vpuysn0i_wpftmp.assets.cache","Custom-only","Build-or-runtime-review","36246",,"B98F9B6602AB9A8FBB2FA2A66DCE52EC54EB736E85ACB09A1EFFEBA55C8DDEF6",
"obj/Debug/net8.0-windows/Aimmy2_vpuysn0i_wpftmp.GeneratedMSBuildEditorConfig.editorconfig","Custom-only","Build-or-runtime-review","819",,"3DAC3D055227D868929ADA0C602D9735AD5C5322C2114692A00102C40CFDFAED",
"obj/Debug/net8.0-windows/Aimmy2_vpuysn0i_wpftmp.GlobalUsings.g.cs","Custom-only","Build-or-runtime-review","183",,"FE45EA572AADFD1A9B54CF7251405CFA11B748CA88B034F06A724D49758CED2D",
"obj/Debug/net8.0-windows/Aimmy2_vyffij1a_wpftmp.AssemblyInfo.cs","Custom-only","Build-or-runtime-review","1134",,"2F8C29215F674C512A34E86826AEF40C8ABD269B7C1C6D14D5B06E834B28541D",
"obj/Debug/net8.0-windows/Aimmy2_vyffij1a_wpftmp.AssemblyInfoInputs.cache","Custom-only","Build-or-runtime-review","66",,"1FED0A160B24DC1F879F46CA141E0188509F20AA0E1E75E0118772B9216E8C62",
"obj/Debug/net8.0-windows/Aimmy2_vyffij1a_wpftmp.assets.cache","Custom-only","Build-or-runtime-review","36246",,"C5186C183F9045DCB64C2EE272DB0EFC7ED90FCC0B061A4CB4272C4D21BDC9BA",
"obj/Debug/net8.0-windows/Aimmy2_vyffij1a_wpftmp.GeneratedMSBuildEditorConfig.editorconfig","Custom-only","Build-or-runtime-review","819",,"3EF9182B52BEC39BB699BFEDA752F9503391A74FEF47E0F28DE1EF6BBECF8217",
"obj/Debug/net8.0-windows/Aimmy2_vyffij1a_wpftmp.GlobalUsings.g.cs","Custom-only","Build-or-runtime-review","183",,"FE45EA572AADFD1A9B54CF7251405CFA11B748CA88B034F06A724D49758CED2D",
"obj/Debug/net8.0-windows/Aimmy2_wdbqjxs0_wpftmp.AssemblyInfo.cs","Custom-only","Build-or-runtime-review","1134",,"2F8C29215F674C512A34E86826AEF40C8ABD269B7C1C6D14D5B06E834B28541D",
"obj/Debug/net8.0-windows/Aimmy2_wdbqjxs0_wpftmp.AssemblyInfoInputs.cache","Custom-only","Build-or-runtime-review","66",,"1FED0A160B24DC1F879F46CA141E0188509F20AA0E1E75E0118772B9216E8C62",
"obj/Debug/net8.0-windows/Aimmy2_wdbqjxs0_wpftmp.assets.cache","Custom-only","Build-or-runtime-review","36246",,"8732F79841AB2A0D7E1B0805BA0E802A106A324B9F311DE9C2440939E3F56DD1",
"obj/Debug/net8.0-windows/Aimmy2_wdbqjxs0_wpftmp.GeneratedMSBuildEditorConfig.editorconfig","Custom-only","Build-or-runtime-review","819",,"3DAC3D055227D868929ADA0C602D9735AD5C5322C2114692A00102C40CFDFAED",
"obj/Debug/net8.0-windows/Aimmy2_wdbqjxs0_wpftmp.GlobalUsings.g.cs","Custom-only","Build-or-runtime-review","183",,"FE45EA572AADFD1A9B54CF7251405CFA11B748CA88B034F06A724D49758CED2D",
"obj/Debug/net8.0-windows/Aimmy2_wi1bvitc_wpftmp.AssemblyInfo.cs","Custom-only","Build-or-runtime-review","1134",,"2F8C29215F674C512A34E86826AEF40C8ABD269B7C1C6D14D5B06E834B28541D",
"obj/Debug/net8.0-windows/Aimmy2_wi1bvitc_wpftmp.AssemblyInfoInputs.cache","Custom-only","Build-or-runtime-review","66",,"1FED0A160B24DC1F879F46CA141E0188509F20AA0E1E75E0118772B9216E8C62",
"obj/Debug/net8.0-windows/Aimmy2_wi1bvitc_wpftmp.assets.cache","Custom-only","Build-or-runtime-review","36246",,"789B26FF0E71FD7814AD0BE0DB9D7E590546526AD2AAF9032F4419F05ECADD91",
"obj/Debug/net8.0-windows/Aimmy2_wi1bvitc_wpftmp.GeneratedMSBuildEditorConfig.editorconfig","Custom-only","Build-or-runtime-review","819",,"3EF9182B52BEC39BB699BFEDA752F9503391A74FEF47E0F28DE1EF6BBECF8217",
"obj/Debug/net8.0-windows/Aimmy2_wi1bvitc_wpftmp.GlobalUsings.g.cs","Custom-only","Build-or-runtime-review","183",,"FE45EA572AADFD1A9B54CF7251405CFA11B748CA88B034F06A724D49758CED2D",
"obj/Debug/net8.0-windows/Aimmy2_wmrifcmt_wpftmp.AssemblyInfo.cs","Custom-only","Build-or-runtime-review","1134",,"2F8C29215F674C512A34E86826AEF40C8ABD269B7C1C6D14D5B06E834B28541D",
"obj/Debug/net8.0-windows/Aimmy2_wmrifcmt_wpftmp.AssemblyInfoInputs.cache","Custom-only","Build-or-runtime-review","66",,"1FED0A160B24DC1F879F46CA141E0188509F20AA0E1E75E0118772B9216E8C62",
"obj/Debug/net8.0-windows/Aimmy2_wmrifcmt_wpftmp.assets.cache","Custom-only","Build-or-runtime-review","36246",,"A50BB8BBA80756E1C22E730802A97BADEF5D21B10A002C6959E637AD3B8E9335",
"obj/Debug/net8.0-windows/Aimmy2_wmrifcmt_wpftmp.GeneratedMSBuildEditorConfig.editorconfig","Custom-only","Build-or-runtime-review","819",,"3EF9182B52BEC39BB699BFEDA752F9503391A74FEF47E0F28DE1EF6BBECF8217",
"obj/Debug/net8.0-windows/Aimmy2_wmrifcmt_wpftmp.GlobalUsings.g.cs","Custom-only","Build-or-runtime-review","183",,"FE45EA572AADFD1A9B54CF7251405CFA11B748CA88B034F06A724D49758CED2D",
"obj/Debug/net8.0-windows/Aimmy2_wrgvaftf_wpftmp.AssemblyInfo.cs","Custom-only","Build-or-runtime-review","1134",,"2F8C29215F674C512A34E86826AEF40C8ABD269B7C1C6D14D5B06E834B28541D",
"obj/Debug/net8.0-windows/Aimmy2_wrgvaftf_wpftmp.AssemblyInfoInputs.cache","Custom-only","Build-or-runtime-review","66",,"1FED0A160B24DC1F879F46CA141E0188509F20AA0E1E75E0118772B9216E8C62",
"obj/Debug/net8.0-windows/Aimmy2_wrgvaftf_wpftmp.assets.cache","Custom-only","Build-or-runtime-review","36246",,"8DCC22D741D729BC2B3829ABBC32D0EBD65E528BE34AA8044430029D591CC45D",
"obj/Debug/net8.0-windows/Aimmy2_wrgvaftf_wpftmp.GeneratedMSBuildEditorConfig.editorconfig","Custom-only","Build-or-runtime-review","819",,"3EF9182B52BEC39BB699BFEDA752F9503391A74FEF47E0F28DE1EF6BBECF8217",
"obj/Debug/net8.0-windows/Aimmy2_wrgvaftf_wpftmp.GlobalUsings.g.cs","Custom-only","Build-or-runtime-review","183",,"FE45EA572AADFD1A9B54CF7251405CFA11B748CA88B034F06A724D49758CED2D",
"obj/Debug/net8.0-windows/Aimmy2_wumhmypx_wpftmp.AssemblyInfo.cs","Custom-only","Build-or-runtime-review","1134",,"2F8C29215F674C512A34E86826AEF40C8ABD269B7C1C6D14D5B06E834B28541D",
"obj/Debug/net8.0-windows/Aimmy2_wumhmypx_wpftmp.AssemblyInfoInputs.cache","Custom-only","Build-or-runtime-review","66",,"1FED0A160B24DC1F879F46CA141E0188509F20AA0E1E75E0118772B9216E8C62",
"obj/Debug/net8.0-windows/Aimmy2_wumhmypx_wpftmp.assets.cache","Custom-only","Build-or-runtime-review","36246",,"05874129195263F18E68EC21074965AF2EED0C7E8C91B9FEB18989CCA5B8347A",
"obj/Debug/net8.0-windows/Aimmy2_wumhmypx_wpftmp.GeneratedMSBuildEditorConfig.editorconfig","Custom-only","Build-or-runtime-review","1149",,"98176DAE78CCB53DDE88AC657DFBA4937F1E53EC93DE7CDC1361C7885FEA94A9",
"obj/Debug/net8.0-windows/Aimmy2_wumhmypx_wpftmp.GlobalUsings.g.cs","Custom-only","Build-or-runtime-review","183",,"FE45EA572AADFD1A9B54CF7251405CFA11B748CA88B034F06A724D49758CED2D",
"obj/Debug/net8.0-windows/Aimmy2_wvyv5gzx_wpftmp.AssemblyInfo.cs","Custom-only","Build-or-runtime-review","1134",,"2F8C29215F674C512A34E86826AEF40C8ABD269B7C1C6D14D5B06E834B28541D",
"obj/Debug/net8.0-windows/Aimmy2_wvyv5gzx_wpftmp.AssemblyInfoInputs.cache","Custom-only","Build-or-runtime-review","66",,"1FED0A160B24DC1F879F46CA141E0188509F20AA0E1E75E0118772B9216E8C62",
"obj/Debug/net8.0-windows/Aimmy2_wvyv5gzx_wpftmp.assets.cache","Custom-only","Build-or-runtime-review","36246",,"E2E39D159376EE5196EC7F3326B05AB8CC50152A6E66475769BF2B3981E0351F",
"obj/Debug/net8.0-windows/Aimmy2_wvyv5gzx_wpftmp.GeneratedMSBuildEditorConfig.editorconfig","Custom-only","Build-or-runtime-review","819",,"3EF9182B52BEC39BB699BFEDA752F9503391A74FEF47E0F28DE1EF6BBECF8217",
"obj/Debug/net8.0-windows/Aimmy2_wvyv5gzx_wpftmp.GlobalUsings.g.cs","Custom-only","Build-or-runtime-review","183",,"FE45EA572AADFD1A9B54CF7251405CFA11B748CA88B034F06A724D49758CED2D",
"obj/Debug/net8.0-windows/Aimmy2_wxeu1prw_wpftmp.AssemblyInfo.cs","Custom-only","Build-or-runtime-review","1134",,"2F8C29215F674C512A34E86826AEF40C8ABD269B7C1C6D14D5B06E834B28541D",
"obj/Debug/net8.0-windows/Aimmy2_wxeu1prw_wpftmp.AssemblyInfoInputs.cache","Custom-only","Build-or-runtime-review","66",,"1FED0A160B24DC1F879F46CA141E0188509F20AA0E1E75E0118772B9216E8C62",
"obj/Debug/net8.0-windows/Aimmy2_wxeu1prw_wpftmp.assets.cache","Custom-only","Build-or-runtime-review","36246",,"611B2AA43B6D705604E4EE97495D34FC76CAC89EF464DF6AFC8C19B6C1F0DD46",
"obj/Debug/net8.0-windows/Aimmy2_wxeu1prw_wpftmp.GeneratedMSBuildEditorConfig.editorconfig","Custom-only","Build-or-runtime-review","819",,"3EF9182B52BEC39BB699BFEDA752F9503391A74FEF47E0F28DE1EF6BBECF8217",
"obj/Debug/net8.0-windows/Aimmy2_wxeu1prw_wpftmp.GlobalUsings.g.cs","Custom-only","Build-or-runtime-review","183",,"FE45EA572AADFD1A9B54CF7251405CFA11B748CA88B034F06A724D49758CED2D",
"obj/Debug/net8.0-windows/Aimmy2_wywx3bj0_wpftmp.AssemblyInfo.cs","Custom-only","Build-or-runtime-review","1134",,"2F8C29215F674C512A34E86826AEF40C8ABD269B7C1C6D14D5B06E834B28541D",
"obj/Debug/net8.0-windows/Aimmy2_wywx3bj0_wpftmp.AssemblyInfoInputs.cache","Custom-only","Build-or-runtime-review","66",,"1FED0A160B24DC1F879F46CA141E0188509F20AA0E1E75E0118772B9216E8C62",
"obj/Debug/net8.0-windows/Aimmy2_wywx3bj0_wpftmp.assets.cache","Custom-only","Build-or-runtime-review","36246",,"40D7A138E97082D45BB709727FFF7BDF0027EE71AC4195BE4707A527C227FBA0",
"obj/Debug/net8.0-windows/Aimmy2_wywx3bj0_wpftmp.GeneratedMSBuildEditorConfig.editorconfig","Custom-only","Build-or-runtime-review","819",,"3EF9182B52BEC39BB699BFEDA752F9503391A74FEF47E0F28DE1EF6BBECF8217",
"obj/Debug/net8.0-windows/Aimmy2_wywx3bj0_wpftmp.GlobalUsings.g.cs","Custom-only","Build-or-runtime-review","183",,"FE45EA572AADFD1A9B54CF7251405CFA11B748CA88B034F06A724D49758CED2D",
"obj/Debug/net8.0-windows/Aimmy2_xdm1gvw3_wpftmp.AssemblyInfo.cs","Custom-only","Build-or-runtime-review","1134",,"2F8C29215F674C512A34E86826AEF40C8ABD269B7C1C6D14D5B06E834B28541D",
"obj/Debug/net8.0-windows/Aimmy2_xdm1gvw3_wpftmp.AssemblyInfoInputs.cache","Custom-only","Build-or-runtime-review","66",,"1FED0A160B24DC1F879F46CA141E0188509F20AA0E1E75E0118772B9216E8C62",
"obj/Debug/net8.0-windows/Aimmy2_xdm1gvw3_wpftmp.assets.cache","Custom-only","Build-or-runtime-review","36246",,"A5C06EA95064F139719B2F401B2FCCF81534E35E192D66E8DF6F5832EB4D7C1A",
"obj/Debug/net8.0-windows/Aimmy2_xdm1gvw3_wpftmp.GeneratedMSBuildEditorConfig.editorconfig","Custom-only","Build-or-runtime-review","819",,"3EF9182B52BEC39BB699BFEDA752F9503391A74FEF47E0F28DE1EF6BBECF8217",
"obj/Debug/net8.0-windows/Aimmy2_xdm1gvw3_wpftmp.GlobalUsings.g.cs","Custom-only","Build-or-runtime-review","183",,"FE45EA572AADFD1A9B54CF7251405CFA11B748CA88B034F06A724D49758CED2D",
"obj/Debug/net8.0-windows/Aimmy2_xhtww3di_wpftmp.AssemblyInfo.cs","Custom-only","Build-or-runtime-review","1134",,"2F8C29215F674C512A34E86826AEF40C8ABD269B7C1C6D14D5B06E834B28541D",
"obj/Debug/net8.0-windows/Aimmy2_xhtww3di_wpftmp.AssemblyInfoInputs.cache","Custom-only","Build-or-runtime-review","66",,"1FED0A160B24DC1F879F46CA141E0188509F20AA0E1E75E0118772B9216E8C62",
"obj/Debug/net8.0-windows/Aimmy2_xhtww3di_wpftmp.assets.cache","Custom-only","Build-or-runtime-review","37798",,"293512ABC35809ADEE7D2BFF428DC30661EB571D93E56BAE57769AB607027E44",
"obj/Debug/net8.0-windows/Aimmy2_xhtww3di_wpftmp.GeneratedMSBuildEditorConfig.editorconfig","Custom-only","Build-or-runtime-review","1174",,"FE31C4AE4F7B5B5748CCFB9197539734FFEDFFECA99EE9C12453C7219560D797",
"obj/Debug/net8.0-windows/Aimmy2_xhtww3di_wpftmp.GlobalUsings.g.cs","Custom-only","Build-or-runtime-review","183",,"FE45EA572AADFD1A9B54CF7251405CFA11B748CA88B034F06A724D49758CED2D",
"obj/Debug/net8.0-windows/Aimmy2_xmqzwxmw_wpftmp.AssemblyInfo.cs","Custom-only","Build-or-runtime-review","1134",,"2F8C29215F674C512A34E86826AEF40C8ABD269B7C1C6D14D5B06E834B28541D",
"obj/Debug/net8.0-windows/Aimmy2_xmqzwxmw_wpftmp.AssemblyInfoInputs.cache","Custom-only","Build-or-runtime-review","66",,"1FED0A160B24DC1F879F46CA141E0188509F20AA0E1E75E0118772B9216E8C62",
"obj/Debug/net8.0-windows/Aimmy2_xmqzwxmw_wpftmp.assets.cache","Custom-only","Build-or-runtime-review","36246",,"0574892779A33E5FC40B43A04B250756BE676F2554ED475BE956335DD644078D",
"obj/Debug/net8.0-windows/Aimmy2_xmqzwxmw_wpftmp.GeneratedMSBuildEditorConfig.editorconfig","Custom-only","Build-or-runtime-review","819",,"3EF9182B52BEC39BB699BFEDA752F9503391A74FEF47E0F28DE1EF6BBECF8217",
"obj/Debug/net8.0-windows/Aimmy2_xmqzwxmw_wpftmp.GlobalUsings.g.cs","Custom-only","Build-or-runtime-review","183",,"FE45EA572AADFD1A9B54CF7251405CFA11B748CA88B034F06A724D49758CED2D",
"obj/Debug/net8.0-windows/Aimmy2_xnjvtvbc_wpftmp.AssemblyInfo.cs","Custom-only","Build-or-runtime-review","1134",,"2F8C29215F674C512A34E86826AEF40C8ABD269B7C1C6D14D5B06E834B28541D",
"obj/Debug/net8.0-windows/Aimmy2_xnjvtvbc_wpftmp.AssemblyInfoInputs.cache","Custom-only","Build-or-runtime-review","66",,"1FED0A160B24DC1F879F46CA141E0188509F20AA0E1E75E0118772B9216E8C62",
"obj/Debug/net8.0-windows/Aimmy2_xnjvtvbc_wpftmp.assets.cache","Custom-only","Build-or-runtime-review","36246",,"1F84933D69F7E5B659A38C613710BAB017487644D46AD7EB5EF5CDF2CF87DF5B",
"obj/Debug/net8.0-windows/Aimmy2_xnjvtvbc_wpftmp.GeneratedMSBuildEditorConfig.editorconfig","Custom-only","Build-or-runtime-review","819",,"3DAC3D055227D868929ADA0C602D9735AD5C5322C2114692A00102C40CFDFAED",
"obj/Debug/net8.0-windows/Aimmy2_xnjvtvbc_wpftmp.GlobalUsings.g.cs","Custom-only","Build-or-runtime-review","183",,"FE45EA572AADFD1A9B54CF7251405CFA11B748CA88B034F06A724D49758CED2D",
"obj/Debug/net8.0-windows/Aimmy2_xpca0cjx_wpftmp.AssemblyInfo.cs","Custom-only","Build-or-runtime-review","1134",,"2F8C29215F674C512A34E86826AEF40C8ABD269B7C1C6D14D5B06E834B28541D",
"obj/Debug/net8.0-windows/Aimmy2_xpca0cjx_wpftmp.AssemblyInfoInputs.cache","Custom-only","Build-or-runtime-review","66",,"1FED0A160B24DC1F879F46CA141E0188509F20AA0E1E75E0118772B9216E8C62",
"obj/Debug/net8.0-windows/Aimmy2_xpca0cjx_wpftmp.assets.cache","Custom-only","Build-or-runtime-review","36246",,"049BBE8654FE9293D3906AD11801DC657BB1A93FA9A4EA57C5AF230286C44AF5",
"obj/Debug/net8.0-windows/Aimmy2_xpca0cjx_wpftmp.GeneratedMSBuildEditorConfig.editorconfig","Custom-only","Build-or-runtime-review","1089",,"1CA322FEC0767C49135114EBD501237764293209ADAE9CFBFA1FD087033D98AB",
"obj/Debug/net8.0-windows/Aimmy2_xpca0cjx_wpftmp.GlobalUsings.g.cs","Custom-only","Build-or-runtime-review","183",,"FE45EA572AADFD1A9B54CF7251405CFA11B748CA88B034F06A724D49758CED2D",
"obj/Debug/net8.0-windows/Aimmy2_xsp3rkgy_wpftmp.AssemblyInfo.cs","Custom-only","Build-or-runtime-review","1134",,"2F8C29215F674C512A34E86826AEF40C8ABD269B7C1C6D14D5B06E834B28541D",
"obj/Debug/net8.0-windows/Aimmy2_xsp3rkgy_wpftmp.AssemblyInfoInputs.cache","Custom-only","Build-or-runtime-review","66",,"1FED0A160B24DC1F879F46CA141E0188509F20AA0E1E75E0118772B9216E8C62",
"obj/Debug/net8.0-windows/Aimmy2_xsp3rkgy_wpftmp.assets.cache","Custom-only","Build-or-runtime-review","36246",,"D8A8EBB4EB505895181B818DD2F50CFCF822DBF8BBCB94D8ED60A91D4EEE0511",
"obj/Debug/net8.0-windows/Aimmy2_xsp3rkgy_wpftmp.GeneratedMSBuildEditorConfig.editorconfig","Custom-only","Build-or-runtime-review","1149",,"98176DAE78CCB53DDE88AC657DFBA4937F1E53EC93DE7CDC1361C7885FEA94A9",
"obj/Debug/net8.0-windows/Aimmy2_xsp3rkgy_wpftmp.GlobalUsings.g.cs","Custom-only","Build-or-runtime-review","183",,"FE45EA572AADFD1A9B54CF7251405CFA11B748CA88B034F06A724D49758CED2D",
"obj/Debug/net8.0-windows/Aimmy2_xv5luhfm_wpftmp.AssemblyInfo.cs","Custom-only","Build-or-runtime-review","1134",,"2F8C29215F674C512A34E86826AEF40C8ABD269B7C1C6D14D5B06E834B28541D",
"obj/Debug/net8.0-windows/Aimmy2_xv5luhfm_wpftmp.AssemblyInfoInputs.cache","Custom-only","Build-or-runtime-review","66",,"1FED0A160B24DC1F879F46CA141E0188509F20AA0E1E75E0118772B9216E8C62",
"obj/Debug/net8.0-windows/Aimmy2_xv5luhfm_wpftmp.assets.cache","Custom-only","Build-or-runtime-review","36246",,"BAF7128DAF10BDF4EA47380FD16D7ACE40F6A2D2ABFDF9EB233ED9B1C5AF8D1B",
"obj/Debug/net8.0-windows/Aimmy2_xv5luhfm_wpftmp.GeneratedMSBuildEditorConfig.editorconfig","Custom-only","Build-or-runtime-review","819",,"3DAC3D055227D868929ADA0C602D9735AD5C5322C2114692A00102C40CFDFAED",
"obj/Debug/net8.0-windows/Aimmy2_xv5luhfm_wpftmp.GlobalUsings.g.cs","Custom-only","Build-or-runtime-review","183",,"FE45EA572AADFD1A9B54CF7251405CFA11B748CA88B034F06A724D49758CED2D",
"obj/Debug/net8.0-windows/Aimmy2_yekrs2px_wpftmp.AssemblyInfo.cs","Custom-only","Build-or-runtime-review","1134",,"2F8C29215F674C512A34E86826AEF40C8ABD269B7C1C6D14D5B06E834B28541D",
"obj/Debug/net8.0-windows/Aimmy2_yekrs2px_wpftmp.AssemblyInfoInputs.cache","Custom-only","Build-or-runtime-review","66",,"1FED0A160B24DC1F879F46CA141E0188509F20AA0E1E75E0118772B9216E8C62",
"obj/Debug/net8.0-windows/Aimmy2_yekrs2px_wpftmp.assets.cache","Custom-only","Build-or-runtime-review","36246",,"CCAC513A905582740B189100FC524644B91B5FABD99A1AF8F9C16A45D7FCD9FD",
"obj/Debug/net8.0-windows/Aimmy2_yekrs2px_wpftmp.GeneratedMSBuildEditorConfig.editorconfig","Custom-only","Build-or-runtime-review","819",,"3EF9182B52BEC39BB699BFEDA752F9503391A74FEF47E0F28DE1EF6BBECF8217",
"obj/Debug/net8.0-windows/Aimmy2_yekrs2px_wpftmp.GlobalUsings.g.cs","Custom-only","Build-or-runtime-review","183",,"FE45EA572AADFD1A9B54CF7251405CFA11B748CA88B034F06A724D49758CED2D",
"obj/Debug/net8.0-windows/Aimmy2_yj1nzbe3_wpftmp.AssemblyInfo.cs","Custom-only","Build-or-runtime-review","1134",,"2F8C29215F674C512A34E86826AEF40C8ABD269B7C1C6D14D5B06E834B28541D",
"obj/Debug/net8.0-windows/Aimmy2_yj1nzbe3_wpftmp.AssemblyInfoInputs.cache","Custom-only","Build-or-runtime-review","66",,"1FED0A160B24DC1F879F46CA141E0188509F20AA0E1E75E0118772B9216E8C62",
"obj/Debug/net8.0-windows/Aimmy2_yj1nzbe3_wpftmp.assets.cache","Custom-only","Build-or-runtime-review","36246",,"6A873A4ADE4FB00197ED06AABC5B7D2E53B426DF5836CA2D78BCC6AD51B919A8",
"obj/Debug/net8.0-windows/Aimmy2_yj1nzbe3_wpftmp.GeneratedMSBuildEditorConfig.editorconfig","Custom-only","Build-or-runtime-review","1149",,"82A2A9623CDA906D56014E452685D4E9051AC711A515221145F7E6D01B7596D9",
"obj/Debug/net8.0-windows/Aimmy2_yj1nzbe3_wpftmp.GlobalUsings.g.cs","Custom-only","Build-or-runtime-review","183",,"FE45EA572AADFD1A9B54CF7251405CFA11B748CA88B034F06A724D49758CED2D",
"obj/Debug/net8.0-windows/Aimmy2_yqptw3u4_wpftmp.AssemblyInfo.cs","Custom-only","Build-or-runtime-review","1134",,"2F8C29215F674C512A34E86826AEF40C8ABD269B7C1C6D14D5B06E834B28541D",
"obj/Debug/net8.0-windows/Aimmy2_yqptw3u4_wpftmp.AssemblyInfoInputs.cache","Custom-only","Build-or-runtime-review","66",,"1FED0A160B24DC1F879F46CA141E0188509F20AA0E1E75E0118772B9216E8C62",
"obj/Debug/net8.0-windows/Aimmy2_yqptw3u4_wpftmp.assets.cache","Custom-only","Build-or-runtime-review","36246",,"368D55BA5FB75F0D06EE5A27A663BA4D7345668A67E13FC0328E462939702D00",
"obj/Debug/net8.0-windows/Aimmy2_yqptw3u4_wpftmp.GeneratedMSBuildEditorConfig.editorconfig","Custom-only","Build-or-runtime-review","1149",,"98176DAE78CCB53DDE88AC657DFBA4937F1E53EC93DE7CDC1361C7885FEA94A9",
"obj/Debug/net8.0-windows/Aimmy2_yqptw3u4_wpftmp.GlobalUsings.g.cs","Custom-only","Build-or-runtime-review","183",,"FE45EA572AADFD1A9B54CF7251405CFA11B748CA88B034F06A724D49758CED2D",
"obj/Debug/net8.0-windows/Aimmy2_yyjc1v0e_wpftmp.AssemblyInfo.cs","Custom-only","Build-or-runtime-review","1134",,"2F8C29215F674C512A34E86826AEF40C8ABD269B7C1C6D14D5B06E834B28541D",
"obj/Debug/net8.0-windows/Aimmy2_yyjc1v0e_wpftmp.AssemblyInfoInputs.cache","Custom-only","Build-or-runtime-review","66",,"1FED0A160B24DC1F879F46CA141E0188509F20AA0E1E75E0118772B9216E8C62",
"obj/Debug/net8.0-windows/Aimmy2_yyjc1v0e_wpftmp.assets.cache","Custom-only","Build-or-runtime-review","36246",,"41030E10E3D3131734269FA43ECFC7F9FD5FCF735960C074B4BACDD64C97F1A7",
"obj/Debug/net8.0-windows/Aimmy2_yyjc1v0e_wpftmp.GeneratedMSBuildEditorConfig.editorconfig","Custom-only","Build-or-runtime-review","819",,"3EF9182B52BEC39BB699BFEDA752F9503391A74FEF47E0F28DE1EF6BBECF8217",
"obj/Debug/net8.0-windows/Aimmy2_yyjc1v0e_wpftmp.GlobalUsings.g.cs","Custom-only","Build-or-runtime-review","183",,"FE45EA572AADFD1A9B54CF7251405CFA11B748CA88B034F06A724D49758CED2D",
"obj/Debug/net8.0-windows/Aimmy2_yyts3qt1_wpftmp.AssemblyInfo.cs","Custom-only","Build-or-runtime-review","1134",,"2F8C29215F674C512A34E86826AEF40C8ABD269B7C1C6D14D5B06E834B28541D",
"obj/Debug/net8.0-windows/Aimmy2_yyts3qt1_wpftmp.AssemblyInfoInputs.cache","Custom-only","Build-or-runtime-review","66",,"1FED0A160B24DC1F879F46CA141E0188509F20AA0E1E75E0118772B9216E8C62",
"obj/Debug/net8.0-windows/Aimmy2_yyts3qt1_wpftmp.assets.cache","Custom-only","Build-or-runtime-review","36246",,"9ABB8F65BAFD8516A70661802F757392CC6275CAB4A0F582E2B693C61135FBE6",
"obj/Debug/net8.0-windows/Aimmy2_yyts3qt1_wpftmp.GeneratedMSBuildEditorConfig.editorconfig","Custom-only","Build-or-runtime-review","819",,"3EF9182B52BEC39BB699BFEDA752F9503391A74FEF47E0F28DE1EF6BBECF8217",
"obj/Debug/net8.0-windows/Aimmy2_yyts3qt1_wpftmp.GlobalUsings.g.cs","Custom-only","Build-or-runtime-review","183",,"FE45EA572AADFD1A9B54CF7251405CFA11B748CA88B034F06A724D49758CED2D",
"obj/Debug/net8.0-windows/Aimmy2_z3iiptkc_wpftmp.AssemblyInfo.cs","Custom-only","Build-or-runtime-review","1134",,"2F8C29215F674C512A34E86826AEF40C8ABD269B7C1C6D14D5B06E834B28541D",
"obj/Debug/net8.0-windows/Aimmy2_z3iiptkc_wpftmp.AssemblyInfoInputs.cache","Custom-only","Build-or-runtime-review","66",,"1FED0A160B24DC1F879F46CA141E0188509F20AA0E1E75E0118772B9216E8C62",
"obj/Debug/net8.0-windows/Aimmy2_z3iiptkc_wpftmp.assets.cache","Custom-only","Build-or-runtime-review","36246",,"8F4366793B04C2DD99CC1FE1C0EBD0B1564D2FF1EFB45B7B68F9548D8666C72A",
"obj/Debug/net8.0-windows/Aimmy2_z3iiptkc_wpftmp.GeneratedMSBuildEditorConfig.editorconfig","Custom-only","Build-or-runtime-review","1089",,"1CA322FEC0767C49135114EBD501237764293209ADAE9CFBFA1FD087033D98AB",
"obj/Debug/net8.0-windows/Aimmy2_z3iiptkc_wpftmp.GlobalUsings.g.cs","Custom-only","Build-or-runtime-review","183",,"FE45EA572AADFD1A9B54CF7251405CFA11B748CA88B034F06A724D49758CED2D",
"obj/Debug/net8.0-windows/Aimmy2_zgio3mgs_wpftmp.AssemblyInfo.cs","Custom-only","Build-or-runtime-review","1134",,"2F8C29215F674C512A34E86826AEF40C8ABD269B7C1C6D14D5B06E834B28541D",
"obj/Debug/net8.0-windows/Aimmy2_zgio3mgs_wpftmp.AssemblyInfoInputs.cache","Custom-only","Build-or-runtime-review","66",,"1FED0A160B24DC1F879F46CA141E0188509F20AA0E1E75E0118772B9216E8C62",
"obj/Debug/net8.0-windows/Aimmy2_zgio3mgs_wpftmp.assets.cache","Custom-only","Build-or-runtime-review","36246",,"5D80FBB8BF74C0575259C32D5D04DAD34B2A9FFDE7C762D42EDA88ED1C3BB907",
"obj/Debug/net8.0-windows/Aimmy2_zgio3mgs_wpftmp.GeneratedMSBuildEditorConfig.editorconfig","Custom-only","Build-or-runtime-review","819",,"3EF9182B52BEC39BB699BFEDA752F9503391A74FEF47E0F28DE1EF6BBECF8217",
"obj/Debug/net8.0-windows/Aimmy2_zgio3mgs_wpftmp.GlobalUsings.g.cs","Custom-only","Build-or-runtime-review","183",,"FE45EA572AADFD1A9B54CF7251405CFA11B748CA88B034F06A724D49758CED2D",
"obj/Debug/net8.0-windows/Aimmy2_zhxiefmo_wpftmp.AssemblyInfo.cs","Custom-only","Build-or-runtime-review","1134",,"2F8C29215F674C512A34E86826AEF40C8ABD269B7C1C6D14D5B06E834B28541D",
"obj/Debug/net8.0-windows/Aimmy2_zhxiefmo_wpftmp.AssemblyInfoInputs.cache","Custom-only","Build-or-runtime-review","66",,"1FED0A160B24DC1F879F46CA141E0188509F20AA0E1E75E0118772B9216E8C62",
"obj/Debug/net8.0-windows/Aimmy2_zhxiefmo_wpftmp.assets.cache","Custom-only","Build-or-runtime-review","36246",,"A745327AB53B70F30F406BB17F3E1038DC7E54D9C12B501A7AF165E99E87C036",
"obj/Debug/net8.0-windows/Aimmy2_zhxiefmo_wpftmp.GeneratedMSBuildEditorConfig.editorconfig","Custom-only","Build-or-runtime-review","819",,"3DAC3D055227D868929ADA0C602D9735AD5C5322C2114692A00102C40CFDFAED",
"obj/Debug/net8.0-windows/Aimmy2_zhxiefmo_wpftmp.GlobalUsings.g.cs","Custom-only","Build-or-runtime-review","183",,"FE45EA572AADFD1A9B54CF7251405CFA11B748CA88B034F06A724D49758CED2D",
"obj/Debug/net8.0-windows/Aimmy2_zpskxl01_wpftmp.AssemblyInfo.cs","Custom-only","Build-or-runtime-review","1134",,"2F8C29215F674C512A34E86826AEF40C8ABD269B7C1C6D14D5B06E834B28541D",
"obj/Debug/net8.0-windows/Aimmy2_zpskxl01_wpftmp.AssemblyInfoInputs.cache","Custom-only","Build-or-runtime-review","66",,"1FED0A160B24DC1F879F46CA141E0188509F20AA0E1E75E0118772B9216E8C62",
"obj/Debug/net8.0-windows/Aimmy2_zpskxl01_wpftmp.assets.cache","Custom-only","Build-or-runtime-review","36246",,"56808740ED7E22300587BDD0E812126EAB116F28766057BFBC7D4A816FB8AFF5",
"obj/Debug/net8.0-windows/Aimmy2_zpskxl01_wpftmp.GeneratedMSBuildEditorConfig.editorconfig","Custom-only","Build-or-runtime-review","819",,"3EF9182B52BEC39BB699BFEDA752F9503391A74FEF47E0F28DE1EF6BBECF8217",
"obj/Debug/net8.0-windows/Aimmy2_zpskxl01_wpftmp.GlobalUsings.g.cs","Custom-only","Build-or-runtime-review","183",,"FE45EA572AADFD1A9B54CF7251405CFA11B748CA88B034F06A724D49758CED2D",
"obj/Debug/net8.0-windows/Aimmy2_zud5nzwa_wpftmp.AssemblyInfo.cs","Custom-only","Build-or-runtime-review","1134",,"2F8C29215F674C512A34E86826AEF40C8ABD269B7C1C6D14D5B06E834B28541D",
"obj/Debug/net8.0-windows/Aimmy2_zud5nzwa_wpftmp.AssemblyInfoInputs.cache","Custom-only","Build-or-runtime-review","66",,"1FED0A160B24DC1F879F46CA141E0188509F20AA0E1E75E0118772B9216E8C62",
"obj/Debug/net8.0-windows/Aimmy2_zud5nzwa_wpftmp.assets.cache","Custom-only","Build-or-runtime-review","36246",,"CC4AA54E0C0B401C82F79C727A3714EBC546737B7BF4403FCFEF2352B0DC0B1E",
"obj/Debug/net8.0-windows/Aimmy2_zud5nzwa_wpftmp.GeneratedMSBuildEditorConfig.editorconfig","Custom-only","Build-or-runtime-review","819",,"3DAC3D055227D868929ADA0C602D9735AD5C5322C2114692A00102C40CFDFAED",
"obj/Debug/net8.0-windows/Aimmy2_zud5nzwa_wpftmp.GlobalUsings.g.cs","Custom-only","Build-or-runtime-review","183",,"FE45EA572AADFD1A9B54CF7251405CFA11B748CA88B034F06A724D49758CED2D",
"obj/Debug/net8.0-windows/Aimmy2.AssemblyInfo.cs","Custom-only","Build-or-runtime-review","1174",,"C2EE451CD149B2DEC17A341AD1D3BF0A44858776D43EDF436A126C6AAE80D41C",
"obj/Debug/net8.0-windows/Aimmy2.AssemblyInfoInputs.cache","Custom-only","Build-or-runtime-review","66",,"1FED0A160B24DC1F879F46CA141E0188509F20AA0E1E75E0118772B9216E8C62",
"obj/Debug/net8.0-windows/Aimmy2.assets.cache","Custom-only","Build-or-runtime-review","37798",,"736CA5236C4C0AC747312D0EA66D96B01D3E9C542669DB7BFE667FE4C07F82E7",
"obj/Debug/net8.0-windows/Aimmy2.csproj.AssemblyReference.cache","Custom-only","Build-or-runtime-review","11046",,"29C7408F68FFDFB19B554B3CD31B6E9EDF5258CB4408EB44A6E49D1490D64619",
"obj/Debug/net8.0-windows/Aimmy2.csproj.CoreCompileInputs.cache","Custom-only","Build-or-runtime-review","66",,"EE1B96C18A4D1208C0BCF7AFD739847105C07EB683C54B262452B0397538EAEC",
"obj/Debug/net8.0-windows/Aimmy2.csproj.FileListAbsolute.txt","Custom-only","Build-or-runtime-review","57169",,"279111BD2EACCE9A045E08C2D847DB41CF4B258FAD9CADEDEE31BB8442450791",
"obj/Debug/net8.0-windows/Aimmy2.csproj.Up2Date","Custom-only","Build-or-runtime-review","0",,"E3B0C44298FC1C149AFBF4C8996FB92427AE41E4649B934CA495991B7852B855",
"obj/Debug/net8.0-windows/Aimmy2.GeneratedMSBuildEditorConfig.editorconfig","Custom-only","Build-or-runtime-review","1174",,"FE31C4AE4F7B5B5748CCFB9197539734FFEDFFECA99EE9C12453C7219560D797",
"obj/Debug/net8.0-windows/Aimmy2.genruntimeconfig.cache","Custom-only","Build-or-runtime-review","66",,"9ABF6C808E5E0B8E1CEF00F43C261A74CF20C83A463DDE37830DCF3B075E38A7",
"obj/Debug/net8.0-windows/Aimmy2.GlobalUsings.g.cs","Custom-only","Build-or-runtime-review","183",,"FE45EA572AADFD1A9B54CF7251405CFA11B748CA88B034F06A724D49758CED2D",
"obj/Debug/net8.0-windows/App.baml","Custom-only","Build-or-runtime-review","25902",,"071288F4E0DAA74CFDFDDDF791546FDDF6D5FCBDC4393F84355396C8328A1CB1",
"obj/Debug/net8.0-windows/App.g.cs","Custom-only","Build-or-runtime-review","2604",,"3DC2B65F2B7A1C9C5B7027518C54BB138E11E7A551867D4F54B95A5DEF46AF16",
"obj/Debug/net8.0-windows/App.g.i.cs","Custom-only","Build-or-runtime-review","2612",,"D838BE3707B1F136CF567C12D3F056B121928F877F7BDD889D8B24389C15BE4B",
"obj/Debug/net8.0-windows/apphost.exe","Custom-only","Build-or-runtime-review","186368",,"9B47D351D30FC1BE3E5159E8CE6851E5C77FFCD87097C8F84BBF3536393AF75A",
"obj/Debug/net8.0-windows/Costura/028E9832F421F11F9497C610F1734E0F3D868037.costura.costura.dll.compressed.compressed","Custom-only","Build-or-runtime-review","2281",,"771873F05DA2D4596098A14016E8A4677FBF67759218E9CE38CF00C287479B1C",
"obj/Debug/net8.0-windows/Costura/0422904D0F3BECE42D3F9D4C4597685CAD701DEE.costura.vortice.mathematics.dll.compressed","Custom-only","Build-or-runtime-review","48054",,"09AE97CE9595178440D948925FCF57C758B9EC746675073FD5EBFCCA595C776F",
"obj/Debug/net8.0-windows/Costura/0422904D0F3BECE42D3F9D4C4597685CAD701DEE.costura.vortice.mathematics.dll.compressed.compressed","Custom-only","Build-or-runtime-review","48054",,"09AE97CE9595178440D948925FCF57C758B9EC746675073FD5EBFCCA595C776F",
"obj/Debug/net8.0-windows/Costura/12B789B4543990C9B3CDA126F14A5BC1ACAE4EF1.costura.system.management.dll.compressed.compressed","Custom-only","Build-or-runtime-review","29850",,"D02543A80B73F2561883E8FFCC6B2213DD6440FEEECBD130F973DFC8DEADD079",
"obj/Debug/net8.0-windows/Costura/146F684DDA4CFC511ECCE8C090E66782B204A782.costura.microsoft.ml.onnxruntime.dll.compressed.compressed","Custom-only","Build-or-runtime-review","89714",,"193F44BEFDB14BAE8ED493A3D2C93920107AD17931DF500F2FB46BB40203564C",
"obj/Debug/net8.0-windows/Costura/1A0E397F6EC5D0585AF6089D3CE86711B9162ED7.costura.microsoft.xaml.behaviors.pdb.compressed","Custom-only","Build-or-runtime-review","118452",,"4ECDC1C7B638A7AC599B574AFACE394F6FE92391CB353B82D9660054E13582DB",
"obj/Debug/net8.0-windows/Costura/1A0E397F6EC5D0585AF6089D3CE86711B9162ED7.costura.microsoft.xaml.behaviors.pdb.compressed.compressed","Custom-only","Build-or-runtime-review","118452",,"4ECDC1C7B638A7AC599B574AFACE394F6FE92391CB353B82D9660054E13582DB",
"obj/Debug/net8.0-windows/Costura/1E6CEDCC37F982F7372163A7B9DCB077E198600D.costura.materialdesignthemes.wpf.dll.compressed","Custom-only","Build-or-runtime-review","3034188",,"7C032C118E41A6FC2D9BD1ACDB670CE4401B1277F2CCFE06311C2157504841D3",
"obj/Debug/net8.0-windows/Costura/31531EEA4711CF48D5E834FF92738769389EE1CD.costura.costura.dll.compressed","Custom-only","Build-or-runtime-review","2287",,"5FEDFADF4EB8652F8CDE60A3DD61FEF6DC4844314C5AC4DE066DABA6430CEB48",
"obj/Debug/net8.0-windows/Costura/3501061214FB5B3143E584831CFF8D3C7216DC70.costura.supercluster.kdtree.dll.compressed","Custom-only","Build-or-runtime-review","7057",,"78C441239F2998AF8CB9717EBB4A6749F603F9A3E57DBEDA1DA73621852B4FBA",
"obj/Debug/net8.0-windows/Costura/3501061214FB5B3143E584831CFF8D3C7216DC70.costura.supercluster.kdtree.dll.compressed.compressed","Custom-only","Build-or-runtime-review","7057",,"78C441239F2998AF8CB9717EBB4A6749F603F9A3E57DBEDA1DA73621852B4FBA",
"obj/Debug/net8.0-windows/Costura/40DF8C59642941BE047C51211684A169A2046762.costura.vortice.dxgi.dll.compressed.compressed","Custom-only","Build-or-runtime-review","37441",,"6CDFDD7C214E863458CEC48FDD237E735656E2451577A7246CAEC5A8E57EEB99",
"obj/Debug/net8.0-windows/Costura/4DE073819643DE254B17CB83360E10E74EB57F0E.costura.costura.pdb.compressed","Custom-only","Build-or-runtime-review","4477",,"56DC94E1B6121B905CC66C53D374C0491A56F800FB7A4B23BDA75DE048B152FC",
"obj/Debug/net8.0-windows/Costura/605FAC68335FD692A666F5E560299F4851CA1CC1.costura.sharpgen.runtime.dll.compressed","Custom-only","Build-or-runtime-review","36571",,"591325B5C8119FAAC882CE5FD990C4D1C206533A383442AA209CF832F578BFD2",
"obj/Debug/net8.0-windows/Costura/605FAC68335FD692A666F5E560299F4851CA1CC1.costura.sharpgen.runtime.dll.compressed.compressed","Custom-only","Build-or-runtime-review","36571",,"591325B5C8119FAAC882CE5FD990C4D1C206533A383442AA209CF832F578BFD2",
"obj/Debug/net8.0-windows/Costura/63BC35A0C27BB49E31012F55BA3E40145B0EA87C.costura.microsoft.xaml.behaviors.dll.compressed","Custom-only","Build-or-runtime-review","64817",,"883D846D53AB562265D62C909ACD6E0368F73819B880430C533610C029E964F1",
"obj/Debug/net8.0-windows/Costura/63BC35A0C27BB49E31012F55BA3E40145B0EA87C.costura.microsoft.xaml.behaviors.dll.compressed.compressed","Custom-only","Build-or-runtime-review","64817",,"883D846D53AB562265D62C909ACD6E0368F73819B880430C533610C029E964F1",
"obj/Debug/net8.0-windows/Costura/64244D464BD1EDE5EC94B327D120449636B68063.costura.gma.system.mousekeyhook.dll.compressed","Custom-only","Build-or-runtime-review","22119",,"13EB746F7777CEE4378378246823D04276DC9501C7972DFC5E7D187DDC157AAA",
"obj/Debug/net8.0-windows/Costura/64244D464BD1EDE5EC94B327D120449636B68063.costura.gma.system.mousekeyhook.dll.compressed.compressed","Custom-only","Build-or-runtime-review","22119",,"13EB746F7777CEE4378378246823D04276DC9501C7972DFC5E7D187DDC157AAA",
"obj/Debug/net8.0-windows/Costura/7A3852DE44FE5F91E883B5B9C3FBA3FB39F02A8E.costura.vortice.direct3d12.dll.compressed","Custom-only","Build-or-runtime-review","182837",,"24925EE9320AA65A49AF381BF62CDD9ECFF6079CEFA58627363C24247CB304F6",
"obj/Debug/net8.0-windows/Costura/806F4C19B2D7FD9E3B836269EC07647019A29E95.costura.costura.pdb.compressed.compressed","Custom-only","Build-or-runtime-review","4312",,"4FF0B348BFB07A0A6642692D12BBC0BB93FF8577965B93BF9FB2B2C0EC385D6B",
"obj/Debug/net8.0-windows/Costura/8EFC1CBC86DF4C61CACA4D49DE938D7F8580C90C.costura.tensorrtsharp.dll.compressed","Custom-only","Build-or-runtime-review","53454",,"3D34777B722F636592D11D189F04671C6C1F4A227AFAD72D93AE61258E297014",
"obj/Debug/net8.0-windows/Costura/9D0227A32A2A74C8F105A5015C25BCEE6EB787F4.costura.system.text.encodings.web.dll.compressed","Custom-only","Build-or-runtime-review","31601",,"6F6D0D26502994B450CECFCFE96B6BA959CD79D3B7AA112FFF640E02E8C5EC09",
"obj/Debug/net8.0-windows/Costura/9D0227A32A2A74C8F105A5015C25BCEE6EB787F4.costura.system.text.encodings.web.dll.compressed.compressed","Custom-only","Build-or-runtime-review","31601",,"6F6D0D26502994B450CECFCFE96B6BA959CD79D3B7AA112FFF640E02E8C5EC09",
"obj/Debug/net8.0-windows/Costura/A1BEC8599359082EDB5D840FCCFF24110A33855F.costura.vortice.direct3d12.dll.compressed.compressed","Custom-only","Build-or-runtime-review","182847",,"CE9E595604F5AF37239E6F12E6B00DB27667B5D998C0DDD86327EF775561C9CD",
"obj/Debug/net8.0-windows/Costura/A492390F5479F4060C7E9F63B6BF30DEAC17DB84.costura.materialdesigncolors.dll.compressed","Custom-only","Build-or-runtime-review","43959",,"F72792E48727C230A8663E4D7977F7F775A68701712A0CBD8F63134FDF4C7026",
"obj/Debug/net8.0-windows/Costura/AEB5CFE023582D4870605D99A7CDD342F876D794.costura.vortice.direct3d11.dll.compressed.compressed","Custom-only","Build-or-runtime-review","118653",,"882D3DB402740B192762E8E3045F0A11C82BF7487779555EF9AB5192F60469C7",
"obj/Debug/net8.0-windows/Costura/AF77D8B9D421894BE4BE81D4763476C6A7490F18.costura.system.codedom.dll.compressed.compressed","Custom-only","Build-or-runtime-review","71935",,"B83BA8A00FEAFEBCB17604D34DE14A394498F09959F7D40236FC3B147C8C8A8E",
"obj/Debug/net8.0-windows/Costura/BB013CF6C9221F96CD0920DC597532028139378E.costura.materialdesigncolors.dll.compressed.compressed","Custom-only","Build-or-runtime-review","44009",,"7811CDA2D49B625D12CEDD0461243C462AEFA0647F9AFAFAC867ECB10B06FBA9",
"obj/Debug/net8.0-windows/Costura/BCD40968EBA6D4DF369C7E567AFEEC5369CE09CA.costura.system.codedom.dll.compressed","Custom-only","Build-or-runtime-review","71608",,"671D9DFC814C58E3B1B61932859C06A91A241ECF0F9F89C74CFB4805A3815FF9",
"obj/Debug/net8.0-windows/Costura/BF66D48C68B9E4E664701A4621AA73F2A4877597.costura.materialdesignthemes.wpf.dll.compressed.compressed","Custom-only","Build-or-runtime-review","3022418",,"314EA436F04186C8F1D606517941BBA9BE4A27D1ECB0709CD525C1137DC74D34",
"obj/Debug/net8.0-windows/Costura/C15A71BDB01E27B6529569715B6195E7FE304BE1.costura.vortice.direct3d11.dll.compressed","Custom-only","Build-or-runtime-review","118653",,"EBED7F26C0649D3A7A238A67A74325D3E49B2B58F63525B4DF92AE38010D0240",
"obj/Debug/net8.0-windows/Costura/CADFD587E7D2F3E6533328FC5D85FFD71B27E978.costura.sharpgen.runtime.com.dll.compressed","Custom-only","Build-or-runtime-review","72327",,"A9D7730FC24D8C70A0D5228EA9076B72E1AB74A0A296B5645B2656A9996A5A04",
"obj/Debug/net8.0-windows/Costura/CADFD587E7D2F3E6533328FC5D85FFD71B27E978.costura.sharpgen.runtime.com.dll.compressed.compressed","Custom-only","Build-or-runtime-review","72327",,"A9D7730FC24D8C70A0D5228EA9076B72E1AB74A0A296B5645B2656A9996A5A04",
"obj/Debug/net8.0-windows/Costura/CE8664DA8AF4B0084D75EA4F5A2EFA3BE1FEB72D.costura.microsoft.ml.onnxruntime.pdb.compressed","Custom-only","Build-or-runtime-review","36645",,"8B0499FFE4CB5B27639A7BE28DA9EE715EB8E401AA249E3D3DF7575CB168AE65",
"obj/Debug/net8.0-windows/Costura/D0756172C50CEDD0C9332F158882137622C2C167.costura.system.io.pipelines.dll.compressed","Custom-only","Build-or-runtime-review","38358",,"5113A4169AEF3C3F1444E48204B93F556CEAFB2B60EC61825D773AC210DF4B05",
"obj/Debug/net8.0-windows/Costura/D0756172C50CEDD0C9332F158882137622C2C167.costura.system.io.pipelines.dll.compressed.compressed","Custom-only","Build-or-runtime-review","38358",,"5113A4169AEF3C3F1444E48204B93F556CEAFB2B60EC61825D773AC210DF4B05",
"obj/Debug/net8.0-windows/Costura/D948F74B30DA3DF7354478FEE608A7B675DF539D.costura.system.numerics.tensors.dll.compressed","Custom-only","Build-or-runtime-review","132052",,"A53C5B4AA0D6F726F9FD6DC94E293D549818E963C57B40D522B8533EA7AA1B9B",
"obj/Debug/net8.0-windows/Costura/D948F74B30DA3DF7354478FEE608A7B675DF539D.costura.system.numerics.tensors.dll.compressed.compressed","Custom-only","Build-or-runtime-review","132052",,"A53C5B4AA0D6F726F9FD6DC94E293D549818E963C57B40D522B8533EA7AA1B9B",
"obj/Debug/net8.0-windows/Costura/DB42F31BAFF3473AEE90A680C432B4A1E6540AB6.costura.microsoft.ml.onnxruntime.pdb.compressed.compressed","Custom-only","Build-or-runtime-review","35479",,"377C2B3DDA2EACD2D1BBCBB5B8021F687FD26711D5BFB2356A5906DFE6E47EBD",
"obj/Debug/net8.0-windows/Costura/E06B572053122C09C0549D86388B302D20FA1930.costura.vortice.dxgi.dll.compressed","Custom-only","Build-or-runtime-review","37445",,"46B5A105D1C3EB92D0CBC6169D641AC2AB19E4B122F520C1165764FB22D70401",
"obj/Debug/net8.0-windows/Costura/E909E08DB5A6226AE12371BCF8A58390DA09BBD8.costura.vortice.mathematics.pdb.compressed","Custom-only","Build-or-runtime-review","29797",,"1A1709E0E9C0D5DA8552B97532D9C774ACA7F9EB3C00E6341D5F2DE87E178425",
"obj/Debug/net8.0-windows/Costura/E909E08DB5A6226AE12371BCF8A58390DA09BBD8.costura.vortice.mathematics.pdb.compressed.compressed","Custom-only","Build-or-runtime-review","29797",,"1A1709E0E9C0D5DA8552B97532D9C774ACA7F9EB3C00E6341D5F2DE87E178425",
"obj/Debug/net8.0-windows/Costura/ECF0B198C97AD84082EB3057918993D2A00D87B0.costura.vortice.directx.dll.compressed","Custom-only","Build-or-runtime-review","143883",,"38A8A83D0A69648D9EF6D93DC42BFAF7EC3C483973BE948CC956B4D0D48B2D8F",
"obj/Debug/net8.0-windows/Costura/F19C6AD762EA5A702A79C51282F858205DD684ED.costura.microsoft.ml.onnxruntime.dll.compressed","Custom-only","Build-or-runtime-review","93744",,"27C7832B98480C571027EB8D7B7600A6B9B0737F164A9C59F9B30BE94DDB5783",
"obj/Debug/net8.0-windows/Costura/F2D7F1DDE295000855372F6EEBB991F43397C6BA.costura.xamlradialprogressbar.dll.compressed","Custom-only","Build-or-runtime-review","10880",,"E1948CF11A67843497AB01C0999D94EF4E8FB58A28DA6EA33B0A3F2570A67AB9",
"obj/Debug/net8.0-windows/Costura/F2D7F1DDE295000855372F6EEBB991F43397C6BA.costura.xamlradialprogressbar.dll.compressed.compressed","Custom-only","Build-or-runtime-review","10880",,"E1948CF11A67843497AB01C0999D94EF4E8FB58A28DA6EA33B0A3F2570A67AB9",
"obj/Debug/net8.0-windows/Costura/F387C00DD7C9A5E38C0DB6B9141DB74DA433103A.costura.antwpf.dll.compressed","Custom-only","Build-or-runtime-review","277104",,"3650391C62B581ABD01FCEC8A795DA1704DB37C46F4148ADEDAAFB5F3B00F8D6",
"obj/Debug/net8.0-windows/Costura/F387C00DD7C9A5E38C0DB6B9141DB74DA433103A.costura.antwpf.dll.compressed.compressed","Custom-only","Build-or-runtime-review","277104",,"3650391C62B581ABD01FCEC8A795DA1704DB37C46F4148ADEDAAFB5F3B00F8D6",
"obj/Debug/net8.0-windows/Costura/F85B55D750AF635FBC37CDAEA7CCA8154F2C29B6.costura.vortice.directx.dll.compressed.compressed","Custom-only","Build-or-runtime-review","143760",,"097272C2E79994CBDC6A4D411DE213A6029A31DD33C2AAB385059772F190488C",
"obj/Debug/net8.0-windows/Costura/F89AC5753DB55F75602ADC28E204031878EB91E6.costura.system.text.json.dll.compressed","Custom-only","Build-or-runtime-review","237550",,"773E65E8F00D1EFF600BD10BC7A5BCA13DD776817A7E1BC152B1258881D20455",
"obj/Debug/net8.0-windows/Costura/F89AC5753DB55F75602ADC28E204031878EB91E6.costura.system.text.json.dll.compressed.compressed","Custom-only","Build-or-runtime-review","237550",,"773E65E8F00D1EFF600BD10BC7A5BCA13DD776817A7E1BC152B1258881D20455",
"obj/Debug/net8.0-windows/Costura/FCF801C0915CB47F400C74B1B459EB55FF4A5F9D.costura.newtonsoft.json.dll.compressed","Custom-only","Build-or-runtime-review","278020",,"1E0697DCF002DC0CC6BD0C68AE823505ABD09AA9251DCC550C7860FFFA159231",
"obj/Debug/net8.0-windows/Costura/FCF801C0915CB47F400C74B1B459EB55FF4A5F9D.costura.newtonsoft.json.dll.compressed.compressed","Custom-only","Build-or-runtime-review","278020",,"1E0697DCF002DC0CC6BD0C68AE823505ABD09AA9251DCC550C7860FFFA159231",
"obj/Debug/net8.0-windows/Costura/FDE33E12D5C01C72E42DD36A33F1E3DC541B8384.costura.system.management.dll.compressed","Custom-only","Build-or-runtime-review","29549",,"4A98CAAE344E1C0F7067FFE8CDBB52B8601CD08BF581B3129C784E4343C3617E",
"obj/Debug/net8.0-windows/CouldBeAimmyV2_Content.g.cs","Custom-only","Build-or-runtime-review","3390",,"2E1C04E7C7717BB69B65BF5C30256F331B83B69449B41C49DD46B1E522C626D8",
"obj/Debug/net8.0-windows/CouldBeAimmyV2_Content.g.i.cs","Custom-only","Build-or-runtime-review","2854",,"13E8D407B0D2FA4796A54E55DDDE5C059A429C944C270AD041A67E81CDC4767B",
"obj/Debug/net8.0-windows/CouldBeAimmyV2_MarkupCompile.cache","Custom-only","Build-or-runtime-review","1340",,"BA0A109E8C4B93636A4858FDF1F0FDD9B8D2713DA985A0E2EE1F62BF9E564131",
"obj/Debug/net8.0-windows/CouldBeAimmyV2_MarkupCompile.i.cache","Custom-only","Build-or-runtime-review","1226",,"F5346C01DC7E5D4B4AA5BEA612D75516EC3684C3F7D9861007343A4D9381282C",
"obj/Debug/net8.0-windows/CouldBeAimmyV2_MarkupCompile.i.lref","Custom-only","Build-or-runtime-review","2102",,"8A67B5644A92C75CE4BCBA3DC04AF44ED71C699E7CF86EEB684E2EA00225B182",
"obj/Debug/net8.0-windows/CouldBeAimmyV2_MarkupCompile.lref","Custom-only","Build-or-runtime-review","2012",,"ABBB3DF3D338073EDEB6C00CAE9EDF4947053B29DDD5B0F4EB36E326CB9BE487",
"obj/Debug/net8.0-windows/CouldBeAimmyV2.dll","Custom-only","Build-or-runtime-review","8044032",,"FDC933A611AD2DC806E2586413E2BC8D68C3B3324CCEA1797D2E3E7FAF02DE65",
"obj/Debug/net8.0-windows/CouldBeAimmyV2.g.resources","Custom-only","Build-or-runtime-review","2164919",,"50A78187D4F4EB6BB45DC2C209020F57E1AFE3A261479FA1C9F56AF98E1A03A0",
"obj/Debug/net8.0-windows/ExitConfirmationWindow.baml","Custom-only","Build-or-runtime-review","3812",,"91DA5EA9BA3F5140339BE8EABAAAA34876E9AA777F667848CAFF6464917894C2",
"obj/Debug/net8.0-windows/ExitConfirmationWindow.g.cs","Custom-only","Build-or-runtime-review","4098",,"D4F5A4C11D6D2FEFF2DD3E6D20B9D43F4359757DAB6746129DE198CF8E4632BD",
"obj/Debug/net8.0-windows/GeneratedInternalTypeHelper.g.cs","Custom-only","Build-or-runtime-review","2959",,"2C27336D3745BB001DA928A2C639ED83718E2AF71680239CCDA2200585ADABD9",
"obj/Debug/net8.0-windows/GeneratedInternalTypeHelper.g.i.cs","Custom-only","Build-or-runtime-review","2999",,"2EAC68A7BC38A5AC2B501683A348D1384E48DBC05925262DB6D77456AD9495DB",
"obj/Debug/net8.0-windows/MainWindow.baml","Custom-only","Build-or-runtime-review","7640",,"4382E247D86DEE466E01A90658EF243D026B4B319C72DFE1B0182BB09B102196",
"obj/Debug/net8.0-windows/MainWindow.g.cs","Custom-only","Build-or-runtime-review","12971",,"4F5968AE2C61AAAC75D61309A76D32C7B36F5223D31E060089D585822B64128F",
"obj/Debug/net8.0-windows/MainWindow.g.i.cs","Custom-only","Build-or-runtime-review","12979",,"1B7D2D0B3EBB56881D79FB64E8C3E4559B7D541FCAB80187EF6CEEF22A217BF4",
"obj/Debug/net8.0-windows/MouseMovementLibraries/GHubSupport/LGDownloader.baml","Custom-only","Build-or-runtime-review","4927",,"7446B23C578347263B8D8B307ADE2CD563C65E1F3DEA7853F2B59C32A2081245",
"obj/Debug/net8.0-windows/MouseMovementLibraries/GHubSupport/LGDownloader.g.cs","Custom-only","Build-or-runtime-review","8104",,"1ECC335FD42B4189B0583F1A35447025BFDB70BC0DA4E9E1C97D35706F353395",
"obj/Debug/net8.0-windows/MouseMovementLibraries/GHubSupport/LGDownloader.g.i.cs","Custom-only","Build-or-runtime-review","8138",,"5A323A7489E60EDB448A7D7A0B8588BF4055D8890B4252B10838F4464297EA1E",
"obj/Debug/net8.0-windows/ref/CouldBeAimmyV2.dll","Custom-only","Build-or-runtime-review","131072",,"22AA3EAB6A5BDAEE0A6F11E7E2B12F5A8A854FEA93CE02CFCE30DDDC238D6E0B",
"obj/Debug/net8.0-windows/refint/CouldBeAimmyV2.dll","Custom-only","Build-or-runtime-review","131072",,"22AA3EAB6A5BDAEE0A6F11E7E2B12F5A8A854FEA93CE02CFCE30DDDC238D6E0B",
"obj/Debug/net8.0-windows/StartupWindow.baml","Custom-only","Build-or-runtime-review","10023",,"4513609F739891F4AFF0D35FDC507E584AE7EEB5C61226E1314FAD177387AA9E",
"obj/Debug/net8.0-windows/StartupWindow.g.cs","Custom-only","Build-or-runtime-review","14420",,"EF26F2557302C1AEA638CE8C32C4A22B6E6DE7E73957840FF95362B2D8B15345",
"obj/Debug/net8.0-windows/StartupWindow.g.i.cs","Custom-only","Build-or-runtime-review","14428",,"40E7CAA02AE53CDFA51185DA7CB28843A8E584B513DD93475C4A01DB57FDA53A",
"obj/Debug/net8.0-windows/UILibrary/AColorChanger.baml","Custom-only","Build-or-runtime-review","2305",,"DE81930634F80982BB0E8BD44BE12EA09CB6C186A7793A86CDD557C2BF6F1E91",
"obj/Debug/net8.0-windows/UILibrary/AColorChanger.g.cs","Custom-only","Build-or-runtime-review","4712",,"1C39FB0CF387E2322C19FA0526B1307442B8B471F1F070D2FA71E1ADFACE2ABF",
"obj/Debug/net8.0-windows/UILibrary/AColorChanger.g.i.cs","Custom-only","Build-or-runtime-review","4720",,"C3190EF73537B48FE815806007F392F043863F071927D7B2336DA29CD480AF4C",
"obj/Debug/net8.0-windows/UILibrary/AColorWheel.baml","Custom-only","Build-or-runtime-review","11006",,"D1D18F601793D687CDD5CBF31CFFCCFCB25B967692728399FE1F3A0E651F7B2B",
"obj/Debug/net8.0-windows/UILibrary/AColorWheel.g.cs","Custom-only","Build-or-runtime-review","18965",,"E405F59FB75DFF5A02FE941773503792F71EDF3EFA66DAA6631819581C8020AE",
"obj/Debug/net8.0-windows/UILibrary/AColorWheel.g.i.cs","Custom-only","Build-or-runtime-review","18973",,"2063471C1B7C43EC2A079B74AD3E365A44B70F2A3C3807CB7509B258CB8E494A",
"obj/Debug/net8.0-windows/UILibrary/ADisplaySelector.baml","Custom-only","Build-or-runtime-review","2500",,"58FB210F976BB443B3CAE9A410868C5D3A38B0EE23841F6F2B6CC5099E262064",
"obj/Debug/net8.0-windows/UILibrary/ADisplaySelector.g.cs","Custom-only","Build-or-runtime-review","4780",,"295853AD1746BB602F3CFA6B735B963CEA6A2390338BAD0DD7A814486F2A1AC3",
"obj/Debug/net8.0-windows/UILibrary/ADisplaySelector.g.i.cs","Custom-only","Build-or-runtime-review","4788",,"93F16EA7F2D44B560435EE8A28F4B6E11FE0EA62D030C3968D15BF7D15858BAD",
"obj/Debug/net8.0-windows/UILibrary/ADownloadGateway.baml","Custom-only","Build-or-runtime-review","2806",,"66DE2D8336858240911600ABC4D8931D3ED651952AEED852445F33BE8B600484",
"obj/Debug/net8.0-windows/UILibrary/ADownloadGateway.g.cs","Custom-only","Build-or-runtime-review","5248",,"A47A9CFCC2D48570F40A11CA5D59FB8D5B0D45E6008875C0D54449CC9E29301F",
"obj/Debug/net8.0-windows/UILibrary/ADownloadGateway.g.i.cs","Custom-only","Build-or-runtime-review","5256",,"49A5ACFC3411932F2C88F5AB473C512ACDE5C7B50D6F98011C6C71E3F4C4574D",
"obj/Debug/net8.0-windows/UILibrary/ADropdown.baml","Custom-only","Build-or-runtime-review","2315",,"678D4F946B39FB1213DB4EC499730B867BD10421EB5E9FC92CE2465DD6F90122",
"obj/Debug/net8.0-windows/UILibrary/ADropdown.g.cs","Custom-only","Build-or-runtime-review","4501",,"6CF067BC3E72EFE97B9A60099A50857C16D607123BDFFA6A5306B04EE48AF485",
"obj/Debug/net8.0-windows/UILibrary/ADropdown.g.i.cs","Custom-only","Build-or-runtime-review","4509",,"77B9981E2338AE03568DA85E1A25BBEE0325BC9ED9A61A21776E9AE75343788C",
"obj/Debug/net8.0-windows/UILibrary/AFileLocator.baml","Custom-only","Build-or-runtime-review","2994",,"EE42EC1858BF07F24BAFD0BF731358A0F21AC318A088463291F3D217760828AD",
"obj/Debug/net8.0-windows/UILibrary/AFileLocator.g.cs","Custom-only","Build-or-runtime-review","5419",,"7729E9A28B16BBC13945B1464A93AFA7263AA8F48FC78328906AB5F6B19F0707",
"obj/Debug/net8.0-windows/UILibrary/AFileLocator.g.i.cs","Custom-only","Build-or-runtime-review","5427",,"01F580F9067EB5534D19A8346D6AB0F6F9EA8F4C3596D27AD414E70864C4E94D",
"obj/Debug/net8.0-windows/UILibrary/AKeyChanger.baml","Custom-only","Build-or-runtime-review","2448",,"2F0768C7AF4928250D2C629193EFF26B4606D646B70B8C5CE8E396DFE88ED47C",
"obj/Debug/net8.0-windows/UILibrary/AKeyChanger.g.cs","Custom-only","Build-or-runtime-review","4674",,"9DE29451ABDA5D313735CC1476A639BCA51E4EBC0392433F4C31379AB95015A3",
"obj/Debug/net8.0-windows/UILibrary/AKeyChanger.g.i.cs","Custom-only","Build-or-runtime-review","4682",,"13D41B95B7C2CEF4AE0E373596979F8D5FF927316E19BFB35B927C56CA07D97E",
"obj/Debug/net8.0-windows/UILibrary/APButton.baml","Custom-only","Build-or-runtime-review","2281",,"E038181FD4782C93EE5BCC818183CF760D8530973B6D89474B001C5A9B28D658",
"obj/Debug/net8.0-windows/UILibrary/APButton.g.cs","Custom-only","Build-or-runtime-review","4205",,"2693356DC72D4B8BFAAEE99131CF6CFA5029A6ED5D83B56AFAE8E662B389ED33",
"obj/Debug/net8.0-windows/UILibrary/APButton.g.i.cs","Custom-only","Build-or-runtime-review","4213",,"E903561A7E3511FB21E5B3CDA324E945ED325C2CC9B5CC90FDE3191408617421",
"obj/Debug/net8.0-windows/UILibrary/ARectangleBottom.baml","Custom-only","Build-or-runtime-review","1321",,"5C60DADA7291F5F180544C32AA068FA05AFB966CEC996B39A19259EC438A54F5",
"obj/Debug/net8.0-windows/UILibrary/ARectangleBottom.g.cs","Custom-only","Build-or-runtime-review","3168",,"9F37CF2DA684CD7D70BA5C6102D87C201677E66D3D16BC14E236B10E05B71354",
"obj/Debug/net8.0-windows/UILibrary/ARectangleBottom.g.i.cs","Custom-only","Build-or-runtime-review","3176",,"03C7D8457B016D3061F955D96F8F7B90444C61F568EE3E79BDD4C4DF6CF56DCC",
"obj/Debug/net8.0-windows/UILibrary/ASlider.baml","Custom-only","Build-or-runtime-review","3822",,"148F4FF12B552109BBC65EFC8CEF9179A5B27EDDA66D41CA9D3B0AA4E6213915",
"obj/Debug/net8.0-windows/UILibrary/ASlider.g.cs","Custom-only","Build-or-runtime-review","6404",,"C6E3F37BE69929F17C9047DC4CF8AAEA7E73BE3607FA7EB0918009ABE5CFF539",
"obj/Debug/net8.0-windows/UILibrary/ASlider.g.i.cs","Custom-only","Build-or-runtime-review","5984",,"04352B675F62812B5927F03D9042143D7D302D2320FB38D2B119A879152577D1",
"obj/Debug/net8.0-windows/UILibrary/ASpacer.baml","Custom-only","Build-or-runtime-review","1179",,"F6AD1CFE34F5178C7F6F81DE776EE5C540CB2ED1F01BB4726E6FB94230DAC170",
"obj/Debug/net8.0-windows/UILibrary/ASpacer.g.cs","Custom-only","Build-or-runtime-review","3123",,"27987B5D474B68976FB4BB5E6C93E291B1DC51EA0005863D4202A44939936BE4",
"obj/Debug/net8.0-windows/UILibrary/ASpacer.g.i.cs","Custom-only","Build-or-runtime-review","3131",,"58DA7DA889B1E9429AC32B01A3C0C50C793FBA7BB02DE9FE535D27F22744BAF3",
"obj/Debug/net8.0-windows/UILibrary/ATitle.baml","Custom-only","Build-or-runtime-review","2579",,"BECA7810C326DE42F367592C0E40FC1B48F372F3F2DDFEFC12DC522F7DC6FBBD",
"obj/Debug/net8.0-windows/UILibrary/ATitle.g.cs","Custom-only","Build-or-runtime-review","4679",,"34F5854452606FD60595DDA4ECE2AD4B42F32DD577269843507B2A3AF167D5BA",
"obj/Debug/net8.0-windows/UILibrary/ATitle.g.i.cs","Custom-only","Build-or-runtime-review","4687",,"026BDDCA5F7A08EEE9311507F4BEC9D3227EE66F0C5729EDAB6CCD51148A8885",
"obj/Debug/net8.0-windows/UILibrary/AToggle.baml","Custom-only","Build-or-runtime-review","2777",,"219CAA5F2FFDEDAD341724EE2BC6839A7D6BB8668B333FA955EF1E23EFD04DEB",
"obj/Debug/net8.0-windows/UILibrary/AToggle.g.cs","Custom-only","Build-or-runtime-review","5580",,"F48A762629D1D6D4EE83E130A97E6F4FE406C5F8DAAC0A15567FE7B7AA1CEBD3",
"obj/Debug/net8.0-windows/UILibrary/AToggle.g.i.cs","Custom-only","Build-or-runtime-review","5588",,"3B0691D5A040C5F1B1FB467EAAC08BD992987575DACFB7AEFB994769CF871F2C",
"obj/Debug/net8.0-windows/UISections/AboutMenuControl.baml","Custom-only","Build-or-runtime-review","6702",,"453B6AAD68B9FDD77C8CA2E0153D75F52C90934D1C7A2B324F82355508484916",
"obj/Debug/net8.0-windows/UISections/AboutMenuControl.g.cs","Custom-only","Build-or-runtime-review","9402",,"16B930BA27CBE11BCFEE3C4953608E186396E46E28CDC0F8A76C7306B25B33BF",
"obj/Debug/net8.0-windows/UISections/AboutMenuControl.g.i.cs","Custom-only","Build-or-runtime-review","9410",,"0B01B5C1FE14C1EB10D257A5514A53A7AC221B0CEAF88588E0A54BA80EE20FDE",
"obj/Debug/net8.0-windows/UISections/AimMenuControl.baml","Custom-only","Build-or-runtime-review","1977",,"3894064655B92E68F26E1E992BBEE5C6D4A3254445EFA30889534AA525B93116",
"obj/Debug/net8.0-windows/UISections/AimMenuControl.g.cs","Custom-only","Build-or-runtime-review","9071",,"E16DA06A99386A6A711883C49C9F9FC486E6C77A7DBBC366C32FF724026347F3",
"obj/Debug/net8.0-windows/UISections/AimMenuControl.g.i.cs","Custom-only","Build-or-runtime-review","7243",,"930E2A6D368B8D0164B33AC87D0401E0B5BAD18B5BCED056BA58D625B397B23E",
"obj/Debug/net8.0-windows/UISections/ModelMenuControl.baml","Custom-only","Build-or-runtime-review","8379",,"6A3E7F71774E10DEA3E5A7B0D0400427688109B09181B0C9857E3E057DEAF7D1",
"obj/Debug/net8.0-windows/UISections/ModelMenuControl.g.cs","Custom-only","Build-or-runtime-review","18357",,"E88CC7B600DDD8599957F127A9C74387B8CE2FC891BD70A6612562979D800E49",
"obj/Debug/net8.0-windows/UISections/ModelMenuControl.g.i.cs","Custom-only","Build-or-runtime-review","15842",,"7AA9CA23516A8BC333542C7F50DC1FAC81FE3E199DA5FB8317119EA6525D6E28",
"obj/Debug/net8.0-windows/UISections/SettingsMenuControl.baml","Custom-only","Build-or-runtime-review","2216",,"A10E558E4405A6C1EF3BE8B3D03F26C7DA2C9BCD670B7D84B992C60EC422CF70",
"obj/Debug/net8.0-windows/UISections/SettingsMenuControl.g.cs","Custom-only","Build-or-runtime-review","7872",,"6045AE4CD4F7BB1E2C87FA0A8AA35F00EF38B1587C0A399ADC2F9521BDF75EBA",
"obj/Debug/net8.0-windows/UISections/SettingsMenuControl.g.i.cs","Custom-only","Build-or-runtime-review","6466",,"78CF89676478E86D3A616FDB8752A1B84759974929F01E7ACE1FA94566CBDC50",
"obj/Debug/net8.0-windows/Visuality/ColorPicker.baml","Custom-only","Build-or-runtime-review","4432",,"C5C3E0455ADEA6D4D11DCEE64A52DA32E4042ECD1A68012104A52BEE4AD09705",
"obj/Debug/net8.0-windows/Visuality/ColorPicker.g.cs","Custom-only","Build-or-runtime-review","7300",,"6E6E2C77AD12C16D59963F5F3537E252AFC1DD3A36EE26D31C1E544EA5E24A67",
"obj/Debug/net8.0-windows/Visuality/ColorPicker.g.i.cs","Custom-only","Build-or-runtime-review","7308",,"F5129817E3F10FC6E70E584BF830C8AEDED6D6C5BED0D04E7ACEA1583B123750",
"obj/Debug/net8.0-windows/Visuality/ConfigSaver.baml","Custom-only","Build-or-runtime-review","6900",,"F60A8886F2FBAB67366D22B0A1BFAC46CFF9A91D7D564F91179243C7B1B8B795",
"obj/Debug/net8.0-windows/Visuality/ConfigSaver.g.cs","Custom-only","Build-or-runtime-review","10487",,"F106BE1036ED07FFCEACCA386CD01B069A8B4FA63953DB96823CD31C76AF675C",
"obj/Debug/net8.0-windows/Visuality/ConfigSaver.g.i.cs","Custom-only","Build-or-runtime-review","10495",,"E14D13B57BC658C0C995F1C78293105A70900F1D23AC05985CAD4371683547B2",
"obj/Debug/net8.0-windows/Visuality/CrosshairWindow.baml","Custom-only","Build-or-runtime-review","1695",,"B317CD436C96B391CC355D3DAD3EFE49F9F528E5B3A18CFE4E4A097F57419DD5",
"obj/Debug/net8.0-windows/Visuality/CrosshairWindow.g.cs","Custom-only","Build-or-runtime-review","3628",,"A2480B8AFF6B2ED29290B3D1D823DE5B8F9DADB5B951789CEA4AC71D5506624C",
"obj/Debug/net8.0-windows/Visuality/DetectedPlayerWindow.baml","Custom-only","Build-or-runtime-review","2269",,"02E18BF155946BC12E0ADDD99FE13383DD23587011DE29D409DDE6D84CE99CCA",
"obj/Debug/net8.0-windows/Visuality/DetectedPlayerWindow.g.cs","Custom-only","Build-or-runtime-review","5406",,"B5918C802BA5D79C94DE7C0F8E07B26E25E237F6F16E78D31BC63E7301E2AEB6",
"obj/Debug/net8.0-windows/Visuality/DetectedPlayerWindow.g.i.cs","Custom-only","Build-or-runtime-review","4955",,"0D3D219E7823D31B12756E3FD4C8AC5451365D6454E1630180783C36F223FB08",
"obj/Debug/net8.0-windows/Visuality/DetectedScopeWindow.baml","Custom-only","Build-or-runtime-review","2517",,"5A71B343A4C754CCA4E054CB5F62EA36B5C5A0CCEB23365AE51E152729F04CEB",
"obj/Debug/net8.0-windows/Visuality/DetectedScopeWindow.g.cs","Custom-only","Build-or-runtime-review","5028",,"87F405D6463FD80FBE6E80584841F1F69B0C1A40D0F0012B0DFBE45863338380",
"obj/Debug/net8.0-windows/Visuality/FOV.baml","Custom-only","Build-or-runtime-review","2025",,"5F19828327D07B526A613A3A5B43F569B3661625B166B1DD361B32EB1FE99AAC",
"obj/Debug/net8.0-windows/Visuality/FOV.g.cs","Custom-only","Build-or-runtime-review","4448",,"F4DFE7B51626CE1D2DAC53107500D9C3F2956D1E36E86A1E611952B1F02348F7",
"obj/Debug/net8.0-windows/Visuality/FOV.g.i.cs","Custom-only","Build-or-runtime-review","4456",,"F1DA847A2CDA5EBC91B130648393904EC5FA1024A19A35FB453E10CB8CAD8F30",
"obj/Debug/net8.0-windows/Visuality/NoticeBar.baml","Custom-only","Build-or-runtime-review","4489",,"9AFD942DB6289B635D2DA7ED7DFCADA16995BCA6CCEB82E2B82D2C8DA226DD9B",
"obj/Debug/net8.0-windows/Visuality/NoticeBar.g.cs","Custom-only","Build-or-runtime-review","3623",,"3BE3F22C3DA52F4447B6B2C1B43860397DA879B61C02D71AC11317FCB4D60179",
"obj/Debug/net8.0-windows/Visuality/NoticeBar.g.i.cs","Custom-only","Build-or-runtime-review","3631",,"FB9ACDEBEB45CA4B4C22638DC256753C4E4053CBE4901B5843EE41B82EE3FE02",
"obj/Debug/net8.0-windows/Visuality/RegionSelectorWindow.baml","Custom-only","Build-or-runtime-review","2644",,"DB7F0C526BA2E27F7695E3C72FD6764D9886885DF50A20D2FB02B5188F8133C6",
"obj/Debug/net8.0-windows/Visuality/RegionSelectorWindow.g.cs","Custom-only","Build-or-runtime-review","7266",,"3AC3067FE4EBFE4C98C3A21979CA9D53040B29A42B724B3A0B0B7F2BE7CA6D92",
"obj/Debug/net8.0-windows/Visuality/Resources.baml","Custom-only","Build-or-runtime-review","3467",,"EF8B808D51CFAD8DBDE1CB40CCB4FBE91AB56B8E21F2992CD156D20159FC6B45",
"obj/project.assets.json","Custom-only","Build-or-runtime-review","201159",,"4502EB68E7DC016640A155B2E55FBFB80D3F66607717688A286FEAACDF3E631C",
"obj/project.nuget.cache","Custom-only","Build-or-runtime-review","13229",,"0772ECBD1252F67A582A28852A693D59A563B7C7331621EC93B8B5FECEA81322",
"obj/Release/net8.0-windows/.NETCoreApp,Version=v8.0.AssemblyAttributes.cs","Custom-only","Build-or-runtime-review","198",,"F7A5D9789C863625E139FF99E1113A503830F6B85A88F6129916DF83AC76B49E",
"obj/Release/net8.0-windows/Aimmy2_0q2sksoq_wpftmp.AssemblyInfo.cs","Custom-only","Build-or-runtime-review","1136",,"0D1C6307AE4F47A2B0522B7BF234A81C07AEA81A3F462BB3EB0512A3BAC2ABD5",
"obj/Release/net8.0-windows/Aimmy2_0q2sksoq_wpftmp.AssemblyInfoInputs.cache","Custom-only","Build-or-runtime-review","66",,"BFE340242AE23987B4F9CB8A619DA9956F3A0CBF0130164A7ACD8F926622F455",
"obj/Release/net8.0-windows/Aimmy2_0q2sksoq_wpftmp.assets.cache","Custom-only","Build-or-runtime-review","36246",,"23072903F99BA983DA7319B8087216389B9D7A17737C94CC916DCB7C3E82A990",
"obj/Release/net8.0-windows/Aimmy2_0q2sksoq_wpftmp.GeneratedMSBuildEditorConfig.editorconfig","Custom-only","Build-or-runtime-review","1087",,"C366639FD103F2DFAF1CEAC8F5F050E5B15FAA45E2DDDF371B29998033B4FDB2",
"obj/Release/net8.0-windows/Aimmy2_0q2sksoq_wpftmp.GlobalUsings.g.cs","Custom-only","Build-or-runtime-review","183",,"FE45EA572AADFD1A9B54CF7251405CFA11B748CA88B034F06A724D49758CED2D",
"obj/Release/net8.0-windows/Aimmy2_1djj5tpo_wpftmp.AssemblyInfo.cs","Custom-only","Build-or-runtime-review","1136",,"0D1C6307AE4F47A2B0522B7BF234A81C07AEA81A3F462BB3EB0512A3BAC2ABD5",
"obj/Release/net8.0-windows/Aimmy2_1djj5tpo_wpftmp.AssemblyInfoInputs.cache","Custom-only","Build-or-runtime-review","66",,"BFE340242AE23987B4F9CB8A619DA9956F3A0CBF0130164A7ACD8F926622F455",
"obj/Release/net8.0-windows/Aimmy2_1djj5tpo_wpftmp.assets.cache","Custom-only","Build-or-runtime-review","36246",,"4B170058B5DEC08996A61FCB04DB6995599428559C80B7C73058EEC8267A8B11",
"obj/Release/net8.0-windows/Aimmy2_1djj5tpo_wpftmp.GeneratedMSBuildEditorConfig.editorconfig","Custom-only","Build-or-runtime-review","1084",,"6CF57F2AD104FF1DECD63B754F5DA77BB1616CA9C458547AD0E30573D593ED85",
"obj/Release/net8.0-windows/Aimmy2_1djj5tpo_wpftmp.GlobalUsings.g.cs","Custom-only","Build-or-runtime-review","183",,"FE45EA572AADFD1A9B54CF7251405CFA11B748CA88B034F06A724D49758CED2D",
"obj/Release/net8.0-windows/Aimmy2_22mmfeh1_wpftmp.AssemblyInfo.cs","Custom-only","Build-or-runtime-review","1136",,"0D1C6307AE4F47A2B0522B7BF234A81C07AEA81A3F462BB3EB0512A3BAC2ABD5",
"obj/Release/net8.0-windows/Aimmy2_22mmfeh1_wpftmp.AssemblyInfoInputs.cache","Custom-only","Build-or-runtime-review","66",,"BFE340242AE23987B4F9CB8A619DA9956F3A0CBF0130164A7ACD8F926622F455",
"obj/Release/net8.0-windows/Aimmy2_22mmfeh1_wpftmp.assets.cache","Custom-only","Build-or-runtime-review","36246",,"0681CA59BD6119265BD844A61CDC08695321177BF56AC49799E9285D3165C1D6",
"obj/Release/net8.0-windows/Aimmy2_22mmfeh1_wpftmp.GeneratedMSBuildEditorConfig.editorconfig","Custom-only","Build-or-runtime-review","1087",,"C366639FD103F2DFAF1CEAC8F5F050E5B15FAA45E2DDDF371B29998033B4FDB2",
"obj/Release/net8.0-windows/Aimmy2_22mmfeh1_wpftmp.GlobalUsings.g.cs","Custom-only","Build-or-runtime-review","183",,"FE45EA572AADFD1A9B54CF7251405CFA11B748CA88B034F06A724D49758CED2D",
"obj/Release/net8.0-windows/Aimmy2_ao5zcvdc_wpftmp.AssemblyInfo.cs","Custom-only","Build-or-runtime-review","1136",,"0D1C6307AE4F47A2B0522B7BF234A81C07AEA81A3F462BB3EB0512A3BAC2ABD5",
"obj/Release/net8.0-windows/Aimmy2_ao5zcvdc_wpftmp.AssemblyInfoInputs.cache","Custom-only","Build-or-runtime-review","66",,"BFE340242AE23987B4F9CB8A619DA9956F3A0CBF0130164A7ACD8F926622F455",
"obj/Release/net8.0-windows/Aimmy2_ao5zcvdc_wpftmp.assets.cache","Custom-only","Build-or-runtime-review","36246",,"BA8C77EDD8E7629257009B2143948A05C3DF19A890C7280780E78375EF98CF11",
"obj/Release/net8.0-windows/Aimmy2_ao5zcvdc_wpftmp.GeneratedMSBuildEditorConfig.editorconfig","Custom-only","Build-or-runtime-review","1087",,"C366639FD103F2DFAF1CEAC8F5F050E5B15FAA45E2DDDF371B29998033B4FDB2",
"obj/Release/net8.0-windows/Aimmy2_ao5zcvdc_wpftmp.GlobalUsings.g.cs","Custom-only","Build-or-runtime-review","183",,"FE45EA572AADFD1A9B54CF7251405CFA11B748CA88B034F06A724D49758CED2D",
"obj/Release/net8.0-windows/Aimmy2_dan2fnas_wpftmp.AssemblyInfo.cs","Custom-only","Build-or-runtime-review","1136",,"0D1C6307AE4F47A2B0522B7BF234A81C07AEA81A3F462BB3EB0512A3BAC2ABD5",
"obj/Release/net8.0-windows/Aimmy2_dan2fnas_wpftmp.AssemblyInfoInputs.cache","Custom-only","Build-or-runtime-review","66",,"BFE340242AE23987B4F9CB8A619DA9956F3A0CBF0130164A7ACD8F926622F455",
"obj/Release/net8.0-windows/Aimmy2_dan2fnas_wpftmp.assets.cache","Custom-only","Build-or-runtime-review","36246",,"4E9AEFA49263947BE2CA9A3DBBB467B086001E80BE0DEE4C69A21D483EBC3434",
"obj/Release/net8.0-windows/Aimmy2_dan2fnas_wpftmp.GeneratedMSBuildEditorConfig.editorconfig","Custom-only","Build-or-runtime-review","1087",,"C366639FD103F2DFAF1CEAC8F5F050E5B15FAA45E2DDDF371B29998033B4FDB2",
"obj/Release/net8.0-windows/Aimmy2_dan2fnas_wpftmp.GlobalUsings.g.cs","Custom-only","Build-or-runtime-review","183",,"FE45EA572AADFD1A9B54CF7251405CFA11B748CA88B034F06A724D49758CED2D",
"obj/Release/net8.0-windows/Aimmy2_eet2qjrd_wpftmp.AssemblyInfo.cs","Custom-only","Build-or-runtime-review","1136",,"0D1C6307AE4F47A2B0522B7BF234A81C07AEA81A3F462BB3EB0512A3BAC2ABD5",
"obj/Release/net8.0-windows/Aimmy2_eet2qjrd_wpftmp.AssemblyInfoInputs.cache","Custom-only","Build-or-runtime-review","66",,"BFE340242AE23987B4F9CB8A619DA9956F3A0CBF0130164A7ACD8F926622F455",
"obj/Release/net8.0-windows/Aimmy2_eet2qjrd_wpftmp.assets.cache","Custom-only","Build-or-runtime-review","36246",,"90FDF08B28BF35446749FF4950B879A30869433BBF55696951DDF76919DB993C",
"obj/Release/net8.0-windows/Aimmy2_eet2qjrd_wpftmp.GeneratedMSBuildEditorConfig.editorconfig","Custom-only","Build-or-runtime-review","1084",,"6CF57F2AD104FF1DECD63B754F5DA77BB1616CA9C458547AD0E30573D593ED85",
"obj/Release/net8.0-windows/Aimmy2_eet2qjrd_wpftmp.GlobalUsings.g.cs","Custom-only","Build-or-runtime-review","183",,"FE45EA572AADFD1A9B54CF7251405CFA11B748CA88B034F06A724D49758CED2D",
"obj/Release/net8.0-windows/Aimmy2_f5b21kus_wpftmp.AssemblyInfo.cs","Custom-only","Build-or-runtime-review","1136",,"0D1C6307AE4F47A2B0522B7BF234A81C07AEA81A3F462BB3EB0512A3BAC2ABD5",
"obj/Release/net8.0-windows/Aimmy2_f5b21kus_wpftmp.AssemblyInfoInputs.cache","Custom-only","Build-or-runtime-review","66",,"BFE340242AE23987B4F9CB8A619DA9956F3A0CBF0130164A7ACD8F926622F455",
"obj/Release/net8.0-windows/Aimmy2_f5b21kus_wpftmp.assets.cache","Custom-only","Build-or-runtime-review","36246",,"4430806CB30B80316E4C0D196432F8CBA33E511830614A64E0E90888D5B1836A",
"obj/Release/net8.0-windows/Aimmy2_f5b21kus_wpftmp.GeneratedMSBuildEditorConfig.editorconfig","Custom-only","Build-or-runtime-review","1087",,"C366639FD103F2DFAF1CEAC8F5F050E5B15FAA45E2DDDF371B29998033B4FDB2",
"obj/Release/net8.0-windows/Aimmy2_f5b21kus_wpftmp.GlobalUsings.g.cs","Custom-only","Build-or-runtime-review","183",,"FE45EA572AADFD1A9B54CF7251405CFA11B748CA88B034F06A724D49758CED2D",
"obj/Release/net8.0-windows/Aimmy2_fk1pb4eg_wpftmp.AssemblyInfo.cs","Custom-only","Build-or-runtime-review","1136",,"0D1C6307AE4F47A2B0522B7BF234A81C07AEA81A3F462BB3EB0512A3BAC2ABD5",
"obj/Release/net8.0-windows/Aimmy2_fk1pb4eg_wpftmp.AssemblyInfoInputs.cache","Custom-only","Build-or-runtime-review","66",,"BFE340242AE23987B4F9CB8A619DA9956F3A0CBF0130164A7ACD8F926622F455",
"obj/Release/net8.0-windows/Aimmy2_fk1pb4eg_wpftmp.assets.cache","Custom-only","Build-or-runtime-review","36246",,"245F66760C685DB5DAEB3B1F0E282BFE81134DCB713C1DE5ACDF6504FD59CAB7",
"obj/Release/net8.0-windows/Aimmy2_fk1pb4eg_wpftmp.GeneratedMSBuildEditorConfig.editorconfig","Custom-only","Build-or-runtime-review","1087",,"C366639FD103F2DFAF1CEAC8F5F050E5B15FAA45E2DDDF371B29998033B4FDB2",
"obj/Release/net8.0-windows/Aimmy2_fk1pb4eg_wpftmp.GlobalUsings.g.cs","Custom-only","Build-or-runtime-review","183",,"FE45EA572AADFD1A9B54CF7251405CFA11B748CA88B034F06A724D49758CED2D",
"obj/Release/net8.0-windows/Aimmy2_fs1n15qw_wpftmp.AssemblyInfo.cs","Custom-only","Build-or-runtime-review","1136",,"0D1C6307AE4F47A2B0522B7BF234A81C07AEA81A3F462BB3EB0512A3BAC2ABD5",
"obj/Release/net8.0-windows/Aimmy2_fs1n15qw_wpftmp.AssemblyInfoInputs.cache","Custom-only","Build-or-runtime-review","66",,"BFE340242AE23987B4F9CB8A619DA9956F3A0CBF0130164A7ACD8F926622F455",
"obj/Release/net8.0-windows/Aimmy2_fs1n15qw_wpftmp.assets.cache","Custom-only","Build-or-runtime-review","36246",,"520B5995F08F17F45F0B4688FF98DB5FA90C2A6E0D0B0B63C244EA95FF0A8DA6",
"obj/Release/net8.0-windows/Aimmy2_fs1n15qw_wpftmp.GeneratedMSBuildEditorConfig.editorconfig","Custom-only","Build-or-runtime-review","1084",,"6CF57F2AD104FF1DECD63B754F5DA77BB1616CA9C458547AD0E30573D593ED85",
"obj/Release/net8.0-windows/Aimmy2_fs1n15qw_wpftmp.GlobalUsings.g.cs","Custom-only","Build-or-runtime-review","183",,"FE45EA572AADFD1A9B54CF7251405CFA11B748CA88B034F06A724D49758CED2D",
"obj/Release/net8.0-windows/Aimmy2_gufaanl3_wpftmp.AssemblyInfo.cs","Custom-only","Build-or-runtime-review","1136",,"0D1C6307AE4F47A2B0522B7BF234A81C07AEA81A3F462BB3EB0512A3BAC2ABD5",
"obj/Release/net8.0-windows/Aimmy2_gufaanl3_wpftmp.AssemblyInfoInputs.cache","Custom-only","Build-or-runtime-review","66",,"BFE340242AE23987B4F9CB8A619DA9956F3A0CBF0130164A7ACD8F926622F455",
"obj/Release/net8.0-windows/Aimmy2_gufaanl3_wpftmp.assets.cache","Custom-only","Build-or-runtime-review","36246",,"257C59FB436B1233593069692696B2CF9BAC836C594CAF990D9AB6A6E954F958",
"obj/Release/net8.0-windows/Aimmy2_gufaanl3_wpftmp.GeneratedMSBuildEditorConfig.editorconfig","Custom-only","Build-or-runtime-review","1084",,"6CF57F2AD104FF1DECD63B754F5DA77BB1616CA9C458547AD0E30573D593ED85",
"obj/Release/net8.0-windows/Aimmy2_gufaanl3_wpftmp.GlobalUsings.g.cs","Custom-only","Build-or-runtime-review","183",,"FE45EA572AADFD1A9B54CF7251405CFA11B748CA88B034F06A724D49758CED2D",
"obj/Release/net8.0-windows/Aimmy2_j4bgafof_wpftmp.AssemblyInfo.cs","Custom-only","Build-or-runtime-review","1136",,"0D1C6307AE4F47A2B0522B7BF234A81C07AEA81A3F462BB3EB0512A3BAC2ABD5",
"obj/Release/net8.0-windows/Aimmy2_j4bgafof_wpftmp.AssemblyInfoInputs.cache","Custom-only","Build-or-runtime-review","66",,"BFE340242AE23987B4F9CB8A619DA9956F3A0CBF0130164A7ACD8F926622F455",
"obj/Release/net8.0-windows/Aimmy2_j4bgafof_wpftmp.assets.cache","Custom-only","Build-or-runtime-review","36246",,"D123EE377282C034B82633CA0D7D2FAD57844771D8EF90E377BB8D76BD114B3A",
"obj/Release/net8.0-windows/Aimmy2_j4bgafof_wpftmp.GeneratedMSBuildEditorConfig.editorconfig","Custom-only","Build-or-runtime-review","1087",,"C366639FD103F2DFAF1CEAC8F5F050E5B15FAA45E2DDDF371B29998033B4FDB2",
"obj/Release/net8.0-windows/Aimmy2_j4bgafof_wpftmp.GlobalUsings.g.cs","Custom-only","Build-or-runtime-review","183",,"FE45EA572AADFD1A9B54CF7251405CFA11B748CA88B034F06A724D49758CED2D",
"obj/Release/net8.0-windows/Aimmy2_ksa4bez2_wpftmp.AssemblyInfo.cs","Custom-only","Build-or-runtime-review","1136",,"0D1C6307AE4F47A2B0522B7BF234A81C07AEA81A3F462BB3EB0512A3BAC2ABD5",
"obj/Release/net8.0-windows/Aimmy2_ksa4bez2_wpftmp.AssemblyInfoInputs.cache","Custom-only","Build-or-runtime-review","66",,"BFE340242AE23987B4F9CB8A619DA9956F3A0CBF0130164A7ACD8F926622F455",
"obj/Release/net8.0-windows/Aimmy2_ksa4bez2_wpftmp.assets.cache","Custom-only","Build-or-runtime-review","36246",,"4112FD8A86DFE81A107EDDFE73120EDE279CD936631B1DED0974E64D3060F679",
"obj/Release/net8.0-windows/Aimmy2_ksa4bez2_wpftmp.GeneratedMSBuildEditorConfig.editorconfig","Custom-only","Build-or-runtime-review","1087",,"C366639FD103F2DFAF1CEAC8F5F050E5B15FAA45E2DDDF371B29998033B4FDB2",
"obj/Release/net8.0-windows/Aimmy2_ksa4bez2_wpftmp.GlobalUsings.g.cs","Custom-only","Build-or-runtime-review","183",,"FE45EA572AADFD1A9B54CF7251405CFA11B748CA88B034F06A724D49758CED2D",
"obj/Release/net8.0-windows/Aimmy2_lv1x4zdq_wpftmp.AssemblyInfo.cs","Custom-only","Build-or-runtime-review","1136",,"0D1C6307AE4F47A2B0522B7BF234A81C07AEA81A3F462BB3EB0512A3BAC2ABD5",
"obj/Release/net8.0-windows/Aimmy2_lv1x4zdq_wpftmp.AssemblyInfoInputs.cache","Custom-only","Build-or-runtime-review","66",,"BFE340242AE23987B4F9CB8A619DA9956F3A0CBF0130164A7ACD8F926622F455",
"obj/Release/net8.0-windows/Aimmy2_lv1x4zdq_wpftmp.assets.cache","Custom-only","Build-or-runtime-review","36246",,"2261C840561811DAF7106F0F0B61D754423ACFF94737BF49FE241A1A34D753D4",
"obj/Release/net8.0-windows/Aimmy2_lv1x4zdq_wpftmp.GeneratedMSBuildEditorConfig.editorconfig","Custom-only","Build-or-runtime-review","1087",,"C366639FD103F2DFAF1CEAC8F5F050E5B15FAA45E2DDDF371B29998033B4FDB2",
"obj/Release/net8.0-windows/Aimmy2_lv1x4zdq_wpftmp.GlobalUsings.g.cs","Custom-only","Build-or-runtime-review","183",,"FE45EA572AADFD1A9B54CF7251405CFA11B748CA88B034F06A724D49758CED2D",
"obj/Release/net8.0-windows/Aimmy2_mfuyfgmy_wpftmp.AssemblyInfo.cs","Custom-only","Build-or-runtime-review","1136",,"0D1C6307AE4F47A2B0522B7BF234A81C07AEA81A3F462BB3EB0512A3BAC2ABD5",
"obj/Release/net8.0-windows/Aimmy2_mfuyfgmy_wpftmp.AssemblyInfoInputs.cache","Custom-only","Build-or-runtime-review","66",,"BFE340242AE23987B4F9CB8A619DA9956F3A0CBF0130164A7ACD8F926622F455",
"obj/Release/net8.0-windows/Aimmy2_mfuyfgmy_wpftmp.assets.cache","Custom-only","Build-or-runtime-review","36246",,"04B8B231008A9D0695796C75CB21CC7C57E65C42F2DC5CE20E3D46461BEEC1C3",
"obj/Release/net8.0-windows/Aimmy2_mfuyfgmy_wpftmp.GeneratedMSBuildEditorConfig.editorconfig","Custom-only","Build-or-runtime-review","1084",,"6CF57F2AD104FF1DECD63B754F5DA77BB1616CA9C458547AD0E30573D593ED85",
"obj/Release/net8.0-windows/Aimmy2_mfuyfgmy_wpftmp.GlobalUsings.g.cs","Custom-only","Build-or-runtime-review","249",,"D3A5D602EB6C59425412B82DEF49D310FF096D51902DDD730BAF10631EBCD2DE",
"obj/Release/net8.0-windows/Aimmy2_pbzoollm_wpftmp.AssemblyInfo.cs","Custom-only","Build-or-runtime-review","1136",,"0D1C6307AE4F47A2B0522B7BF234A81C07AEA81A3F462BB3EB0512A3BAC2ABD5",
"obj/Release/net8.0-windows/Aimmy2_pbzoollm_wpftmp.AssemblyInfoInputs.cache","Custom-only","Build-or-runtime-review","66",,"BFE340242AE23987B4F9CB8A619DA9956F3A0CBF0130164A7ACD8F926622F455",
"obj/Release/net8.0-windows/Aimmy2_pbzoollm_wpftmp.assets.cache","Custom-only","Build-or-runtime-review","36246",,"03FC66EBFD6981387B7030448754AAD5D389FF50EB3DE51DBD677C84E3245874",
"obj/Release/net8.0-windows/Aimmy2_pbzoollm_wpftmp.GeneratedMSBuildEditorConfig.editorconfig","Custom-only","Build-or-runtime-review","1087",,"C366639FD103F2DFAF1CEAC8F5F050E5B15FAA45E2DDDF371B29998033B4FDB2",
"obj/Release/net8.0-windows/Aimmy2_pbzoollm_wpftmp.GlobalUsings.g.cs","Custom-only","Build-or-runtime-review","183",,"FE45EA572AADFD1A9B54CF7251405CFA11B748CA88B034F06A724D49758CED2D",
"obj/Release/net8.0-windows/Aimmy2_pcfgxg42_wpftmp.AssemblyInfo.cs","Custom-only","Build-or-runtime-review","1136",,"0D1C6307AE4F47A2B0522B7BF234A81C07AEA81A3F462BB3EB0512A3BAC2ABD5",
"obj/Release/net8.0-windows/Aimmy2_pcfgxg42_wpftmp.AssemblyInfoInputs.cache","Custom-only","Build-or-runtime-review","66",,"BFE340242AE23987B4F9CB8A619DA9956F3A0CBF0130164A7ACD8F926622F455",
"obj/Release/net8.0-windows/Aimmy2_pcfgxg42_wpftmp.assets.cache","Custom-only","Build-or-runtime-review","36246",,"C973E86C92B216D01C570EE10043193F708900BCE37C956A9D46FED11A7B0493",
"obj/Release/net8.0-windows/Aimmy2_pcfgxg42_wpftmp.GeneratedMSBuildEditorConfig.editorconfig","Custom-only","Build-or-runtime-review","1087",,"C366639FD103F2DFAF1CEAC8F5F050E5B15FAA45E2DDDF371B29998033B4FDB2",
"obj/Release/net8.0-windows/Aimmy2_pcfgxg42_wpftmp.GlobalUsings.g.cs","Custom-only","Build-or-runtime-review","183",,"FE45EA572AADFD1A9B54CF7251405CFA11B748CA88B034F06A724D49758CED2D",
"obj/Release/net8.0-windows/Aimmy2_r24yo3i3_wpftmp.AssemblyInfo.cs","Custom-only","Build-or-runtime-review","1136",,"0D1C6307AE4F47A2B0522B7BF234A81C07AEA81A3F462BB3EB0512A3BAC2ABD5",
"obj/Release/net8.0-windows/Aimmy2_r24yo3i3_wpftmp.AssemblyInfoInputs.cache","Custom-only","Build-or-runtime-review","66",,"BFE340242AE23987B4F9CB8A619DA9956F3A0CBF0130164A7ACD8F926622F455",
"obj/Release/net8.0-windows/Aimmy2_r24yo3i3_wpftmp.assets.cache","Custom-only","Build-or-runtime-review","36246",,"FF3D30C7E220CD82B6ED71C16D0B26EDF38F473E1527B1EA42057D876DD7EC0C",
"obj/Release/net8.0-windows/Aimmy2_r24yo3i3_wpftmp.GeneratedMSBuildEditorConfig.editorconfig","Custom-only","Build-or-runtime-review","1087",,"C366639FD103F2DFAF1CEAC8F5F050E5B15FAA45E2DDDF371B29998033B4FDB2",
"obj/Release/net8.0-windows/Aimmy2_r24yo3i3_wpftmp.GlobalUsings.g.cs","Custom-only","Build-or-runtime-review","183",,"FE45EA572AADFD1A9B54CF7251405CFA11B748CA88B034F06A724D49758CED2D",
"obj/Release/net8.0-windows/Aimmy2_sodrm5sf_wpftmp.AssemblyInfo.cs","Custom-only","Build-or-runtime-review","1136",,"0D1C6307AE4F47A2B0522B7BF234A81C07AEA81A3F462BB3EB0512A3BAC2ABD5",
"obj/Release/net8.0-windows/Aimmy2_sodrm5sf_wpftmp.AssemblyInfoInputs.cache","Custom-only","Build-or-runtime-review","66",,"BFE340242AE23987B4F9CB8A619DA9956F3A0CBF0130164A7ACD8F926622F455",
"obj/Release/net8.0-windows/Aimmy2_sodrm5sf_wpftmp.assets.cache","Custom-only","Build-or-runtime-review","36246",,"0CBBA77CAA52E046AEDE2C091D312C3AE0342E88D485132D0C4ECE91E9B4B34E",
"obj/Release/net8.0-windows/Aimmy2_sodrm5sf_wpftmp.GeneratedMSBuildEditorConfig.editorconfig","Custom-only","Build-or-runtime-review","1087",,"C366639FD103F2DFAF1CEAC8F5F050E5B15FAA45E2DDDF371B29998033B4FDB2",
"obj/Release/net8.0-windows/Aimmy2_sodrm5sf_wpftmp.GlobalUsings.g.cs","Custom-only","Build-or-runtime-review","183",,"FE45EA572AADFD1A9B54CF7251405CFA11B748CA88B034F06A724D49758CED2D",
"obj/Release/net8.0-windows/Aimmy2_ur3q1vft_wpftmp.AssemblyInfo.cs","Custom-only","Build-or-runtime-review","1136",,"0D1C6307AE4F47A2B0522B7BF234A81C07AEA81A3F462BB3EB0512A3BAC2ABD5",
"obj/Release/net8.0-windows/Aimmy2_ur3q1vft_wpftmp.AssemblyInfoInputs.cache","Custom-only","Build-or-runtime-review","66",,"BFE340242AE23987B4F9CB8A619DA9956F3A0CBF0130164A7ACD8F926622F455",
"obj/Release/net8.0-windows/Aimmy2_ur3q1vft_wpftmp.assets.cache","Custom-only","Build-or-runtime-review","36246",,"4247FDCB4568F4411219C50853B161E0B41A301BDE54EBCC9CFFA0D703F22903",
"obj/Release/net8.0-windows/Aimmy2_ur3q1vft_wpftmp.GeneratedMSBuildEditorConfig.editorconfig","Custom-only","Build-or-runtime-review","1087",,"C366639FD103F2DFAF1CEAC8F5F050E5B15FAA45E2DDDF371B29998033B4FDB2",
"obj/Release/net8.0-windows/Aimmy2_ur3q1vft_wpftmp.GlobalUsings.g.cs","Custom-only","Build-or-runtime-review","183",,"FE45EA572AADFD1A9B54CF7251405CFA11B748CA88B034F06A724D49758CED2D",
"obj/Release/net8.0-windows/Aimmy2_v5h41c05_wpftmp.AssemblyInfo.cs","Custom-only","Build-or-runtime-review","1136",,"0D1C6307AE4F47A2B0522B7BF234A81C07AEA81A3F462BB3EB0512A3BAC2ABD5",
"obj/Release/net8.0-windows/Aimmy2_v5h41c05_wpftmp.AssemblyInfoInputs.cache","Custom-only","Build-or-runtime-review","66",,"BFE340242AE23987B4F9CB8A619DA9956F3A0CBF0130164A7ACD8F926622F455",
"obj/Release/net8.0-windows/Aimmy2_v5h41c05_wpftmp.assets.cache","Custom-only","Build-or-runtime-review","36246",,"6FA641322DC50AD2FDFD22C77D1940590A63208BBE6DB816B27ABA4A8E99680B",
"obj/Release/net8.0-windows/Aimmy2_v5h41c05_wpftmp.GeneratedMSBuildEditorConfig.editorconfig","Custom-only","Build-or-runtime-review","1087",,"C366639FD103F2DFAF1CEAC8F5F050E5B15FAA45E2DDDF371B29998033B4FDB2",
"obj/Release/net8.0-windows/Aimmy2_v5h41c05_wpftmp.GlobalUsings.g.cs","Custom-only","Build-or-runtime-review","183",,"FE45EA572AADFD1A9B54CF7251405CFA11B748CA88B034F06A724D49758CED2D",
"obj/Release/net8.0-windows/Aimmy2_wlebapvu_wpftmp.AssemblyInfo.cs","Custom-only","Build-or-runtime-review","1136",,"0D1C6307AE4F47A2B0522B7BF234A81C07AEA81A3F462BB3EB0512A3BAC2ABD5",
"obj/Release/net8.0-windows/Aimmy2_wlebapvu_wpftmp.AssemblyInfoInputs.cache","Custom-only","Build-or-runtime-review","66",,"BFE340242AE23987B4F9CB8A619DA9956F3A0CBF0130164A7ACD8F926622F455",
"obj/Release/net8.0-windows/Aimmy2_wlebapvu_wpftmp.assets.cache","Custom-only","Build-or-runtime-review","36246",,"75A92D032E9422BAB39C343D004DE0973C264330FE27AA367E0B610A8E57527B",
"obj/Release/net8.0-windows/Aimmy2_wlebapvu_wpftmp.GeneratedMSBuildEditorConfig.editorconfig","Custom-only","Build-or-runtime-review","1087",,"C366639FD103F2DFAF1CEAC8F5F050E5B15FAA45E2DDDF371B29998033B4FDB2",
"obj/Release/net8.0-windows/Aimmy2_wlebapvu_wpftmp.GlobalUsings.g.cs","Custom-only","Build-or-runtime-review","183",,"FE45EA572AADFD1A9B54CF7251405CFA11B748CA88B034F06A724D49758CED2D",
"obj/Release/net8.0-windows/Aimmy2_wlz5trnu_wpftmp.AssemblyInfo.cs","Custom-only","Build-or-runtime-review","1136",,"0D1C6307AE4F47A2B0522B7BF234A81C07AEA81A3F462BB3EB0512A3BAC2ABD5",
"obj/Release/net8.0-windows/Aimmy2_wlz5trnu_wpftmp.AssemblyInfoInputs.cache","Custom-only","Build-or-runtime-review","66",,"BFE340242AE23987B4F9CB8A619DA9956F3A0CBF0130164A7ACD8F926622F455",
"obj/Release/net8.0-windows/Aimmy2_wlz5trnu_wpftmp.assets.cache","Custom-only","Build-or-runtime-review","36246",,"839A6019B82956649AEE5D8CED5DAB41559A35E42752E7F8D3DB6533600586E7",
"obj/Release/net8.0-windows/Aimmy2_wlz5trnu_wpftmp.GeneratedMSBuildEditorConfig.editorconfig","Custom-only","Build-or-runtime-review","1087",,"C366639FD103F2DFAF1CEAC8F5F050E5B15FAA45E2DDDF371B29998033B4FDB2",
"obj/Release/net8.0-windows/Aimmy2_wlz5trnu_wpftmp.GlobalUsings.g.cs","Custom-only","Build-or-runtime-review","183",,"FE45EA572AADFD1A9B54CF7251405CFA11B748CA88B034F06A724D49758CED2D",
"obj/Release/net8.0-windows/Aimmy2_wzpf1nnn_wpftmp.AssemblyInfo.cs","Custom-only","Build-or-runtime-review","1136",,"0D1C6307AE4F47A2B0522B7BF234A81C07AEA81A3F462BB3EB0512A3BAC2ABD5",
"obj/Release/net8.0-windows/Aimmy2_wzpf1nnn_wpftmp.AssemblyInfoInputs.cache","Custom-only","Build-or-runtime-review","66",,"BFE340242AE23987B4F9CB8A619DA9956F3A0CBF0130164A7ACD8F926622F455",
"obj/Release/net8.0-windows/Aimmy2_wzpf1nnn_wpftmp.assets.cache","Custom-only","Build-or-runtime-review","36246",,"CA81D5BF126FF23644587C97FA66893E08C057AC2C6D4E4235F883D061285805",
"obj/Release/net8.0-windows/Aimmy2_wzpf1nnn_wpftmp.GeneratedMSBuildEditorConfig.editorconfig","Custom-only","Build-or-runtime-review","1087",,"C366639FD103F2DFAF1CEAC8F5F050E5B15FAA45E2DDDF371B29998033B4FDB2",
"obj/Release/net8.0-windows/Aimmy2_wzpf1nnn_wpftmp.GlobalUsings.g.cs","Custom-only","Build-or-runtime-review","183",,"FE45EA572AADFD1A9B54CF7251405CFA11B748CA88B034F06A724D49758CED2D",
"obj/Release/net8.0-windows/Aimmy2_y3315bxp_wpftmp.AssemblyInfo.cs","Custom-only","Build-or-runtime-review","1136",,"0D1C6307AE4F47A2B0522B7BF234A81C07AEA81A3F462BB3EB0512A3BAC2ABD5",
"obj/Release/net8.0-windows/Aimmy2_y3315bxp_wpftmp.AssemblyInfoInputs.cache","Custom-only","Build-or-runtime-review","66",,"BFE340242AE23987B4F9CB8A619DA9956F3A0CBF0130164A7ACD8F926622F455",
"obj/Release/net8.0-windows/Aimmy2_y3315bxp_wpftmp.assets.cache","Custom-only","Build-or-runtime-review","36246",,"5103C1093C74F4212E41F0C32B39D4A46E141C16E1F76C065C0FC1D4E0D33B19",
"obj/Release/net8.0-windows/Aimmy2_y3315bxp_wpftmp.GeneratedMSBuildEditorConfig.editorconfig","Custom-only","Build-or-runtime-review","1084",,"6CF57F2AD104FF1DECD63B754F5DA77BB1616CA9C458547AD0E30573D593ED85",
"obj/Release/net8.0-windows/Aimmy2_y3315bxp_wpftmp.GlobalUsings.g.cs","Custom-only","Build-or-runtime-review","183",,"FE45EA572AADFD1A9B54CF7251405CFA11B748CA88B034F06A724D49758CED2D",
"obj/Release/net8.0-windows/Aimmy2_zcjweqxe_wpftmp.AssemblyInfo.cs","Custom-only","Build-or-runtime-review","1136",,"0D1C6307AE4F47A2B0522B7BF234A81C07AEA81A3F462BB3EB0512A3BAC2ABD5",
"obj/Release/net8.0-windows/Aimmy2_zcjweqxe_wpftmp.AssemblyInfoInputs.cache","Custom-only","Build-or-runtime-review","66",,"BFE340242AE23987B4F9CB8A619DA9956F3A0CBF0130164A7ACD8F926622F455",
"obj/Release/net8.0-windows/Aimmy2_zcjweqxe_wpftmp.assets.cache","Custom-only","Build-or-runtime-review","36246",,"8C8858F3A66C24C956CF7B2D5D8DDFC56B734C406F0C68B2484D08369975F1E7",
"obj/Release/net8.0-windows/Aimmy2_zcjweqxe_wpftmp.GeneratedMSBuildEditorConfig.editorconfig","Custom-only","Build-or-runtime-review","1084",,"6CF57F2AD104FF1DECD63B754F5DA77BB1616CA9C458547AD0E30573D593ED85",
"obj/Release/net8.0-windows/Aimmy2_zcjweqxe_wpftmp.GlobalUsings.g.cs","Custom-only","Build-or-runtime-review","183",,"FE45EA572AADFD1A9B54CF7251405CFA11B748CA88B034F06A724D49758CED2D",
"obj/Release/net8.0-windows/Aimmy2.AssemblyInfo.cs","Custom-only","Build-or-runtime-review","1136",,"0D1C6307AE4F47A2B0522B7BF234A81C07AEA81A3F462BB3EB0512A3BAC2ABD5",
"obj/Release/net8.0-windows/Aimmy2.AssemblyInfoInputs.cache","Custom-only","Build-or-runtime-review","66",,"BFE340242AE23987B4F9CB8A619DA9956F3A0CBF0130164A7ACD8F926622F455",
"obj/Release/net8.0-windows/Aimmy2.assets.cache","Custom-only","Build-or-runtime-review","36246",,"F1C8F35923A2E2C1C8FBCC19E0C128D6DAC3E9546CF3B57DD05E1848451CDCEA",
"obj/Release/net8.0-windows/Aimmy2.csproj.AssemblyReference.cache","Custom-only","Build-or-runtime-review","9451",,"590B360786C12370DCA0270D761392B0D8CF671C3CECA4D8511E316A9C12A045",
"obj/Release/net8.0-windows/Aimmy2.csproj.CoreCompileInputs.cache","Custom-only","Build-or-runtime-review","66",,"6984844C0D845BBB723A12E25936982A07D60C292E8A5779EBAFD07E0570CC06",
"obj/Release/net8.0-windows/Aimmy2.csproj.FileListAbsolute.txt","Custom-only","Build-or-runtime-review","14315",,"3D6CBF51C139BA64729AAE1F77D128A60F273459B320CA6CE39EBAC30D86C068",
"obj/Release/net8.0-windows/Aimmy2.csproj.Fody.CopyLocal.cache","Custom-only","Build-or-runtime-review","943",,"C55D68555E2F152D58235B9FE939270793A6648D0E7697A93705A257B794D42E",
"obj/Release/net8.0-windows/Aimmy2.csproj.Fody.RuntimeCopyLocal.cache","Custom-only","Build-or-runtime-review","3160",,"39F95D6EEA9F5556A7B63C83447876936D1365E06325DACD8C37AAD2A5DA8931",
"obj/Release/net8.0-windows/Aimmy2.csproj.Up2Date","Custom-only","Build-or-runtime-review","0",,"E3B0C44298FC1C149AFBF4C8996FB92427AE41E4649B934CA495991B7852B855",
"obj/Release/net8.0-windows/Aimmy2.GeneratedMSBuildEditorConfig.editorconfig","Custom-only","Build-or-runtime-review","1087",,"C366639FD103F2DFAF1CEAC8F5F050E5B15FAA45E2DDDF371B29998033B4FDB2",
"obj/Release/net8.0-windows/Aimmy2.genruntimeconfig.cache","Custom-only","Build-or-runtime-review","66",,"460DCBFC6789442C4E40EDAFC620AACF296F10309242832363B66440774ED6F8",
"obj/Release/net8.0-windows/Aimmy2.GlobalUsings.g.cs","Custom-only","Build-or-runtime-review","183",,"FE45EA572AADFD1A9B54CF7251405CFA11B748CA88B034F06A724D49758CED2D",
"obj/Release/net8.0-windows/App.baml","Custom-only","Build-or-runtime-review","16563",,"1E4E8284F80AE3879B38051DAEFE1837C3CEED20EF8DECB3FA7FEB046E9141D2",
"obj/Release/net8.0-windows/App.g.cs","Custom-only","Build-or-runtime-review","2604",,"5F3946FD21A554CC076A9A84C99352F7A337F4936FF705E765CCD19C757919E8",
"obj/Release/net8.0-windows/apphost.exe","Custom-only","Build-or-runtime-review","186368",,"13D3C5B9DF3D78A5C8FF6C9ED63D21D833DB1DE13B6C40B320C8B0A79175C216",
"obj/Release/net8.0-windows/Costura/028E9832F421F11F9497C610F1734E0F3D868037.costura.costura.dll.compressed.compressed","Custom-only","Build-or-runtime-review","2281",,"771873F05DA2D4596098A14016E8A4677FBF67759218E9CE38CF00C287479B1C",
"obj/Release/net8.0-windows/Costura/0422904D0F3BECE42D3F9D4C4597685CAD701DEE.costura.vortice.mathematics.dll.compressed.compressed","Custom-only","Build-or-runtime-review","48054",,"09AE97CE9595178440D948925FCF57C758B9EC746675073FD5EBFCCA595C776F",
"obj/Release/net8.0-windows/Costura/12B789B4543990C9B3CDA126F14A5BC1ACAE4EF1.costura.system.management.dll.compressed.compressed","Custom-only","Build-or-runtime-review","29850",,"D02543A80B73F2561883E8FFCC6B2213DD6440FEEECBD130F973DFC8DEADD079",
"obj/Release/net8.0-windows/Costura/146F684DDA4CFC511ECCE8C090E66782B204A782.costura.microsoft.ml.onnxruntime.dll.compressed.compressed","Custom-only","Build-or-runtime-review","89714",,"193F44BEFDB14BAE8ED493A3D2C93920107AD17931DF500F2FB46BB40203564C",
"obj/Release/net8.0-windows/Costura/1A0E397F6EC5D0585AF6089D3CE86711B9162ED7.costura.microsoft.xaml.behaviors.pdb.compressed.compressed","Custom-only","Build-or-runtime-review","118452",,"4ECDC1C7B638A7AC599B574AFACE394F6FE92391CB353B82D9660054E13582DB",
"obj/Release/net8.0-windows/Costura/3501061214FB5B3143E584831CFF8D3C7216DC70.costura.supercluster.kdtree.dll.compressed.compressed","Custom-only","Build-or-runtime-review","7057",,"78C441239F2998AF8CB9717EBB4A6749F603F9A3E57DBEDA1DA73621852B4FBA",
"obj/Release/net8.0-windows/Costura/40DF8C59642941BE047C51211684A169A2046762.costura.vortice.dxgi.dll.compressed.compressed","Custom-only","Build-or-runtime-review","37441",,"6CDFDD7C214E863458CEC48FDD237E735656E2451577A7246CAEC5A8E57EEB99",
"obj/Release/net8.0-windows/Costura/605FAC68335FD692A666F5E560299F4851CA1CC1.costura.sharpgen.runtime.dll.compressed.compressed","Custom-only","Build-or-runtime-review","36571",,"591325B5C8119FAAC882CE5FD990C4D1C206533A383442AA209CF832F578BFD2",
"obj/Release/net8.0-windows/Costura/63BC35A0C27BB49E31012F55BA3E40145B0EA87C.costura.microsoft.xaml.behaviors.dll.compressed.compressed","Custom-only","Build-or-runtime-review","64817",,"883D846D53AB562265D62C909ACD6E0368F73819B880430C533610C029E964F1",
"obj/Release/net8.0-windows/Costura/64244D464BD1EDE5EC94B327D120449636B68063.costura.gma.system.mousekeyhook.dll.compressed.compressed","Custom-only","Build-or-runtime-review","22119",,"13EB746F7777CEE4378378246823D04276DC9501C7972DFC5E7D187DDC157AAA",
"obj/Release/net8.0-windows/Costura/806F4C19B2D7FD9E3B836269EC07647019A29E95.costura.costura.pdb.compressed.compressed","Custom-only","Build-or-runtime-review","4312",,"4FF0B348BFB07A0A6642692D12BBC0BB93FF8577965B93BF9FB2B2C0EC385D6B",
"obj/Release/net8.0-windows/Costura/9D0227A32A2A74C8F105A5015C25BCEE6EB787F4.costura.system.text.encodings.web.dll.compressed.compressed","Custom-only","Build-or-runtime-review","31601",,"6F6D0D26502994B450CECFCFE96B6BA959CD79D3B7AA112FFF640E02E8C5EC09",
"obj/Release/net8.0-windows/Costura/A1BEC8599359082EDB5D840FCCFF24110A33855F.costura.vortice.direct3d12.dll.compressed.compressed","Custom-only","Build-or-runtime-review","182847",,"CE9E595604F5AF37239E6F12E6B00DB27667B5D998C0DDD86327EF775561C9CD",
"obj/Release/net8.0-windows/Costura/AEB5CFE023582D4870605D99A7CDD342F876D794.costura.vortice.direct3d11.dll.compressed.compressed","Custom-only","Build-or-runtime-review","118653",,"882D3DB402740B192762E8E3045F0A11C82BF7487779555EF9AB5192F60469C7",
"obj/Release/net8.0-windows/Costura/AF77D8B9D421894BE4BE81D4763476C6A7490F18.costura.system.codedom.dll.compressed.compressed","Custom-only","Build-or-runtime-review","71935",,"B83BA8A00FEAFEBCB17604D34DE14A394498F09959F7D40236FC3B147C8C8A8E",
"obj/Release/net8.0-windows/Costura/BB013CF6C9221F96CD0920DC597532028139378E.costura.materialdesigncolors.dll.compressed.compressed","Custom-only","Build-or-runtime-review","44009",,"7811CDA2D49B625D12CEDD0461243C462AEFA0647F9AFAFAC867ECB10B06FBA9",
"obj/Release/net8.0-windows/Costura/BF66D48C68B9E4E664701A4621AA73F2A4877597.costura.materialdesignthemes.wpf.dll.compressed.compressed","Custom-only","Build-or-runtime-review","3022418",,"314EA436F04186C8F1D606517941BBA9BE4A27D1ECB0709CD525C1137DC74D34",
"obj/Release/net8.0-windows/Costura/CADFD587E7D2F3E6533328FC5D85FFD71B27E978.costura.sharpgen.runtime.com.dll.compressed.compressed","Custom-only","Build-or-runtime-review","72327",,"A9D7730FC24D8C70A0D5228EA9076B72E1AB74A0A296B5645B2656A9996A5A04",
"obj/Release/net8.0-windows/Costura/D0756172C50CEDD0C9332F158882137622C2C167.costura.system.io.pipelines.dll.compressed.compressed","Custom-only","Build-or-runtime-review","38358",,"5113A4169AEF3C3F1444E48204B93F556CEAFB2B60EC61825D773AC210DF4B05",
"obj/Release/net8.0-windows/Costura/D948F74B30DA3DF7354478FEE608A7B675DF539D.costura.system.numerics.tensors.dll.compressed.compressed","Custom-only","Build-or-runtime-review","132052",,"A53C5B4AA0D6F726F9FD6DC94E293D549818E963C57B40D522B8533EA7AA1B9B",
"obj/Release/net8.0-windows/Costura/DB42F31BAFF3473AEE90A680C432B4A1E6540AB6.costura.microsoft.ml.onnxruntime.pdb.compressed.compressed","Custom-only","Build-or-runtime-review","35479",,"377C2B3DDA2EACD2D1BBCBB5B8021F687FD26711D5BFB2356A5906DFE6E47EBD",
"obj/Release/net8.0-windows/Costura/E909E08DB5A6226AE12371BCF8A58390DA09BBD8.costura.vortice.mathematics.pdb.compressed.compressed","Custom-only","Build-or-runtime-review","29797",,"1A1709E0E9C0D5DA8552B97532D9C774ACA7F9EB3C00E6341D5F2DE87E178425",
"obj/Release/net8.0-windows/Costura/F2D7F1DDE295000855372F6EEBB991F43397C6BA.costura.xamlradialprogressbar.dll.compressed.compressed","Custom-only","Build-or-runtime-review","10880",,"E1948CF11A67843497AB01C0999D94EF4E8FB58A28DA6EA33B0A3F2570A67AB9",
"obj/Release/net8.0-windows/Costura/F387C00DD7C9A5E38C0DB6B9141DB74DA433103A.costura.antwpf.dll.compressed.compressed","Custom-only","Build-or-runtime-review","277104",,"3650391C62B581ABD01FCEC8A795DA1704DB37C46F4148ADEDAAFB5F3B00F8D6",
"obj/Release/net8.0-windows/Costura/F85B55D750AF635FBC37CDAEA7CCA8154F2C29B6.costura.vortice.directx.dll.compressed.compressed","Custom-only","Build-or-runtime-review","143760",,"097272C2E79994CBDC6A4D411DE213A6029A31DD33C2AAB385059772F190488C",
"obj/Release/net8.0-windows/Costura/F89AC5753DB55F75602ADC28E204031878EB91E6.costura.system.text.json.dll.compressed.compressed","Custom-only","Build-or-runtime-review","237550",,"773E65E8F00D1EFF600BD10BC7A5BCA13DD776817A7E1BC152B1258881D20455",
"obj/Release/net8.0-windows/Costura/FCF801C0915CB47F400C74B1B459EB55FF4A5F9D.costura.newtonsoft.json.dll.compressed.compressed","Custom-only","Build-or-runtime-review","278020",,"1E0697DCF002DC0CC6BD0C68AE823505ABD09AA9251DCC550C7860FFFA159231",
"obj/Release/net8.0-windows/CouldBeAimmyV2_Content.g.cs","Custom-only","Build-or-runtime-review","3390",,"2E1C04E7C7717BB69B65BF5C30256F331B83B69449B41C49DD46B1E522C626D8",
"obj/Release/net8.0-windows/CouldBeAimmyV2_MarkupCompile.cache","Custom-only","Build-or-runtime-review","1241",,"AD803C8F7BCB950D0D6AC5A2B06BEBDCBFC96B3B6468D35F460346E876E2F9AC",
"obj/Release/net8.0-windows/CouldBeAimmyV2_MarkupCompile.lref","Custom-only","Build-or-runtime-review","1141",,"65FFF89E242F651B78371169E9D1D3AE3E5605BDB87FB41147D238CABCCD51A9",
"obj/Release/net8.0-windows/CouldBeAimmyV2.dll","Custom-only","Build-or-runtime-review","7801344",,"0D6065E37E840A6083349D9CAB2D73634D664A9318409073D1E33FB9D76B5CD3",
"obj/Release/net8.0-windows/CouldBeAimmyV2.g.resources","Custom-only","Build-or-runtime-review","2122702",,"299051B096AB8B23FCFF101E9B4FB37F339E998658C5F76BAD1B145EEC5C82EF",
"obj/Release/net8.0-windows/ExitConfirmationWindow.baml","Custom-only","Build-or-runtime-review","2632",,"D6338C2CF5B3B36641C4BCACD0B5FD9B08BC7E7C352135E160910144E32FFBDD",
"obj/Release/net8.0-windows/ExitConfirmationWindow.g.cs","Custom-only","Build-or-runtime-review","4098",,"A87C2AB598A46BAB07063553CF79B8539FD67AA6EE91934667B63A5D5947DC12",
"obj/Release/net8.0-windows/GeneratedInternalTypeHelper.g.cs","Custom-only","Build-or-runtime-review","2959",,"617E12F6FAA269B6C258DB180C85F35C159A8C33542E1C940D6A91F703F93CFF",
"obj/Release/net8.0-windows/MainWindow.baml","Custom-only","Build-or-runtime-review","5538",,"3A6A8B56038D6B9F194DD341DA50243BCE86859C1C4A3075C26294662E669638",
"obj/Release/net8.0-windows/MainWindow.g.cs","Custom-only","Build-or-runtime-review","12971",,"7A929807BA3C018B9FB05B5AFC530F1E33AFD25D2E8438C3872F7102F2B31AE0",
"obj/Release/net8.0-windows/MouseMovementLibraries/GHubSupport/LGDownloader.baml","Custom-only","Build-or-runtime-review","3690",,"232F8A3E8F77F46C7BEDCA19D579B3AC8C1683AA1238A67D61E1B3FDA7685E35",
"obj/Release/net8.0-windows/MouseMovementLibraries/GHubSupport/LGDownloader.g.cs","Custom-only","Build-or-runtime-review","8104",,"CDEAA4FEA069C300B3E4B4D1501EA02141D9079D1BBB7E82C908107062AC5936",
"obj/Release/net8.0-windows/ref/CouldBeAimmyV2.dll","Custom-only","Build-or-runtime-review","120320",,"240716952E0F88A594BBCD699FC04348FB72D52B4ABC308C6C29FBD4300181B6",
"obj/Release/net8.0-windows/refint/CouldBeAimmyV2.dll","Custom-only","Build-or-runtime-review","120320",,"240716952E0F88A594BBCD699FC04348FB72D52B4ABC308C6C29FBD4300181B6",
"obj/Release/net8.0-windows/StartupWindow.baml","Custom-only","Build-or-runtime-review","6578",,"C61BE98DDF0822D4884B231C6AB1E17BD4F604E06053E6D56951CA1AEED49853",
"obj/Release/net8.0-windows/StartupWindow.g.cs","Custom-only","Build-or-runtime-review","14420",,"92B44B94FFA97F78CCB0DB53B8C73F403003BAAE3D9BCD73FB00A04A93364B93",
"obj/Release/net8.0-windows/UILibrary/AColorChanger.baml","Custom-only","Build-or-runtime-review","1895",,"9DE920EF07127EFE4CAE0F9BE3FDE786936CBAFC9E8201264917FF7AD329B4F3",
"obj/Release/net8.0-windows/UILibrary/AColorChanger.g.cs","Custom-only","Build-or-runtime-review","4712",,"401A2CE7E9EA09F71D4ECC66992DD4278D9055583D0C7B0A39C9FF71F970519A",
"obj/Release/net8.0-windows/UILibrary/AColorWheel.baml","Custom-only","Build-or-runtime-review","6978",,"FA23A7000114333D32FF797030BA575E8ABE26C78B247476ACA5B2257F0BD62A",
"obj/Release/net8.0-windows/UILibrary/AColorWheel.g.cs","Custom-only","Build-or-runtime-review","18965",,"A4F4283D94A863C61F2B689DC3AF67FB4DE69A5BE7718F4AE7F97D5814B5A4BE",
"obj/Release/net8.0-windows/UILibrary/ADisplaySelector.baml","Custom-only","Build-or-runtime-review","2022",,"550358C1D28D1C9648AADFEA1F6D8D151E31A2B44B15AF1B29328CE260449B69",
"obj/Release/net8.0-windows/UILibrary/ADisplaySelector.g.cs","Custom-only","Build-or-runtime-review","4780",,"2C1997F217409FD3BEB9EF6E1ACE7F3BDDEAA7489565E2A3DC183C33759B713E",
"obj/Release/net8.0-windows/UILibrary/ADownloadGateway.baml","Custom-only","Build-or-runtime-review","2284",,"68153084C29722A057A274252869AC39913E691C2B0FAC2B237E1BBE55482783",
"obj/Release/net8.0-windows/UILibrary/ADownloadGateway.g.cs","Custom-only","Build-or-runtime-review","5248",,"350183E886C0C27BF3081223C000EE84F8389151622C1CB206A4D92CBC2EB870",
"obj/Release/net8.0-windows/UILibrary/ADropdown.baml","Custom-only","Build-or-runtime-review","1932",,"A1637EF24EB033E8AA9AFDAEA569C8895C1EFD1B4EF24B1BA6BEDD68CF710FEB",
"obj/Release/net8.0-windows/UILibrary/ADropdown.g.cs","Custom-only","Build-or-runtime-review","4501",,"29DB258D2C62D5547F85D3BE95A44BD50B6E1132B2E4009775030B1299C9DD55",
"obj/Release/net8.0-windows/UILibrary/AFileLocator.baml","Custom-only","Build-or-runtime-review","2386",,"726DC22B8964076D3B09DF5D463EB2CE3AFF3947BB304ECAA05346ABB7E692EC",
"obj/Release/net8.0-windows/UILibrary/AFileLocator.g.cs","Custom-only","Build-or-runtime-review","5419",,"F32BCAB363370F4636BC70617D52769AF3743E9BA8F3985C5D578FBC141E2485",
"obj/Release/net8.0-windows/UILibrary/AKeyChanger.baml","Custom-only","Build-or-runtime-review","1970",,"66961E9CA8B8F7F53AAAEE357AF188D8BC1D31C82D3B9AF1E7041574ACDD001F",
"obj/Release/net8.0-windows/UILibrary/AKeyChanger.g.cs","Custom-only","Build-or-runtime-review","4674",,"8D1DF5B56AFF9002FFFA97883964938EBDC9C28748914412E6D72642524F3FF2",
"obj/Release/net8.0-windows/UILibrary/APButton.baml","Custom-only","Build-or-runtime-review","1884",,"9046CBF4D7F45839E2400C8138FCDD74FEEEC4A8768EA3B8EAFA288772F16D4F",
"obj/Release/net8.0-windows/UILibrary/APButton.g.cs","Custom-only","Build-or-runtime-review","4205",,"DE7D8A59E2CE6863E64A3E52B20BEE8812DFB94357679BDE780BD289B21F764F",
"obj/Release/net8.0-windows/UILibrary/ARectangleBottom.baml","Custom-only","Build-or-runtime-review","1186",,"2306256D58DA432478E47B37D0C5B40CF5F4A59ADBB86345DEA568BB41FB4782",
"obj/Release/net8.0-windows/UILibrary/ARectangleBottom.g.cs","Custom-only","Build-or-runtime-review","3168",,"C30027C745D805D4066CDC9F4AC41A45ACC1C65A7BBCE0325085F1DE312ECC52",
"obj/Release/net8.0-windows/UILibrary/ASlider.baml","Custom-only","Build-or-runtime-review","2901",,"4C80CA0949999F41ADAA25207CBBB0C5DEAB774A6C9100F79F5570035FB55A49",
"obj/Release/net8.0-windows/UILibrary/ASlider.g.cs","Custom-only","Build-or-runtime-review","6404",,"93F6D42AF784D72A7C91E58584CA5830E41C6063D462F700995A2B82D158FBBE",
"obj/Release/net8.0-windows/UILibrary/ASpacer.baml","Custom-only","Build-or-runtime-review","1080",,"F253D4507E038467826B23AF5CCB9822D58DF65D42C0AB39476157D07E8200B7",
"obj/Release/net8.0-windows/UILibrary/ASpacer.g.cs","Custom-only","Build-or-runtime-review","3123",,"C26406668F4BD75A9903EA2358AEDFD31841A7E5495611BABAF83EA59AF595A8",
"obj/Release/net8.0-windows/UILibrary/ATitle.baml","Custom-only","Build-or-runtime-review","2182",,"5B60F4524911EDD64EC1BC11F63F89DD47CBF35D43C563579DA216B90ECEEA5B",
"obj/Release/net8.0-windows/UILibrary/ATitle.g.cs","Custom-only","Build-or-runtime-review","4679",,"B1522A9A6C06C0CB95BD09832D4491763D011F4C6C253D0651AE45E984B08608",
"obj/Release/net8.0-windows/UILibrary/AToggle.baml","Custom-only","Build-or-runtime-review","2223",,"89266D18C1641502A5EA98BA9E143134F049865DCF1F24EB83E41EEDB86F701B",
"obj/Release/net8.0-windows/UILibrary/AToggle.g.cs","Custom-only","Build-or-runtime-review","5580",,"CCB0F34C6160F168267D00ED44943F56207D827BA9F53C48568004BA2D28B01A",
"obj/Release/net8.0-windows/UISections/AboutMenuControl.baml","Custom-only","Build-or-runtime-review","4798",,"72092FF400EEC3544B7A1C5BBAFF8602743FDE54ACCA3CB75898FD9A6AEE18A4",
"obj/Release/net8.0-windows/UISections/AboutMenuControl.g.cs","Custom-only","Build-or-runtime-review","9402",,"BC1B5016FE0DE3169707F74C543D629C700EBAF928811E8DAA8BBC9AB797C14F",
"obj/Release/net8.0-windows/UISections/AimMenuControl.baml","Custom-only","Build-or-runtime-review","1409",,"3E4A86A3C0FF34966ED32374C200D77807B3110BF63DD34DE833E2525E76180C",
"obj/Release/net8.0-windows/UISections/AimMenuControl.g.cs","Custom-only","Build-or-runtime-review","8618",,"3C91FEC62984B268BEE4E8EFD8FD9EB07E7FC4F47C220E080C073E93D9D2CA24",
"obj/Release/net8.0-windows/UISections/ModelMenuControl.baml","Custom-only","Build-or-runtime-review","5431",,"A9F1BA63431F4A714D9EEBBED94468E65F32ED669A250082F70769C7AF5F08FE",
"obj/Release/net8.0-windows/UISections/ModelMenuControl.g.cs","Custom-only","Build-or-runtime-review","18357",,"90109EE07BE3F8049C549B19643756579A020EAE36EA494FCD5F08F257DCC9D5",
"obj/Release/net8.0-windows/UISections/SettingsMenuControl.baml","Custom-only","Build-or-runtime-review","1441",,"77A1282746EE0CED7FEF79AA997463FDF3FE0864C9E53762DC70E1767D914035",
"obj/Release/net8.0-windows/UISections/SettingsMenuControl.g.cs","Custom-only","Build-or-runtime-review","6458",,"08401D7683ED18793F735A061221A637E0853A62D28A9EDFFED5D9CFE30E4967",
"obj/Release/net8.0-windows/Visuality/ColorPicker.baml","Custom-only","Build-or-runtime-review","3430",,"C85EC581F60BCCF50DAC57F4451CB338CBB6C22ED217F375202999405E638BAA",
"obj/Release/net8.0-windows/Visuality/ColorPicker.g.cs","Custom-only","Build-or-runtime-review","7300",,"B2A96C1248E4EE273E84C5A8544CE82663CB086569660917F2AE9B4F1497A3A8",
"obj/Release/net8.0-windows/Visuality/ConfigSaver.baml","Custom-only","Build-or-runtime-review","4829",,"155EA0DACC1090B0DE48698487C38E5F2D5214548EDFEF3662AD9D9B7B767E91",
"obj/Release/net8.0-windows/Visuality/ConfigSaver.g.cs","Custom-only","Build-or-runtime-review","10487",,"4A0FD4125F922D1297E5A20368F667C336316C06DA3D21CA3ABBB5B048F080ED",
"obj/Release/net8.0-windows/Visuality/DetectedPlayerWindow.baml","Custom-only","Build-or-runtime-review","1792",,"C210FA5D799C884B431BF4F7456A89D029A7A5B7BBEAA22FB13F7AC11AAAA0C2",
"obj/Release/net8.0-windows/Visuality/DetectedPlayerWindow.g.cs","Custom-only","Build-or-runtime-review","5406",,"F8AB6A248F69655053BB441A082ECB9DEF0CC79429984FE0B440A4D9AB0B7A82",
"obj/Release/net8.0-windows/Visuality/DetectedScopeWindow.baml","Custom-only","Build-or-runtime-review","1863",,"EC09705775AE16252F08F0F75A1696C51845DA718B3817021AB03398662DFA33",
"obj/Release/net8.0-windows/Visuality/DetectedScopeWindow.g.cs","Custom-only","Build-or-runtime-review","5028",,"0D0C7A1FF41D40F0A8FAC444E52748212059401630128272E4027DB6AEC50CA8",
"obj/Release/net8.0-windows/Visuality/FOV.baml","Custom-only","Build-or-runtime-review","1624",,"9375881AD682CB0361AFB589F515A4082BFB485F8EC77232B62BFBCDA77E7B8B",
"obj/Release/net8.0-windows/Visuality/FOV.g.cs","Custom-only","Build-or-runtime-review","4448",,"CEAD49A1F1BA2637F142939B7081BAAF5ECFC14FB28A75173C0DF052DD253DF3",
"obj/Release/net8.0-windows/Visuality/NoticeBar.baml","Custom-only","Build-or-runtime-review","3104",,"58041D1FD1F5E09996780607BE83A3842D6E394E2346E04FF7728077D123D3AC",
"obj/Release/net8.0-windows/Visuality/NoticeBar.g.cs","Custom-only","Build-or-runtime-review","3623",,"2C1A5471643F25D01D072EB6ED14DC3B703828B25D111DA9F443A173FAC4233C",
"obj/Release/net8.0-windows/Visuality/RegionSelectorWindow.baml","Custom-only","Build-or-runtime-review","2049",,"D7B349DCA9E3D760B490312F138038001C3C53B2EA299229262737E4A2BAD8CC",
"obj/Release/net8.0-windows/Visuality/RegionSelectorWindow.g.cs","Custom-only","Build-or-runtime-review","7266",,"EE44FE02F8C54A4BA88337C7D90EC631636813E67AD29A91270CE930E3997E55",
"obj/Release/net8.0-windows/Visuality/Resources.baml","Custom-only","Build-or-runtime-review","2516",,"0E88EEF44018CA549AEBC2E907DA6A96BD09BB086A17B0A0986C012A05D6C5C6",
"obj/Release/net8.0-windows/win-x64/.NETCoreApp,Version=v8.0.AssemblyAttributes.cs","Custom-only","Build-or-runtime-review","198",,"F7A5D9789C863625E139FF99E1113A503830F6B85A88F6129916DF83AC76B49E",
"obj/Release/net8.0-windows/win-x64/Aimmy2_3gyr0b5x_wpftmp.AssemblyInfo.cs","Custom-only","Build-or-runtime-review","1136",,"0D1C6307AE4F47A2B0522B7BF234A81C07AEA81A3F462BB3EB0512A3BAC2ABD5",
"obj/Release/net8.0-windows/win-x64/Aimmy2_3gyr0b5x_wpftmp.AssemblyInfoInputs.cache","Custom-only","Build-or-runtime-review","66",,"BFE340242AE23987B4F9CB8A619DA9956F3A0CBF0130164A7ACD8F926622F455",
"obj/Release/net8.0-windows/win-x64/Aimmy2_3gyr0b5x_wpftmp.assets.cache","Custom-only","Build-or-runtime-review","34770",,"264E1EEC0CBB8C88D11BD07F87274E14B46AE4FE56B6F914BB625CDAE4708F2A",
"obj/Release/net8.0-windows/win-x64/Aimmy2_3gyr0b5x_wpftmp.GeneratedMSBuildEditorConfig.editorconfig","Custom-only","Build-or-runtime-review","1174",,"6756CDDBE904F2EC3174E57A9127FC0F3475C50D52AA8B79B33E470B7DD648F1",
"obj/Release/net8.0-windows/win-x64/Aimmy2_3gyr0b5x_wpftmp.GlobalUsings.g.cs","Custom-only","Build-or-runtime-review","183",,"FE45EA572AADFD1A9B54CF7251405CFA11B748CA88B034F06A724D49758CED2D",
"obj/Release/net8.0-windows/win-x64/Aimmy2_4mrntp3s_wpftmp.AssemblyInfo.cs","Custom-only","Build-or-runtime-review","1136",,"0D1C6307AE4F47A2B0522B7BF234A81C07AEA81A3F462BB3EB0512A3BAC2ABD5",
"obj/Release/net8.0-windows/win-x64/Aimmy2_4mrntp3s_wpftmp.AssemblyInfoInputs.cache","Custom-only","Build-or-runtime-review","66",,"BFE340242AE23987B4F9CB8A619DA9956F3A0CBF0130164A7ACD8F926622F455",
"obj/Release/net8.0-windows/win-x64/Aimmy2_4mrntp3s_wpftmp.assets.cache","Custom-only","Build-or-runtime-review","34770",,"771CDF909DF470E2D412B5EEF0D30096B3877E327A5AA13FCC6F57E391C7E04D",
"obj/Release/net8.0-windows/win-x64/Aimmy2_4mrntp3s_wpftmp.GeneratedMSBuildEditorConfig.editorconfig","Custom-only","Build-or-runtime-review","1174",,"6756CDDBE904F2EC3174E57A9127FC0F3475C50D52AA8B79B33E470B7DD648F1",
"obj/Release/net8.0-windows/win-x64/Aimmy2_4mrntp3s_wpftmp.GlobalUsings.g.cs","Custom-only","Build-or-runtime-review","183",,"FE45EA572AADFD1A9B54CF7251405CFA11B748CA88B034F06A724D49758CED2D",
"obj/Release/net8.0-windows/win-x64/Aimmy2_53r0of54_wpftmp.AssemblyInfo.cs","Custom-only","Build-or-runtime-review","1136",,"0D1C6307AE4F47A2B0522B7BF234A81C07AEA81A3F462BB3EB0512A3BAC2ABD5",
"obj/Release/net8.0-windows/win-x64/Aimmy2_53r0of54_wpftmp.AssemblyInfoInputs.cache","Custom-only","Build-or-runtime-review","66",,"BFE340242AE23987B4F9CB8A619DA9956F3A0CBF0130164A7ACD8F926622F455",
"obj/Release/net8.0-windows/win-x64/Aimmy2_53r0of54_wpftmp.assets.cache","Custom-only","Build-or-runtime-review","34770",,"0209FE26A58F205279BBB7E0A310808E96F0C8FC6459FFB06B386F3D91ECB9CC",
"obj/Release/net8.0-windows/win-x64/Aimmy2_53r0of54_wpftmp.GeneratedMSBuildEditorConfig.editorconfig","Custom-only","Build-or-runtime-review","1174",,"6756CDDBE904F2EC3174E57A9127FC0F3475C50D52AA8B79B33E470B7DD648F1",
"obj/Release/net8.0-windows/win-x64/Aimmy2_53r0of54_wpftmp.GlobalUsings.g.cs","Custom-only","Build-or-runtime-review","183",,"FE45EA572AADFD1A9B54CF7251405CFA11B748CA88B034F06A724D49758CED2D",
"obj/Release/net8.0-windows/win-x64/Aimmy2_ah43v5ym_wpftmp.AssemblyInfo.cs","Custom-only","Build-or-runtime-review","1136",,"0D1C6307AE4F47A2B0522B7BF234A81C07AEA81A3F462BB3EB0512A3BAC2ABD5",
"obj/Release/net8.0-windows/win-x64/Aimmy2_ah43v5ym_wpftmp.AssemblyInfoInputs.cache","Custom-only","Build-or-runtime-review","66",,"BFE340242AE23987B4F9CB8A619DA9956F3A0CBF0130164A7ACD8F926622F455",
"obj/Release/net8.0-windows/win-x64/Aimmy2_ah43v5ym_wpftmp.assets.cache","Custom-only","Build-or-runtime-review","34770",,"D0251FFB5925D2D792CDB1A5EEB8F69AF48FEF1A0468D2EA507E7539E8ECA1C2",
"obj/Release/net8.0-windows/win-x64/Aimmy2_ah43v5ym_wpftmp.GeneratedMSBuildEditorConfig.editorconfig","Custom-only","Build-or-runtime-review","1174",,"6756CDDBE904F2EC3174E57A9127FC0F3475C50D52AA8B79B33E470B7DD648F1",
"obj/Release/net8.0-windows/win-x64/Aimmy2_ah43v5ym_wpftmp.GlobalUsings.g.cs","Custom-only","Build-or-runtime-review","183",,"FE45EA572AADFD1A9B54CF7251405CFA11B748CA88B034F06A724D49758CED2D",
"obj/Release/net8.0-windows/win-x64/Aimmy2_c0lh1kjp_wpftmp.AssemblyInfo.cs","Custom-only","Build-or-runtime-review","1136",,"0D1C6307AE4F47A2B0522B7BF234A81C07AEA81A3F462BB3EB0512A3BAC2ABD5",
"obj/Release/net8.0-windows/win-x64/Aimmy2_c0lh1kjp_wpftmp.AssemblyInfoInputs.cache","Custom-only","Build-or-runtime-review","66",,"BFE340242AE23987B4F9CB8A619DA9956F3A0CBF0130164A7ACD8F926622F455",
"obj/Release/net8.0-windows/win-x64/Aimmy2_c0lh1kjp_wpftmp.assets.cache","Custom-only","Build-or-runtime-review","34770",,"50F021C69E3517AB9348377C4C417EEB6C589420977DADC4023F335C94893BCB",
"obj/Release/net8.0-windows/win-x64/Aimmy2_c0lh1kjp_wpftmp.GeneratedMSBuildEditorConfig.editorconfig","Custom-only","Build-or-runtime-review","1174",,"6756CDDBE904F2EC3174E57A9127FC0F3475C50D52AA8B79B33E470B7DD648F1",
"obj/Release/net8.0-windows/win-x64/Aimmy2_c0lh1kjp_wpftmp.GlobalUsings.g.cs","Custom-only","Build-or-runtime-review","183",,"FE45EA572AADFD1A9B54CF7251405CFA11B748CA88B034F06A724D49758CED2D",
"obj/Release/net8.0-windows/win-x64/Aimmy2_dw2n4war_wpftmp.AssemblyInfo.cs","Custom-only","Build-or-runtime-review","1136",,"0D1C6307AE4F47A2B0522B7BF234A81C07AEA81A3F462BB3EB0512A3BAC2ABD5",
"obj/Release/net8.0-windows/win-x64/Aimmy2_dw2n4war_wpftmp.AssemblyInfoInputs.cache","Custom-only","Build-or-runtime-review","66",,"BFE340242AE23987B4F9CB8A619DA9956F3A0CBF0130164A7ACD8F926622F455",
"obj/Release/net8.0-windows/win-x64/Aimmy2_dw2n4war_wpftmp.assets.cache","Custom-only","Build-or-runtime-review","34770",,"E0C26DC701B194258229D6F06556ECC7D339472D5D871901A151C400DB9B36A2",
"obj/Release/net8.0-windows/win-x64/Aimmy2_dw2n4war_wpftmp.GeneratedMSBuildEditorConfig.editorconfig","Custom-only","Build-or-runtime-review","1174",,"6756CDDBE904F2EC3174E57A9127FC0F3475C50D52AA8B79B33E470B7DD648F1",
"obj/Release/net8.0-windows/win-x64/Aimmy2_dw2n4war_wpftmp.GlobalUsings.g.cs","Custom-only","Build-or-runtime-review","183",,"FE45EA572AADFD1A9B54CF7251405CFA11B748CA88B034F06A724D49758CED2D",
"obj/Release/net8.0-windows/win-x64/Aimmy2_hso2mawi_wpftmp.AssemblyInfo.cs","Custom-only","Build-or-runtime-review","1136",,"0D1C6307AE4F47A2B0522B7BF234A81C07AEA81A3F462BB3EB0512A3BAC2ABD5",
"obj/Release/net8.0-windows/win-x64/Aimmy2_hso2mawi_wpftmp.AssemblyInfoInputs.cache","Custom-only","Build-or-runtime-review","66",,"BFE340242AE23987B4F9CB8A619DA9956F3A0CBF0130164A7ACD8F926622F455",
"obj/Release/net8.0-windows/win-x64/Aimmy2_hso2mawi_wpftmp.assets.cache","Custom-only","Build-or-runtime-review","34770",,"56162CAB60970FE5C1BF9581E0A804A2BAF6BA617E7563F4A100B6E50AEFC034",
"obj/Release/net8.0-windows/win-x64/Aimmy2_hso2mawi_wpftmp.GeneratedMSBuildEditorConfig.editorconfig","Custom-only","Build-or-runtime-review","1174",,"6756CDDBE904F2EC3174E57A9127FC0F3475C50D52AA8B79B33E470B7DD648F1",
"obj/Release/net8.0-windows/win-x64/Aimmy2_hso2mawi_wpftmp.GlobalUsings.g.cs","Custom-only","Build-or-runtime-review","183",,"FE45EA572AADFD1A9B54CF7251405CFA11B748CA88B034F06A724D49758CED2D",
"obj/Release/net8.0-windows/win-x64/Aimmy2_kapow1hv_wpftmp.AssemblyInfo.cs","Custom-only","Build-or-runtime-review","1136",,"0D1C6307AE4F47A2B0522B7BF234A81C07AEA81A3F462BB3EB0512A3BAC2ABD5",
"obj/Release/net8.0-windows/win-x64/Aimmy2_kapow1hv_wpftmp.AssemblyInfoInputs.cache","Custom-only","Build-or-runtime-review","66",,"BFE340242AE23987B4F9CB8A619DA9956F3A0CBF0130164A7ACD8F926622F455",
"obj/Release/net8.0-windows/win-x64/Aimmy2_kapow1hv_wpftmp.assets.cache","Custom-only","Build-or-runtime-review","34770",,"D29F4C492A50466B4AD2ACD84FC0139404145F95CBA5139957AEC48160295FBB",
"obj/Release/net8.0-windows/win-x64/Aimmy2_kapow1hv_wpftmp.GeneratedMSBuildEditorConfig.editorconfig","Custom-only","Build-or-runtime-review","1174",,"6756CDDBE904F2EC3174E57A9127FC0F3475C50D52AA8B79B33E470B7DD648F1",
"obj/Release/net8.0-windows/win-x64/Aimmy2_kapow1hv_wpftmp.GlobalUsings.g.cs","Custom-only","Build-or-runtime-review","183",,"FE45EA572AADFD1A9B54CF7251405CFA11B748CA88B034F06A724D49758CED2D",
"obj/Release/net8.0-windows/win-x64/Aimmy2_ktukmkqs_wpftmp.AssemblyInfo.cs","Custom-only","Build-or-runtime-review","1136",,"0D1C6307AE4F47A2B0522B7BF234A81C07AEA81A3F462BB3EB0512A3BAC2ABD5",
"obj/Release/net8.0-windows/win-x64/Aimmy2_ktukmkqs_wpftmp.AssemblyInfoInputs.cache","Custom-only","Build-or-runtime-review","66",,"BFE340242AE23987B4F9CB8A619DA9956F3A0CBF0130164A7ACD8F926622F455",
"obj/Release/net8.0-windows/win-x64/Aimmy2_ktukmkqs_wpftmp.assets.cache","Custom-only","Build-or-runtime-review","34770",,"D7A1F682B608509C227C670DCC7E17AC13868156EA4E5C793BDC3E8C27A6E821",
"obj/Release/net8.0-windows/win-x64/Aimmy2_ktukmkqs_wpftmp.GeneratedMSBuildEditorConfig.editorconfig","Custom-only","Build-or-runtime-review","1174",,"6756CDDBE904F2EC3174E57A9127FC0F3475C50D52AA8B79B33E470B7DD648F1",
"obj/Release/net8.0-windows/win-x64/Aimmy2_ktukmkqs_wpftmp.GlobalUsings.g.cs","Custom-only","Build-or-runtime-review","183",,"FE45EA572AADFD1A9B54CF7251405CFA11B748CA88B034F06A724D49758CED2D",
"obj/Release/net8.0-windows/win-x64/Aimmy2_o0lseyjx_wpftmp.AssemblyInfo.cs","Custom-only","Build-or-runtime-review","1136",,"0D1C6307AE4F47A2B0522B7BF234A81C07AEA81A3F462BB3EB0512A3BAC2ABD5",
"obj/Release/net8.0-windows/win-x64/Aimmy2_o0lseyjx_wpftmp.AssemblyInfoInputs.cache","Custom-only","Build-or-runtime-review","66",,"BFE340242AE23987B4F9CB8A619DA9956F3A0CBF0130164A7ACD8F926622F455",
"obj/Release/net8.0-windows/win-x64/Aimmy2_o0lseyjx_wpftmp.assets.cache","Custom-only","Build-or-runtime-review","34770",,"3AD04EDA29203FE612B60804A59A47F7ED95533F06F1E443A7CA3CA2656EC76D",
"obj/Release/net8.0-windows/win-x64/Aimmy2_o0lseyjx_wpftmp.GeneratedMSBuildEditorConfig.editorconfig","Custom-only","Build-or-runtime-review","1174",,"6756CDDBE904F2EC3174E57A9127FC0F3475C50D52AA8B79B33E470B7DD648F1",
"obj/Release/net8.0-windows/win-x64/Aimmy2_o0lseyjx_wpftmp.GlobalUsings.g.cs","Custom-only","Build-or-runtime-review","183",,"FE45EA572AADFD1A9B54CF7251405CFA11B748CA88B034F06A724D49758CED2D",
"obj/Release/net8.0-windows/win-x64/Aimmy2_qseut1mu_wpftmp.AssemblyInfo.cs","Custom-only","Build-or-runtime-review","1136",,"0D1C6307AE4F47A2B0522B7BF234A81C07AEA81A3F462BB3EB0512A3BAC2ABD5",
"obj/Release/net8.0-windows/win-x64/Aimmy2_qseut1mu_wpftmp.AssemblyInfoInputs.cache","Custom-only","Build-or-runtime-review","66",,"BFE340242AE23987B4F9CB8A619DA9956F3A0CBF0130164A7ACD8F926622F455",
"obj/Release/net8.0-windows/win-x64/Aimmy2_qseut1mu_wpftmp.assets.cache","Custom-only","Build-or-runtime-review","34770",,"A3BDDBD300B30AAEBA8F2123F1F5114F523BB5DB9DCD06F55484AA5018CCFB75",
"obj/Release/net8.0-windows/win-x64/Aimmy2_qseut1mu_wpftmp.GeneratedMSBuildEditorConfig.editorconfig","Custom-only","Build-or-runtime-review","1174",,"6756CDDBE904F2EC3174E57A9127FC0F3475C50D52AA8B79B33E470B7DD648F1",
"obj/Release/net8.0-windows/win-x64/Aimmy2_qseut1mu_wpftmp.GlobalUsings.g.cs","Custom-only","Build-or-runtime-review","183",,"FE45EA572AADFD1A9B54CF7251405CFA11B748CA88B034F06A724D49758CED2D",
"obj/Release/net8.0-windows/win-x64/Aimmy2_y0s1hhyj_wpftmp.AssemblyInfo.cs","Custom-only","Build-or-runtime-review","1136",,"0D1C6307AE4F47A2B0522B7BF234A81C07AEA81A3F462BB3EB0512A3BAC2ABD5",
"obj/Release/net8.0-windows/win-x64/Aimmy2_y0s1hhyj_wpftmp.AssemblyInfoInputs.cache","Custom-only","Build-or-runtime-review","66",,"BFE340242AE23987B4F9CB8A619DA9956F3A0CBF0130164A7ACD8F926622F455",
"obj/Release/net8.0-windows/win-x64/Aimmy2_y0s1hhyj_wpftmp.assets.cache","Custom-only","Build-or-runtime-review","34770",,"A26577531867D440FD2185B1D5FCC5469440FE64248C3D68813FB9A45A3AC99D",
"obj/Release/net8.0-windows/win-x64/Aimmy2_y0s1hhyj_wpftmp.GeneratedMSBuildEditorConfig.editorconfig","Custom-only","Build-or-runtime-review","1174",,"6756CDDBE904F2EC3174E57A9127FC0F3475C50D52AA8B79B33E470B7DD648F1",
"obj/Release/net8.0-windows/win-x64/Aimmy2_y0s1hhyj_wpftmp.GlobalUsings.g.cs","Custom-only","Build-or-runtime-review","183",,"FE45EA572AADFD1A9B54CF7251405CFA11B748CA88B034F06A724D49758CED2D",
"obj/Release/net8.0-windows/win-x64/Aimmy2_ycc2ll4j_wpftmp.AssemblyInfo.cs","Custom-only","Build-or-runtime-review","1136",,"0D1C6307AE4F47A2B0522B7BF234A81C07AEA81A3F462BB3EB0512A3BAC2ABD5",
"obj/Release/net8.0-windows/win-x64/Aimmy2_ycc2ll4j_wpftmp.AssemblyInfoInputs.cache","Custom-only","Build-or-runtime-review","66",,"BFE340242AE23987B4F9CB8A619DA9956F3A0CBF0130164A7ACD8F926622F455",
"obj/Release/net8.0-windows/win-x64/Aimmy2_ycc2ll4j_wpftmp.assets.cache","Custom-only","Build-or-runtime-review","34770",,"A8A8E0E67F0E8AF7A5D6BE53F5A1263EB33C365821C97AB39A9F8F986A511712",
"obj/Release/net8.0-windows/win-x64/Aimmy2_ycc2ll4j_wpftmp.GeneratedMSBuildEditorConfig.editorconfig","Custom-only","Build-or-runtime-review","1174",,"6756CDDBE904F2EC3174E57A9127FC0F3475C50D52AA8B79B33E470B7DD648F1",
"obj/Release/net8.0-windows/win-x64/Aimmy2_ycc2ll4j_wpftmp.GlobalUsings.g.cs","Custom-only","Build-or-runtime-review","183",,"FE45EA572AADFD1A9B54CF7251405CFA11B748CA88B034F06A724D49758CED2D",
"obj/Release/net8.0-windows/win-x64/Aimmy2.AssemblyInfo.cs","Custom-only","Build-or-runtime-review","1136",,"0D1C6307AE4F47A2B0522B7BF234A81C07AEA81A3F462BB3EB0512A3BAC2ABD5",
"obj/Release/net8.0-windows/win-x64/Aimmy2.AssemblyInfoInputs.cache","Custom-only","Build-or-runtime-review","66",,"BFE340242AE23987B4F9CB8A619DA9956F3A0CBF0130164A7ACD8F926622F455",
"obj/Release/net8.0-windows/win-x64/Aimmy2.assets.cache","Custom-only","Build-or-runtime-review","34770",,"2A109B207496A0E136614EC3880FF1133022FE8BEE71C5DD159AF6E79FDE1896",
"obj/Release/net8.0-windows/win-x64/Aimmy2.csproj.AssemblyReference.cache","Custom-only","Build-or-runtime-review","9710",,"C5C079F318294EA4E91D84CC0D533CCC451FCA391D90A8E300C020164DE34302",
"obj/Release/net8.0-windows/win-x64/Aimmy2.csproj.CoreCompileInputs.cache","Custom-only","Build-or-runtime-review","66",,"43A4A0CAFDE77647417F337EE930FC3F96646F45BFA9C6226F7A00A8B6438536",
"obj/Release/net8.0-windows/win-x64/Aimmy2.csproj.FileListAbsolute.txt","Custom-only","Build-or-runtime-review","11591",,"07C90F2A1108315F6093E6803E15D0584927FB8DEE5F4A2DC55C1C9D281F93DD",
"obj/Release/net8.0-windows/win-x64/Aimmy2.csproj.Fody.CopyLocal.cache","Custom-only","Build-or-runtime-review","589",,"9AE1ACBA3F289B6AB9D000AC81751953F994A9B697BAE520B2EF47CA2FAF2F96",
"obj/Release/net8.0-windows/win-x64/Aimmy2.csproj.Fody.RuntimeCopyLocal.cache","Custom-only","Build-or-runtime-review","6843",,"32D05A9E42AF81A6E6ECDCB3812071FD88DD3ED6C7806D1BA094997DF20A11A1",
"obj/Release/net8.0-windows/win-x64/Aimmy2.csproj.Up2Date","Custom-only","Build-or-runtime-review","0",,"E3B0C44298FC1C149AFBF4C8996FB92427AE41E4649B934CA495991B7852B855",
"obj/Release/net8.0-windows/win-x64/Aimmy2.GeneratedMSBuildEditorConfig.editorconfig","Custom-only","Build-or-runtime-review","1174",,"6756CDDBE904F2EC3174E57A9127FC0F3475C50D52AA8B79B33E470B7DD648F1",
"obj/Release/net8.0-windows/win-x64/Aimmy2.genruntimeconfig.cache","Custom-only","Build-or-runtime-review","66",,"F5D0E4645CDF6845A55E5D120660F05202A10CD1D35DA7309B6B5AFB4016DEAC",
"obj/Release/net8.0-windows/win-x64/Aimmy2.GlobalUsings.g.cs","Custom-only","Build-or-runtime-review","183",,"FE45EA572AADFD1A9B54CF7251405CFA11B748CA88B034F06A724D49758CED2D",
"obj/Release/net8.0-windows/win-x64/App.baml","Custom-only","Build-or-runtime-review","16563",,"1E4E8284F80AE3879B38051DAEFE1837C3CEED20EF8DECB3FA7FEB046E9141D2",
"obj/Release/net8.0-windows/win-x64/App.g.cs","Custom-only","Build-or-runtime-review","2610",,"1847D8315512FFB0B5B7EE763D4C0BE41BDAC53EEC73D41AA5F49152FB73F319",
"obj/Release/net8.0-windows/win-x64/apphost.exe","Custom-only","Build-or-runtime-review","186368",,"9B47D351D30FC1BE3E5159E8CE6851E5C77FFCD87097C8F84BBF3536393AF75A",
"obj/Release/net8.0-windows/win-x64/Costura/0422904D0F3BECE42D3F9D4C4597685CAD701DEE.costura.vortice.mathematics.dll.compressed","Custom-only","Build-or-runtime-review","48054",,"09AE97CE9595178440D948925FCF57C758B9EC746675073FD5EBFCCA595C776F",
"obj/Release/net8.0-windows/win-x64/Costura/1A0E397F6EC5D0585AF6089D3CE86711B9162ED7.costura.microsoft.xaml.behaviors.pdb.compressed","Custom-only","Build-or-runtime-review","118452",,"4ECDC1C7B638A7AC599B574AFACE394F6FE92391CB353B82D9660054E13582DB",
"obj/Release/net8.0-windows/win-x64/Costura/1E6CEDCC37F982F7372163A7B9DCB077E198600D.costura.materialdesignthemes.wpf.dll.compressed","Custom-only","Build-or-runtime-review","3034188",,"7C032C118E41A6FC2D9BD1ACDB670CE4401B1277F2CCFE06311C2157504841D3",
"obj/Release/net8.0-windows/win-x64/Costura/31531EEA4711CF48D5E834FF92738769389EE1CD.costura.costura.dll.compressed","Custom-only","Build-or-runtime-review","2287",,"5FEDFADF4EB8652F8CDE60A3DD61FEF6DC4844314C5AC4DE066DABA6430CEB48",
"obj/Release/net8.0-windows/win-x64/Costura/3501061214FB5B3143E584831CFF8D3C7216DC70.costura.supercluster.kdtree.dll.compressed","Custom-only","Build-or-runtime-review","7057",,"78C441239F2998AF8CB9717EBB4A6749F603F9A3E57DBEDA1DA73621852B4FBA",
"obj/Release/net8.0-windows/win-x64/Costura/4DE073819643DE254B17CB83360E10E74EB57F0E.costura.costura.pdb.compressed","Custom-only","Build-or-runtime-review","4477",,"56DC94E1B6121B905CC66C53D374C0491A56F800FB7A4B23BDA75DE048B152FC",
"obj/Release/net8.0-windows/win-x64/Costura/605FAC68335FD692A666F5E560299F4851CA1CC1.costura.sharpgen.runtime.dll.compressed","Custom-only","Build-or-runtime-review","36571",,"591325B5C8119FAAC882CE5FD990C4D1C206533A383442AA209CF832F578BFD2",
"obj/Release/net8.0-windows/win-x64/Costura/63BC35A0C27BB49E31012F55BA3E40145B0EA87C.costura.microsoft.xaml.behaviors.dll.compressed","Custom-only","Build-or-runtime-review","64817",,"883D846D53AB562265D62C909ACD6E0368F73819B880430C533610C029E964F1",
"obj/Release/net8.0-windows/win-x64/Costura/64244D464BD1EDE5EC94B327D120449636B68063.costura.gma.system.mousekeyhook.dll.compressed","Custom-only","Build-or-runtime-review","22119",,"13EB746F7777CEE4378378246823D04276DC9501C7972DFC5E7D187DDC157AAA",
"obj/Release/net8.0-windows/win-x64/Costura/7A3852DE44FE5F91E883B5B9C3FBA3FB39F02A8E.costura.vortice.direct3d12.dll.compressed","Custom-only","Build-or-runtime-review","182837",,"24925EE9320AA65A49AF381BF62CDD9ECFF6079CEFA58627363C24247CB304F6",
"obj/Release/net8.0-windows/win-x64/Costura/8EFC1CBC86DF4C61CACA4D49DE938D7F8580C90C.costura.tensorrtsharp.dll.compressed","Custom-only","Build-or-runtime-review","53454",,"3D34777B722F636592D11D189F04671C6C1F4A227AFAD72D93AE61258E297014",
"obj/Release/net8.0-windows/win-x64/Costura/9D0227A32A2A74C8F105A5015C25BCEE6EB787F4.costura.system.text.encodings.web.dll.compressed","Custom-only","Build-or-runtime-review","31601",,"6F6D0D26502994B450CECFCFE96B6BA959CD79D3B7AA112FFF640E02E8C5EC09",
"obj/Release/net8.0-windows/win-x64/Costura/A492390F5479F4060C7E9F63B6BF30DEAC17DB84.costura.materialdesigncolors.dll.compressed","Custom-only","Build-or-runtime-review","43959",,"F72792E48727C230A8663E4D7977F7F775A68701712A0CBD8F63134FDF4C7026",
"obj/Release/net8.0-windows/win-x64/Costura/BCD40968EBA6D4DF369C7E567AFEEC5369CE09CA.costura.system.codedom.dll.compressed","Custom-only","Build-or-runtime-review","71608",,"671D9DFC814C58E3B1B61932859C06A91A241ECF0F9F89C74CFB4805A3815FF9",
"obj/Release/net8.0-windows/win-x64/Costura/C15A71BDB01E27B6529569715B6195E7FE304BE1.costura.vortice.direct3d11.dll.compressed","Custom-only","Build-or-runtime-review","118653",,"EBED7F26C0649D3A7A238A67A74325D3E49B2B58F63525B4DF92AE38010D0240",
"obj/Release/net8.0-windows/win-x64/Costura/CADFD587E7D2F3E6533328FC5D85FFD71B27E978.costura.sharpgen.runtime.com.dll.compressed","Custom-only","Build-or-runtime-review","72327",,"A9D7730FC24D8C70A0D5228EA9076B72E1AB74A0A296B5645B2656A9996A5A04",
"obj/Release/net8.0-windows/win-x64/Costura/CE8664DA8AF4B0084D75EA4F5A2EFA3BE1FEB72D.costura.microsoft.ml.onnxruntime.pdb.compressed","Custom-only","Build-or-runtime-review","36645",,"8B0499FFE4CB5B27639A7BE28DA9EE715EB8E401AA249E3D3DF7575CB168AE65",
"obj/Release/net8.0-windows/win-x64/Costura/D0756172C50CEDD0C9332F158882137622C2C167.costura.system.io.pipelines.dll.compressed","Custom-only","Build-or-runtime-review","38358",,"5113A4169AEF3C3F1444E48204B93F556CEAFB2B60EC61825D773AC210DF4B05",
"obj/Release/net8.0-windows/win-x64/Costura/D948F74B30DA3DF7354478FEE608A7B675DF539D.costura.system.numerics.tensors.dll.compressed","Custom-only","Build-or-runtime-review","132052",,"A53C5B4AA0D6F726F9FD6DC94E293D549818E963C57B40D522B8533EA7AA1B9B",
"obj/Release/net8.0-windows/win-x64/Costura/E06B572053122C09C0549D86388B302D20FA1930.costura.vortice.dxgi.dll.compressed","Custom-only","Build-or-runtime-review","37445",,"46B5A105D1C3EB92D0CBC6169D641AC2AB19E4B122F520C1165764FB22D70401",
"obj/Release/net8.0-windows/win-x64/Costura/E909E08DB5A6226AE12371BCF8A58390DA09BBD8.costura.vortice.mathematics.pdb.compressed","Custom-only","Build-or-runtime-review","29797",,"1A1709E0E9C0D5DA8552B97532D9C774ACA7F9EB3C00E6341D5F2DE87E178425",
"obj/Release/net8.0-windows/win-x64/Costura/ECF0B198C97AD84082EB3057918993D2A00D87B0.costura.vortice.directx.dll.compressed","Custom-only","Build-or-runtime-review","143883",,"38A8A83D0A69648D9EF6D93DC42BFAF7EC3C483973BE948CC956B4D0D48B2D8F",
"obj/Release/net8.0-windows/win-x64/Costura/F19C6AD762EA5A702A79C51282F858205DD684ED.costura.microsoft.ml.onnxruntime.dll.compressed","Custom-only","Build-or-runtime-review","93744",,"27C7832B98480C571027EB8D7B7600A6B9B0737F164A9C59F9B30BE94DDB5783",
"obj/Release/net8.0-windows/win-x64/Costura/F2D7F1DDE295000855372F6EEBB991F43397C6BA.costura.xamlradialprogressbar.dll.compressed","Custom-only","Build-or-runtime-review","10880",,"E1948CF11A67843497AB01C0999D94EF4E8FB58A28DA6EA33B0A3F2570A67AB9",
"obj/Release/net8.0-windows/win-x64/Costura/F387C00DD7C9A5E38C0DB6B9141DB74DA433103A.costura.antwpf.dll.compressed","Custom-only","Build-or-runtime-review","277104",,"3650391C62B581ABD01FCEC8A795DA1704DB37C46F4148ADEDAAFB5F3B00F8D6",
"obj/Release/net8.0-windows/win-x64/Costura/F89AC5753DB55F75602ADC28E204031878EB91E6.costura.system.text.json.dll.compressed","Custom-only","Build-or-runtime-review","237550",,"773E65E8F00D1EFF600BD10BC7A5BCA13DD776817A7E1BC152B1258881D20455",
"obj/Release/net8.0-windows/win-x64/Costura/FCF801C0915CB47F400C74B1B459EB55FF4A5F9D.costura.newtonsoft.json.dll.compressed","Custom-only","Build-or-runtime-review","278020",,"1E0697DCF002DC0CC6BD0C68AE823505ABD09AA9251DCC550C7860FFFA159231",
"obj/Release/net8.0-windows/win-x64/CouldBeAimmyV2_Content.g.cs","Custom-only","Build-or-runtime-review","3576",,"EC453552A21B51127A1AF5A73E70DD13FEC5A5DF4D2F64E8234FC9FC0B55BA52",
"obj/Release/net8.0-windows/win-x64/CouldBeAimmyV2_MarkupCompile.cache","Custom-only","Build-or-runtime-review","1350",,"00C454171FD465592F62A4FCEB6E9459C9E43E881CB94EFF1543E563C989E4F1",
"obj/Release/net8.0-windows/win-x64/CouldBeAimmyV2_MarkupCompile.lref","Custom-only","Build-or-runtime-review","2012",,"FAB88CC82C14D44234BB895BB4D9AA54271AD200B9A4F9300432BF1AE62C9742",
"obj/Release/net8.0-windows/win-x64/CouldBeAimmyV2.dll","Custom-only","Build-or-runtime-review","7926272",,"485CE5E8DE6C65C1B2402D47021089FB0BB0A57D514A24FDAA30788FADD41474",
"obj/Release/net8.0-windows/win-x64/CouldBeAimmyV2.g.resources","Custom-only","Build-or-runtime-review","2124472",,"5D7305DDDEE77AC81F012C6BD48A113A1B8B2DA0F2E1EDCD7FDD07BB2E75B530",
"obj/Release/net8.0-windows/win-x64/ExitConfirmationWindow.baml","Custom-only","Build-or-runtime-review","2632",,"D6338C2CF5B3B36641C4BCACD0B5FD9B08BC7E7C352135E160910144E32FFBDD",
"obj/Release/net8.0-windows/win-x64/ExitConfirmationWindow.g.cs","Custom-only","Build-or-runtime-review","4113",,"E8955906442AE4EE02AAB0EDF9A3CF001FEA39A36C3E8E3ADBA232DC2FAD7721",
"obj/Release/net8.0-windows/win-x64/GeneratedInternalTypeHelper.g.cs","Custom-only","Build-or-runtime-review","2959",,"2C27336D3745BB001DA928A2C639ED83718E2AF71680239CCDA2200585ADABD9",
"obj/Release/net8.0-windows/win-x64/MainWindow.baml","Custom-only","Build-or-runtime-review","5538",,"F67F8EBB9AAF6661E21BC16D25D137CEFBEA4E65E1FBA0E1F02D13701978713F",
"obj/Release/net8.0-windows/win-x64/MainWindow.g.cs","Custom-only","Build-or-runtime-review","13055",,"A6645BBAEB474ECFA7C9E1EDFAB50401C70D08A289EF28E7EBF86DB14274BEBE",
"obj/Release/net8.0-windows/win-x64/MouseMovementLibraries/GHubSupport/LGDownloader.baml","Custom-only","Build-or-runtime-review","3690",,"A6873FA65AF8FF0846E06992AC1B70D82342705952F8A2A8B1E5111331C5C93F",
"obj/Release/net8.0-windows/win-x64/MouseMovementLibraries/GHubSupport/LGDownloader.g.cs","Custom-only","Build-or-runtime-review","8146",,"4AA57BAE1E86216DC4CC97CAA466EC7CD0F74A4081A1F7ED1A507A7EF929306C",
"obj/Release/net8.0-windows/win-x64/ref/CouldBeAimmyV2.dll","Custom-only","Build-or-runtime-review","130048",,"4C705BB54C72188134CEA92C08C0C43F3CB77160864D0C8218750A6547E65A8E",
"obj/Release/net8.0-windows/win-x64/refint/CouldBeAimmyV2.dll","Custom-only","Build-or-runtime-review","130048",,"4C705BB54C72188134CEA92C08C0C43F3CB77160864D0C8218750A6547E65A8E",
"obj/Release/net8.0-windows/win-x64/StartupWindow.baml","Custom-only","Build-or-runtime-review","6578",,"C61BE98DDF0822D4884B231C6AB1E17BD4F604E06053E6D56951CA1AEED49853",
"obj/Release/net8.0-windows/win-x64/StartupWindow.g.cs","Custom-only","Build-or-runtime-review","14504",,"1177E175FFD47E341672F515018274C892DC6834939B37466E10E66FC4F08D9E",
"obj/Release/net8.0-windows/win-x64/UILibrary/AColorChanger.baml","Custom-only","Build-or-runtime-review","1895",,"07CD51F2AC5CE5661FAFCA57F4FF7254C326821D16F316D0DBA76D6B00D9730D",
"obj/Release/net8.0-windows/win-x64/UILibrary/AColorChanger.g.cs","Custom-only","Build-or-runtime-review","4727",,"E16AC8E8EFB4DA07183B7D90A81956DC7AB55EC28D0C30B2E68563A17BD3F0B9",
"obj/Release/net8.0-windows/win-x64/UILibrary/AColorWheel.baml","Custom-only","Build-or-runtime-review","6978",,"0FA59FFF4DB0832A842EC6221C9744021036FF75149C1421C9841B8C2C161E4E",
"obj/Release/net8.0-windows/win-x64/UILibrary/AColorWheel.g.cs","Custom-only","Build-or-runtime-review","19094",,"A9D45764D3C04122CC9B9E9C001E9E1DA4CA4F3747C5546E36C68DEE84268147",
"obj/Release/net8.0-windows/win-x64/UILibrary/ADisplaySelector.baml","Custom-only","Build-or-runtime-review","2022",,"023480D552279FC244991CA566F39AAB7FFE05C0D8EAA96520796FC6A1CAF92E",
"obj/Release/net8.0-windows/win-x64/UILibrary/ADisplaySelector.g.cs","Custom-only","Build-or-runtime-review","4795",,"DB74B2B275C75BC4489BA5BB117905E73ACA281C5A5C84378EFBEA265C5DA003",
"obj/Release/net8.0-windows/win-x64/UILibrary/ADownloadGateway.baml","Custom-only","Build-or-runtime-review","2284",,"0EB7BDB82078DE429865342245E54AF66D0FBA2433B5F23A383C996812055A15",
"obj/Release/net8.0-windows/win-x64/UILibrary/ADownloadGateway.g.cs","Custom-only","Build-or-runtime-review","5263",,"C23761ECE19EE5456646589ABE7E02CED4E12E77FAB40BC8C277B5B13274A2F0",
"obj/Release/net8.0-windows/win-x64/UILibrary/ADropdown.baml","Custom-only","Build-or-runtime-review","1932",,"86C223DB5D7793D449651E333829528E69AD1787094FD5E42F694A54000C8662",
"obj/Release/net8.0-windows/win-x64/UILibrary/ADropdown.g.cs","Custom-only","Build-or-runtime-review","4516",,"87DE1790423406378F61D2B941793EFE5933878BBCD204FE0C738382E8629410",
"obj/Release/net8.0-windows/win-x64/UILibrary/AFileLocator.baml","Custom-only","Build-or-runtime-review","2386",,"BF18D83EAA96CB375F33B933AAAED42619F6EC13081C442AA8811CF97934A284",
"obj/Release/net8.0-windows/win-x64/UILibrary/AFileLocator.g.cs","Custom-only","Build-or-runtime-review","5437",,"6D157B784EA3D52F43543B5E1E358BED7C2AB135B55787EC4425932139124FDF",
"obj/Release/net8.0-windows/win-x64/UILibrary/AKeyChanger.baml","Custom-only","Build-or-runtime-review","1970",,"BDE0C27E613728D533C3F073B99FED1E3098929D0C530E4E55FDDA6F94253816",
"obj/Release/net8.0-windows/win-x64/UILibrary/AKeyChanger.g.cs","Custom-only","Build-or-runtime-review","4689",,"DACE329D15387D722764C1430092B4332588EB9931FE0CF2F96F71698233034A",
"obj/Release/net8.0-windows/win-x64/UILibrary/APButton.baml","Custom-only","Build-or-runtime-review","1884",,"F650EEC06EE9381EE44F48E08B828AAD76CEB5A6AA5C16CB5334ACED8E2F0C8C",
"obj/Release/net8.0-windows/win-x64/UILibrary/APButton.g.cs","Custom-only","Build-or-runtime-review","4217",,"55779ECA9330CBD219B064EC4AD7740C2D614382F54EE599D9C422870911495B",
"obj/Release/net8.0-windows/win-x64/UILibrary/ARectangleBottom.baml","Custom-only","Build-or-runtime-review","1186",,"2306256D58DA432478E47B37D0C5B40CF5F4A59ADBB86345DEA568BB41FB4782",
"obj/Release/net8.0-windows/win-x64/UILibrary/ARectangleBottom.g.cs","Custom-only","Build-or-runtime-review","3174",,"B782C9DFA695891739267F71CB5EB1B465A9ABFB7A9E5216038CB2C5082AE070",
"obj/Release/net8.0-windows/win-x64/UILibrary/ASlider.baml","Custom-only","Build-or-runtime-review","2901",,"67AB06A9785457891B52B6C0E0C9CD6F7F6647B457559A1A59F79EF65198C782",
"obj/Release/net8.0-windows/win-x64/UILibrary/ASlider.g.cs","Custom-only","Build-or-runtime-review","6428",,"47960F588C21183D65A0496D169693DACDF5A89656A57475159A459FB1C784AF",
"obj/Release/net8.0-windows/win-x64/UILibrary/ASpacer.baml","Custom-only","Build-or-runtime-review","1080",,"F253D4507E038467826B23AF5CCB9822D58DF65D42C0AB39476157D07E8200B7",
"obj/Release/net8.0-windows/win-x64/UILibrary/ASpacer.g.cs","Custom-only","Build-or-runtime-review","3129",,"F5A69DB16958834BB23755E60D637754E7B598B4C1129A3ECFAEB79D089FA44B",
"obj/Release/net8.0-windows/win-x64/UILibrary/ATitle.baml","Custom-only","Build-or-runtime-review","2182",,"0D9B3A63E93BADCB975D9C3A26018930D07216FBD9C31193FF479F3BB9A63A94",
"obj/Release/net8.0-windows/win-x64/UILibrary/ATitle.g.cs","Custom-only","Build-or-runtime-review","4691",,"10C36EF771BC75D222976E159ABD5DA514E054B4DD0F2BF33254A949D92EFA91",
"obj/Release/net8.0-windows/win-x64/UILibrary/AToggle.baml","Custom-only","Build-or-runtime-review","2223",,"30858DA2C435C47A03A5BC54D2658C31D676621E3CCB83D436B06CF776FF4964",
"obj/Release/net8.0-windows/win-x64/UILibrary/AToggle.g.cs","Custom-only","Build-or-runtime-review","5598",,"D5BA34876C1BB7BEB2C5424058E111710AA966FAD5D1D23E1B77909AB42FC912",
"obj/Release/net8.0-windows/win-x64/UISections/AboutMenuControl.baml","Custom-only","Build-or-runtime-review","4798",,"A2BFACE775F398FB476BDD4F623BC32B013E88D44138B5B8946A09C0E703012D",
"obj/Release/net8.0-windows/win-x64/UISections/AboutMenuControl.g.cs","Custom-only","Build-or-runtime-review","9453",,"63C7DDF316CFCDA10BA72A7D5CC152FD034EE4EC2CD0CD9BCA0FCAFFFA51B7A5",
"obj/Release/net8.0-windows/win-x64/UISections/AimMenuControl.baml","Custom-only","Build-or-runtime-review","1436",,"93DBC9675AB993A819C1A2DB47B7CC3B546E61DB469FC461732989ED6BAFD7B1",
"obj/Release/net8.0-windows/win-x64/UISections/AimMenuControl.g.cs","Custom-only","Build-or-runtime-review","9116",,"0FC94C2865D55119B1276DD68F020C9774F6E2BB615BBE42653288B89F3355E4",
"obj/Release/net8.0-windows/win-x64/UISections/ModelMenuControl.baml","Custom-only","Build-or-runtime-review","5424",,"005BDD60A8CEDA73F80312353A18C6722E42230ECB504B961BF04F20EE9ED2B0",
"obj/Release/net8.0-windows/win-x64/UISections/ModelMenuControl.g.cs","Custom-only","Build-or-runtime-review","18477",,"310FFC16DC764041E33C66F4296D13C96EEA448E8EC91B167329DA50A096227B",
"obj/Release/net8.0-windows/win-x64/UISections/SettingsMenuControl.baml","Custom-only","Build-or-runtime-review","1666",,"024AAA5367C9C8201FC90515F3F836FD814D003DE89E933A6BF663ADE0E9B3F5",
"obj/Release/net8.0-windows/win-x64/UISections/SettingsMenuControl.g.cs","Custom-only","Build-or-runtime-review","7908",,"AA5BA9E1CB450E825BFFB20D2303FA0A4DCCAF2EA0DD278D6555ECD55ABF8733",
"obj/Release/net8.0-windows/win-x64/Visuality/ColorPicker.baml","Custom-only","Build-or-runtime-review","3430",,"D850D3B5E985F627FAED9F57CFBCF014198C691D00AF05AF9CB45743B3993C87",
"obj/Release/net8.0-windows/win-x64/Visuality/ColorPicker.g.cs","Custom-only","Build-or-runtime-review","7333",,"7C33B4669331EBE5CB0D50A6101217BB5DF7F8D23EF85BA8512FC4A9FEB97E2C",
"obj/Release/net8.0-windows/win-x64/Visuality/ConfigSaver.baml","Custom-only","Build-or-runtime-review","4829",,"B27A7808F3533A221E6C4A179CA49B18BF7236BF5FFBE14A28111D37F4237AB5",
"obj/Release/net8.0-windows/win-x64/Visuality/ConfigSaver.g.cs","Custom-only","Build-or-runtime-review","10544",,"EA2BF05FE9107889C594C99620C5DC75F90B1D4AC4956CF85E56D9C58184CEE3",
"obj/Release/net8.0-windows/win-x64/Visuality/CrosshairWindow.baml","Custom-only","Build-or-runtime-review","1447",,"90E24AC9FC37445A59B24311A4F0300A94B11BAC8C0C7DDF36A0FEE484182EB5",
"obj/Release/net8.0-windows/win-x64/Visuality/CrosshairWindow.g.cs","Custom-only","Build-or-runtime-review","3637",,"E9CE7D4A372F9E94EC9D63E867E36370D03D8B65AD13B23F9A8574EF1BCA748C",
"obj/Release/net8.0-windows/win-x64/Visuality/DetectedPlayerWindow.baml","Custom-only","Build-or-runtime-review","1792",,"C210FA5D799C884B431BF4F7456A89D029A7A5B7BBEAA22FB13F7AC11AAAA0C2",
"obj/Release/net8.0-windows/win-x64/Visuality/DetectedPlayerWindow.g.cs","Custom-only","Build-or-runtime-review","5427",,"12D81AEE8877D07A0A9B7C10480EDE8079510F4F054176EB95A4027FCBD41F65",
"obj/Release/net8.0-windows/win-x64/Visuality/DetectedScopeWindow.baml","Custom-only","Build-or-runtime-review","1863",,"EC09705775AE16252F08F0F75A1696C51845DA718B3817021AB03398662DFA33",
"obj/Release/net8.0-windows/win-x64/Visuality/DetectedScopeWindow.g.cs","Custom-only","Build-or-runtime-review","5046",,"6599EEEC930FF48D1E8D1C2E53509EE13EEF5ABF11A6FCB6B09F80396FB2E945",
"obj/Release/net8.0-windows/win-x64/Visuality/FOV.baml","Custom-only","Build-or-runtime-review","1624",,"9375881AD682CB0361AFB589F515A4082BFB485F8EC77232B62BFBCDA77E7B8B",
"obj/Release/net8.0-windows/win-x64/Visuality/FOV.g.cs","Custom-only","Build-or-runtime-review","4463",,"D2FA0F88C0CFC7E501F116B7256AC8CC196B2838873F2C93FC17F352CE7676F4",
"obj/Release/net8.0-windows/win-x64/Visuality/NoticeBar.baml","Custom-only","Build-or-runtime-review","3104",,"58041D1FD1F5E09996780607BE83A3842D6E394E2346E04FF7728077D123D3AC",
"obj/Release/net8.0-windows/win-x64/Visuality/NoticeBar.g.cs","Custom-only","Build-or-runtime-review","3632",,"A87C57FC13FD36C28029AF3C2B41BDFFEF97187427FCD551EA656F57ED1B7984",
"obj/Release/net8.0-windows/win-x64/Visuality/RegionSelectorWindow.baml","Custom-only","Build-or-runtime-review","2049",,"D7B349DCA9E3D760B490312F138038001C3C53B2EA299229262737E4A2BAD8CC",
"obj/Release/net8.0-windows/win-x64/Visuality/RegionSelectorWindow.g.cs","Custom-only","Build-or-runtime-review","7305",,"377C3AB1843E25813047942AAF73CC6FE5EE1ECBEA84F15084D25628B0FB47E8",
"obj/Release/net8.0-windows/win-x64/Visuality/Resources.baml","Custom-only","Build-or-runtime-review","2516",,"0E88EEF44018CA549AEBC2E907DA6A96BD09BB086A17B0A0986C012A05D6C5C6",
"obj/x64/Debug/.NETCoreApp,Version=v8.0.AssemblyAttributes.cs","Custom-only","Build-or-runtime-review","198",,"F7A5D9789C863625E139FF99E1113A503830F6B85A88F6129916DF83AC76B49E",
"obj/x64/Debug/Aimmy2.AssemblyInfo.cs","Custom-only","Build-or-runtime-review","1214",,"32A30F736F9934F8B4ED49A6167BF6C5851C277B98249ED75D5BC05F10314ADE",
"obj/x64/Debug/Aimmy2.AssemblyInfoInputs.cache","Custom-only","Build-or-runtime-review","66",,"EE2BA798D98A40FD406B8B8098EE9E6B4A81A773421FEDB1AE5834619C6BF72D",
"obj/x64/Debug/Aimmy2.assets.cache","Custom-only","Build-or-runtime-review","37812",,"45F48FCA7FAB931EEBF0120CF7CBFB2455981F6AF0EB256E3598CA198C9E2B53",
"obj/x64/Debug/Aimmy2.csproj.AssemblyReference.cache","Custom-only","Build-or-runtime-review","9710",,"C5C079F318294EA4E91D84CC0D533CCC451FCA391D90A8E300C020164DE34302",
"obj/x64/Debug/Aimmy2.csproj.BuildWithSkipAnalyzers","Custom-only","Build-or-runtime-review","0",,"E3B0C44298FC1C149AFBF4C8996FB92427AE41E4649B934CA495991B7852B855",
"obj/x64/Debug/Aimmy2.csproj.CoreCompileInputs.cache","Custom-only","Build-or-runtime-review","66",,"7E89E47102528C186BFFB6D0301C31FB08C9F03D14CE8B00CDFB3286E7AEC150",
"obj/x64/Debug/Aimmy2.csproj.FileListAbsolute.txt","Custom-only","Build-or-runtime-review","13868",,"1062CB566D889F4DCDAB13DE3A40FA1765B6884C94B5884B5F2B830860E4BC5E",
"obj/x64/Debug/Aimmy2.csproj.Fody.CopyLocal.cache","Custom-only","Build-or-runtime-review","1073",,"0A477F870DF2EF8D831BF9946614C4CD9E470961BAD5DE5C0EF056FB557555DE",
"obj/x64/Debug/Aimmy2.csproj.Fody.RuntimeCopyLocal.cache","Custom-only","Build-or-runtime-review","3255",,"9A306FAFE26D74C0E9B13490E31137F2BB948BEBFB6EE1B4D2538AA402B971D6",
"obj/x64/Debug/Aimmy2.csproj.Up2Date","Custom-only","Build-or-runtime-review","0",,"E3B0C44298FC1C149AFBF4C8996FB92427AE41E4649B934CA495991B7852B855",
"obj/x64/Debug/Aimmy2.GeneratedMSBuildEditorConfig.editorconfig","Custom-only","Build-or-runtime-review","1560",,"4CFF701F6C3296C2187390A055848C2B325B509131159E19671CC310D10C9F02",
"obj/x64/Debug/Aimmy2.genruntimeconfig.cache","Custom-only","Build-or-runtime-review","66",,"EF66B228CA19FBDBB59069CCF0DF103E529241747D037415B05064FC5B3EB3A5",
"obj/x64/Debug/Aimmy2.GlobalUsings.g.cs","Custom-only","Build-or-runtime-review","183",,"FE45EA572AADFD1A9B54CF7251405CFA11B748CA88B034F06A724D49758CED2D",
"obj/x64/Debug/App.baml","Custom-only","Build-or-runtime-review","25902",,"071288F4E0DAA74CFDFDDDF791546FDDF6D5FCBDC4393F84355396C8328A1CB1",
"obj/x64/Debug/App.g.cs","Custom-only","Build-or-runtime-review","2613",,"AF7C9947B061D6CCADAB33370B71A2627CD959BC5A0335EAC88A1D2E9CF291CF",
"obj/x64/Debug/App.g.i.cs","Custom-only","Build-or-runtime-review","2653",,"025C56CF5E5401C173C896D4D62FD42FEF6E44F25BE2AF3B89BFC2D7D9505CC8",
"obj/x64/Debug/apphost.exe","Custom-only","Build-or-runtime-review","186368",,"5007BCF6FE902135027857AAD7C6149596BB6A108BA386AAC0820CEBBC0C0BCB",
"obj/x64/Debug/Costura/0422904D0F3BECE42D3F9D4C4597685CAD701DEE.costura.vortice.mathematics.dll.compressed","Custom-only","Build-or-runtime-review","48054",,"09AE97CE9595178440D948925FCF57C758B9EC746675073FD5EBFCCA595C776F",
"obj/x64/Debug/Costura/1A0E397F6EC5D0585AF6089D3CE86711B9162ED7.costura.microsoft.xaml.behaviors.pdb.compressed","Custom-only","Build-or-runtime-review","118452",,"4ECDC1C7B638A7AC599B574AFACE394F6FE92391CB353B82D9660054E13582DB",
"obj/x64/Debug/Costura/1E6CEDCC37F982F7372163A7B9DCB077E198600D.costura.materialdesignthemes.wpf.dll.compressed","Custom-only","Build-or-runtime-review","3034188",,"7C032C118E41A6FC2D9BD1ACDB670CE4401B1277F2CCFE06311C2157504841D3",
"obj/x64/Debug/Costura/31531EEA4711CF48D5E834FF92738769389EE1CD.costura.costura.dll.compressed","Custom-only","Build-or-runtime-review","2287",,"5FEDFADF4EB8652F8CDE60A3DD61FEF6DC4844314C5AC4DE066DABA6430CEB48",
"obj/x64/Debug/Costura/3501061214FB5B3143E584831CFF8D3C7216DC70.costura.supercluster.kdtree.dll.compressed","Custom-only","Build-or-runtime-review","7057",,"78C441239F2998AF8CB9717EBB4A6749F603F9A3E57DBEDA1DA73621852B4FBA",
"obj/x64/Debug/Costura/4DE073819643DE254B17CB83360E10E74EB57F0E.costura.costura.pdb.compressed","Custom-only","Build-or-runtime-review","4477",,"56DC94E1B6121B905CC66C53D374C0491A56F800FB7A4B23BDA75DE048B152FC",
"obj/x64/Debug/Costura/605FAC68335FD692A666F5E560299F4851CA1CC1.costura.sharpgen.runtime.dll.compressed","Custom-only","Build-or-runtime-review","36571",,"591325B5C8119FAAC882CE5FD990C4D1C206533A383442AA209CF832F578BFD2",
"obj/x64/Debug/Costura/63BC35A0C27BB49E31012F55BA3E40145B0EA87C.costura.microsoft.xaml.behaviors.dll.compressed","Custom-only","Build-or-runtime-review","64817",,"883D846D53AB562265D62C909ACD6E0368F73819B880430C533610C029E964F1",
"obj/x64/Debug/Costura/64244D464BD1EDE5EC94B327D120449636B68063.costura.gma.system.mousekeyhook.dll.compressed","Custom-only","Build-or-runtime-review","22119",,"13EB746F7777CEE4378378246823D04276DC9501C7972DFC5E7D187DDC157AAA",
"obj/x64/Debug/Costura/7A3852DE44FE5F91E883B5B9C3FBA3FB39F02A8E.costura.vortice.direct3d12.dll.compressed","Custom-only","Build-or-runtime-review","182837",,"24925EE9320AA65A49AF381BF62CDD9ECFF6079CEFA58627363C24247CB304F6",
"obj/x64/Debug/Costura/8EFC1CBC86DF4C61CACA4D49DE938D7F8580C90C.costura.tensorrtsharp.dll.compressed","Custom-only","Build-or-runtime-review","53454",,"3D34777B722F636592D11D189F04671C6C1F4A227AFAD72D93AE61258E297014",
"obj/x64/Debug/Costura/9D0227A32A2A74C8F105A5015C25BCEE6EB787F4.costura.system.text.encodings.web.dll.compressed","Custom-only","Build-or-runtime-review","31601",,"6F6D0D26502994B450CECFCFE96B6BA959CD79D3B7AA112FFF640E02E8C5EC09",
"obj/x64/Debug/Costura/A492390F5479F4060C7E9F63B6BF30DEAC17DB84.costura.materialdesigncolors.dll.compressed","Custom-only","Build-or-runtime-review","43959",,"F72792E48727C230A8663E4D7977F7F775A68701712A0CBD8F63134FDF4C7026",
"obj/x64/Debug/Costura/BCD40968EBA6D4DF369C7E567AFEEC5369CE09CA.costura.system.codedom.dll.compressed","Custom-only","Build-or-runtime-review","71608",,"671D9DFC814C58E3B1B61932859C06A91A241ECF0F9F89C74CFB4805A3815FF9",
"obj/x64/Debug/Costura/C15A71BDB01E27B6529569715B6195E7FE304BE1.costura.vortice.direct3d11.dll.compressed","Custom-only","Build-or-runtime-review","118653",,"EBED7F26C0649D3A7A238A67A74325D3E49B2B58F63525B4DF92AE38010D0240",
"obj/x64/Debug/Costura/C7344AFCDACED6911AB5288B0ADE76F66DD41203.costura.winrt.runtime.dll.compressed","Custom-only","Build-or-runtime-review","187315",,"7EADE7B01311E72F8CB72A670C4EDC30C7DCCDE623FA634035AAC3986C39D792",
"obj/x64/Debug/Costura/CADFD587E7D2F3E6533328FC5D85FFD71B27E978.costura.sharpgen.runtime.com.dll.compressed","Custom-only","Build-or-runtime-review","72327",,"A9D7730FC24D8C70A0D5228EA9076B72E1AB74A0A296B5645B2656A9996A5A04",
"obj/x64/Debug/Costura/CE8664DA8AF4B0084D75EA4F5A2EFA3BE1FEB72D.costura.microsoft.ml.onnxruntime.pdb.compressed","Custom-only","Build-or-runtime-review","36645",,"8B0499FFE4CB5B27639A7BE28DA9EE715EB8E401AA249E3D3DF7575CB168AE65",
"obj/x64/Debug/Costura/D0756172C50CEDD0C9332F158882137622C2C167.costura.system.io.pipelines.dll.compressed","Custom-only","Build-or-runtime-review","38358",,"5113A4169AEF3C3F1444E48204B93F556CEAFB2B60EC61825D773AC210DF4B05",
"obj/x64/Debug/Costura/D948F74B30DA3DF7354478FEE608A7B675DF539D.costura.system.numerics.tensors.dll.compressed","Custom-only","Build-or-runtime-review","132052",,"A53C5B4AA0D6F726F9FD6DC94E293D549818E963C57B40D522B8533EA7AA1B9B",
"obj/x64/Debug/Costura/E06B572053122C09C0549D86388B302D20FA1930.costura.vortice.dxgi.dll.compressed","Custom-only","Build-or-runtime-review","37445",,"46B5A105D1C3EB92D0CBC6169D641AC2AB19E4B122F520C1165764FB22D70401",
"obj/x64/Debug/Costura/E909E08DB5A6226AE12371BCF8A58390DA09BBD8.costura.vortice.mathematics.pdb.compressed","Custom-only","Build-or-runtime-review","29797",,"1A1709E0E9C0D5DA8552B97532D9C774ACA7F9EB3C00E6341D5F2DE87E178425",
"obj/x64/Debug/Costura/EB57D8D9B8C1E4434044C28B608113E49D53CCF9.costura.microsoft.windows.sdk.net.dll.compressed","Custom-only","Build-or-runtime-review","6434849",,"0D878256043AE2ABC5AE577C60F6968409D1CB57054D3674B258E81E4729C599",
"obj/x64/Debug/Costura/ECF0B198C97AD84082EB3057918993D2A00D87B0.costura.vortice.directx.dll.compressed","Custom-only","Build-or-runtime-review","143883",,"38A8A83D0A69648D9EF6D93DC42BFAF7EC3C483973BE948CC956B4D0D48B2D8F",
"obj/x64/Debug/Costura/F19C6AD762EA5A702A79C51282F858205DD684ED.costura.microsoft.ml.onnxruntime.dll.compressed","Custom-only","Build-or-runtime-review","93744",,"27C7832B98480C571027EB8D7B7600A6B9B0737F164A9C59F9B30BE94DDB5783",
"obj/x64/Debug/Costura/F2D7F1DDE295000855372F6EEBB991F43397C6BA.costura.xamlradialprogressbar.dll.compressed","Custom-only","Build-or-runtime-review","10880",,"E1948CF11A67843497AB01C0999D94EF4E8FB58A28DA6EA33B0A3F2570A67AB9",
"obj/x64/Debug/Costura/F387C00DD7C9A5E38C0DB6B9141DB74DA433103A.costura.antwpf.dll.compressed","Custom-only","Build-or-runtime-review","277104",,"3650391C62B581ABD01FCEC8A795DA1704DB37C46F4148ADEDAAFB5F3B00F8D6",
"obj/x64/Debug/Costura/F89AC5753DB55F75602ADC28E204031878EB91E6.costura.system.text.json.dll.compressed","Custom-only","Build-or-runtime-review","237550",,"773E65E8F00D1EFF600BD10BC7A5BCA13DD776817A7E1BC152B1258881D20455",
"obj/x64/Debug/Costura/FCF801C0915CB47F400C74B1B459EB55FF4A5F9D.costura.newtonsoft.json.dll.compressed","Custom-only","Build-or-runtime-review","278020",,"1E0697DCF002DC0CC6BD0C68AE823505ABD09AA9251DCC550C7860FFFA159231",
"obj/x64/Debug/Costura/FDE33E12D5C01C72E42DD36A33F1E3DC541B8384.costura.system.management.dll.compressed","Custom-only","Build-or-runtime-review","29549",,"4A98CAAE344E1C0F7067FFE8CDBB52B8601CD08BF581B3129C784E4343C3617E",
"obj/x64/Debug/CouldBeAimmyV2_Content.g.cs","Custom-only","Build-or-runtime-review","3576",,"EC453552A21B51127A1AF5A73E70DD13FEC5A5DF4D2F64E8234FC9FC0B55BA52",
"obj/x64/Debug/CouldBeAimmyV2_Content.g.i.cs","Custom-only","Build-or-runtime-review","3616",,"139ABDF6A58E865C82058B98102D268932A043B9ADBE168E5E817B1F307ECBC0",
"obj/x64/Debug/CouldBeAimmyV2_MarkupCompile.cache","Custom-only","Build-or-runtime-review","1435",,"7C65DEDEA5A7A8CDA29923E0EFCD33F0EC9BCD93DE0C7DF15E5A23622860F757",
"obj/x64/Debug/CouldBeAimmyV2_MarkupCompile.i.cache","Custom-only","Build-or-runtime-review","1435",,"E93A8DFD89149464359A2B53A86004155CD244883C6121F091C4CF07B5C32A25",
"obj/x64/Debug/CouldBeAimmyV2_MarkupCompile.lref","Custom-only","Build-or-runtime-review","1818",,"93D0C893B2117B83C94314D59BBD90AAB5051F9BDD70C1108C7F57BBC15BF6C2",
"obj/x64/Debug/CouldBeAimmyV2.dll","Custom-only","Build-or-runtime-review","14708224",,"76AB30251C3054FC3C47513B14425CE8FBE2397315AB44B4B188D6866EA77E99",
"obj/x64/Debug/CouldBeAimmyV2.g.resources","Custom-only","Build-or-runtime-review","2165050",,"C08AA532D735AE0D4584FA59ACFB867A0BB3344085D54D62E506780CB31F8D0F",
"obj/x64/Debug/ExitConfirmationWindow.baml","Custom-only","Build-or-runtime-review","3812",,"91DA5EA9BA3F5140339BE8EABAAAA34876E9AA777F667848CAFF6464917894C2",
"obj/x64/Debug/ExitConfirmationWindow.g.cs","Custom-only","Build-or-runtime-review","4107",,"0D04DA6F64C09CBC2D028E682CF6CB9781D72736DD9C77265E3EAEDD12DE34E3",
"obj/x64/Debug/ExitConfirmationWindow.g.i.cs","Custom-only","Build-or-runtime-review","4147",,"41019BA30FE3AF1784266441BF3C3DAB76F48E0D117BE6C2E5142B99E92E1685",
"obj/x64/Debug/GeneratedInternalTypeHelper.g.cs","Custom-only","Build-or-runtime-review","7",,"60116575BB1B6772ED22BA93BFA53BEF0A772667DA1812C1C3FC0A46CD93BC3E",
"obj/x64/Debug/GeneratedInternalTypeHelper.g.i.cs","Custom-only","Build-or-runtime-review","2999",,"6FF935727CC49AEBA84B53CC9CAB0E7E8F05E9299D60F9F6BCC3101179DEBC20",
"obj/x64/Debug/MainWindow.baml","Custom-only","Build-or-runtime-review","7640",,"4382E247D86DEE466E01A90658EF243D026B4B319C72DFE1B0182BB09B102196",
"obj/x64/Debug/MainWindow.g.cs","Custom-only","Build-or-runtime-review","12980",,"46960AD319E0466E89FE1ABCEDB941ACAB2FB6E4B7E0FA0C3DAEA3022279E8CA",
"obj/x64/Debug/MainWindow.g.i.cs","Custom-only","Build-or-runtime-review","13020",,"01B5153743EB0317A583E956E53CA68E4780F09076704171E3A9EEF661EE5310",
"obj/x64/Debug/MouseMovementLibraries/GHubSupport/LGDownloader.baml","Custom-only","Build-or-runtime-review","4927",,"7446B23C578347263B8D8B307ADE2CD563C65E1F3DEA7853F2B59C32A2081245",
"obj/x64/Debug/MouseMovementLibraries/GHubSupport/LGDownloader.g.cs","Custom-only","Build-or-runtime-review","8141",,"F56D0FB401691A6DB0EFED669FBC051E0DDE303B9F4384EE6D265800598A9DE8",
"obj/x64/Debug/MouseMovementLibraries/GHubSupport/LGDownloader.g.i.cs","Custom-only","Build-or-runtime-review","8179",,"C1AA14BF4F8BC5B88C8CFEA5EFF56C02028A26E8984DCC00AD3755D199639843",
"obj/x64/Debug/net8.0-windows/.NETCoreApp,Version=v8.0.AssemblyAttributes.cs","Custom-only","Build-or-runtime-review","198",,"F7A5D9789C863625E139FF99E1113A503830F6B85A88F6129916DF83AC76B49E",
"obj/x64/Debug/net8.0-windows/Aimmy2_04h2kf3w_wpftmp.AssemblyInfo.cs","Custom-only","Build-or-runtime-review","1174",,"C2EE451CD149B2DEC17A341AD1D3BF0A44858776D43EDF436A126C6AAE80D41C",
"obj/x64/Debug/net8.0-windows/Aimmy2_04h2kf3w_wpftmp.AssemblyInfoInputs.cache","Custom-only","Build-or-runtime-review","66",,"1FED0A160B24DC1F879F46CA141E0188509F20AA0E1E75E0118772B9216E8C62",
"obj/x64/Debug/net8.0-windows/Aimmy2_04h2kf3w_wpftmp.assets.cache","Custom-only","Build-or-runtime-review","36246",,"61D0A9A1E01204A564060AB7E2FFCC709BB974886BCE242CB05595319998AAFA",
"obj/x64/Debug/net8.0-windows/Aimmy2_04h2kf3w_wpftmp.csproj.BuildWithSkipAnalyzers","Custom-only","Build-or-runtime-review","0",,"E3B0C44298FC1C149AFBF4C8996FB92427AE41E4649B934CA495991B7852B855",
"obj/x64/Debug/net8.0-windows/Aimmy2_04h2kf3w_wpftmp.GeneratedMSBuildEditorConfig.editorconfig","Custom-only","Build-or-runtime-review","819",,"3EF9182B52BEC39BB699BFEDA752F9503391A74FEF47E0F28DE1EF6BBECF8217",
"obj/x64/Debug/net8.0-windows/Aimmy2_04h2kf3w_wpftmp.GlobalUsings.g.cs","Custom-only","Build-or-runtime-review","183",,"FE45EA572AADFD1A9B54CF7251405CFA11B748CA88B034F06A724D49758CED2D",
"obj/x64/Debug/net8.0-windows/Aimmy2_04qnv43n_wpftmp.AssemblyInfo.cs","Custom-only","Build-or-runtime-review","1174",,"C2EE451CD149B2DEC17A341AD1D3BF0A44858776D43EDF436A126C6AAE80D41C",
"obj/x64/Debug/net8.0-windows/Aimmy2_04qnv43n_wpftmp.AssemblyInfoInputs.cache","Custom-only","Build-or-runtime-review","66",,"1FED0A160B24DC1F879F46CA141E0188509F20AA0E1E75E0118772B9216E8C62",
"obj/x64/Debug/net8.0-windows/Aimmy2_04qnv43n_wpftmp.assets.cache","Custom-only","Build-or-runtime-review","36246",,"A03E82F8816BD5C9601712A1239826C497A80C4D05F08CBAF3D9E301B482C734",
"obj/x64/Debug/net8.0-windows/Aimmy2_04qnv43n_wpftmp.csproj.BuildWithSkipAnalyzers","Custom-only","Build-or-runtime-review","0",,"E3B0C44298FC1C149AFBF4C8996FB92427AE41E4649B934CA495991B7852B855",
"obj/x64/Debug/net8.0-windows/Aimmy2_04qnv43n_wpftmp.GeneratedMSBuildEditorConfig.editorconfig","Custom-only","Build-or-runtime-review","819",,"3EF9182B52BEC39BB699BFEDA752F9503391A74FEF47E0F28DE1EF6BBECF8217",
"obj/x64/Debug/net8.0-windows/Aimmy2_04qnv43n_wpftmp.GlobalUsings.g.cs","Custom-only","Build-or-runtime-review","183",,"FE45EA572AADFD1A9B54CF7251405CFA11B748CA88B034F06A724D49758CED2D",
"obj/x64/Debug/net8.0-windows/Aimmy2_05oonwn5_wpftmp.AssemblyInfo.cs","Custom-only","Build-or-runtime-review","1174",,"C2EE451CD149B2DEC17A341AD1D3BF0A44858776D43EDF436A126C6AAE80D41C",
"obj/x64/Debug/net8.0-windows/Aimmy2_05oonwn5_wpftmp.AssemblyInfoInputs.cache","Custom-only","Build-or-runtime-review","66",,"1FED0A160B24DC1F879F46CA141E0188509F20AA0E1E75E0118772B9216E8C62",
"obj/x64/Debug/net8.0-windows/Aimmy2_05oonwn5_wpftmp.assets.cache","Custom-only","Build-or-runtime-review","36246",,"E4666971E88F2A35AE68897FDBDEC19786A514E916E8BFF7BAE35A9FF5817DDD",
"obj/x64/Debug/net8.0-windows/Aimmy2_05oonwn5_wpftmp.csproj.BuildWithSkipAnalyzers","Custom-only","Build-or-runtime-review","0",,"E3B0C44298FC1C149AFBF4C8996FB92427AE41E4649B934CA495991B7852B855",
"obj/x64/Debug/net8.0-windows/Aimmy2_05oonwn5_wpftmp.GeneratedMSBuildEditorConfig.editorconfig","Custom-only","Build-or-runtime-review","819",,"3EF9182B52BEC39BB699BFEDA752F9503391A74FEF47E0F28DE1EF6BBECF8217",
"obj/x64/Debug/net8.0-windows/Aimmy2_05oonwn5_wpftmp.GlobalUsings.g.cs","Custom-only","Build-or-runtime-review","183",,"FE45EA572AADFD1A9B54CF7251405CFA11B748CA88B034F06A724D49758CED2D",
"obj/x64/Debug/net8.0-windows/Aimmy2_05ua0k3t_wpftmp.AssemblyInfo.cs","Custom-only","Build-or-runtime-review","1174",,"C2EE451CD149B2DEC17A341AD1D3BF0A44858776D43EDF436A126C6AAE80D41C",
"obj/x64/Debug/net8.0-windows/Aimmy2_05ua0k3t_wpftmp.AssemblyInfoInputs.cache","Custom-only","Build-or-runtime-review","66",,"1FED0A160B24DC1F879F46CA141E0188509F20AA0E1E75E0118772B9216E8C62",
"obj/x64/Debug/net8.0-windows/Aimmy2_05ua0k3t_wpftmp.assets.cache","Custom-only","Build-or-runtime-review","36246",,"34A39726BF5673396465A93F0784482870D47BEA12AFDD4D6EDB2BFC87529AB7",
"obj/x64/Debug/net8.0-windows/Aimmy2_05ua0k3t_wpftmp.csproj.BuildWithSkipAnalyzers","Custom-only","Build-or-runtime-review","0",,"E3B0C44298FC1C149AFBF4C8996FB92427AE41E4649B934CA495991B7852B855",
"obj/x64/Debug/net8.0-windows/Aimmy2_05ua0k3t_wpftmp.GeneratedMSBuildEditorConfig.editorconfig","Custom-only","Build-or-runtime-review","819",,"3EF9182B52BEC39BB699BFEDA752F9503391A74FEF47E0F28DE1EF6BBECF8217",
"obj/x64/Debug/net8.0-windows/Aimmy2_05ua0k3t_wpftmp.GlobalUsings.g.cs","Custom-only","Build-or-runtime-review","183",,"FE45EA572AADFD1A9B54CF7251405CFA11B748CA88B034F06A724D49758CED2D",
"obj/x64/Debug/net8.0-windows/Aimmy2_0ebxrogc_wpftmp.AssemblyInfo.cs","Custom-only","Build-or-runtime-review","1174",,"C2EE451CD149B2DEC17A341AD1D3BF0A44858776D43EDF436A126C6AAE80D41C",
"obj/x64/Debug/net8.0-windows/Aimmy2_0ebxrogc_wpftmp.AssemblyInfoInputs.cache","Custom-only","Build-or-runtime-review","66",,"1FED0A160B24DC1F879F46CA141E0188509F20AA0E1E75E0118772B9216E8C62",
"obj/x64/Debug/net8.0-windows/Aimmy2_0ebxrogc_wpftmp.assets.cache","Custom-only","Build-or-runtime-review","36246",,"FEE2851192107C697374DBAE91DD590FA7E42A1F741A0C29993836877F8015E3",
"obj/x64/Debug/net8.0-windows/Aimmy2_0ebxrogc_wpftmp.csproj.BuildWithSkipAnalyzers","Custom-only","Build-or-runtime-review","0",,"E3B0C44298FC1C149AFBF4C8996FB92427AE41E4649B934CA495991B7852B855",
"obj/x64/Debug/net8.0-windows/Aimmy2_0ebxrogc_wpftmp.GeneratedMSBuildEditorConfig.editorconfig","Custom-only","Build-or-runtime-review","1089",,"CC748429AEA0ACF5AEA2FB723D077EF8D4DEE0BE87B2A471315C2527C73E7F58",
"obj/x64/Debug/net8.0-windows/Aimmy2_0ebxrogc_wpftmp.GlobalUsings.g.cs","Custom-only","Build-or-runtime-review","183",,"FE45EA572AADFD1A9B54CF7251405CFA11B748CA88B034F06A724D49758CED2D",
"obj/x64/Debug/net8.0-windows/Aimmy2_0gpifkc3_wpftmp.AssemblyInfo.cs","Custom-only","Build-or-runtime-review","1174",,"C2EE451CD149B2DEC17A341AD1D3BF0A44858776D43EDF436A126C6AAE80D41C",
"obj/x64/Debug/net8.0-windows/Aimmy2_0gpifkc3_wpftmp.AssemblyInfoInputs.cache","Custom-only","Build-or-runtime-review","66",,"1FED0A160B24DC1F879F46CA141E0188509F20AA0E1E75E0118772B9216E8C62",
"obj/x64/Debug/net8.0-windows/Aimmy2_0gpifkc3_wpftmp.assets.cache","Custom-only","Build-or-runtime-review","36246",,"FB09F2BDD8922F104B48D0491FD03DA5A8803A953AEC43FA7C46C1B1CF78A635",
"obj/x64/Debug/net8.0-windows/Aimmy2_0gpifkc3_wpftmp.GeneratedMSBuildEditorConfig.editorconfig","Custom-only","Build-or-runtime-review","819",,"3EF9182B52BEC39BB699BFEDA752F9503391A74FEF47E0F28DE1EF6BBECF8217",
"obj/x64/Debug/net8.0-windows/Aimmy2_0gpifkc3_wpftmp.GlobalUsings.g.cs","Custom-only","Build-or-runtime-review","183",,"FE45EA572AADFD1A9B54CF7251405CFA11B748CA88B034F06A724D49758CED2D",
"obj/x64/Debug/net8.0-windows/Aimmy2_0hzpniqa_wpftmp.AssemblyInfo.cs","Custom-only","Build-or-runtime-review","1174",,"C2EE451CD149B2DEC17A341AD1D3BF0A44858776D43EDF436A126C6AAE80D41C",
"obj/x64/Debug/net8.0-windows/Aimmy2_0hzpniqa_wpftmp.AssemblyInfoInputs.cache","Custom-only","Build-or-runtime-review","66",,"1FED0A160B24DC1F879F46CA141E0188509F20AA0E1E75E0118772B9216E8C62",
"obj/x64/Debug/net8.0-windows/Aimmy2_0hzpniqa_wpftmp.assets.cache","Custom-only","Build-or-runtime-review","36246",,"B37EF8984B5FAC01FE02384F5312B3F7B3C20F3321E68D0162445B26B37898DD",
"obj/x64/Debug/net8.0-windows/Aimmy2_0hzpniqa_wpftmp.GeneratedMSBuildEditorConfig.editorconfig","Custom-only","Build-or-runtime-review","819",,"3EF9182B52BEC39BB699BFEDA752F9503391A74FEF47E0F28DE1EF6BBECF8217",
"obj/x64/Debug/net8.0-windows/Aimmy2_0hzpniqa_wpftmp.GlobalUsings.g.cs","Custom-only","Build-or-runtime-review","183",,"FE45EA572AADFD1A9B54CF7251405CFA11B748CA88B034F06A724D49758CED2D",
"obj/x64/Debug/net8.0-windows/Aimmy2_0i5tlvkq_wpftmp.AssemblyInfo.cs","Custom-only","Build-or-runtime-review","1174",,"C2EE451CD149B2DEC17A341AD1D3BF0A44858776D43EDF436A126C6AAE80D41C",
"obj/x64/Debug/net8.0-windows/Aimmy2_0i5tlvkq_wpftmp.AssemblyInfoInputs.cache","Custom-only","Build-or-runtime-review","66",,"1FED0A160B24DC1F879F46CA141E0188509F20AA0E1E75E0118772B9216E8C62",
"obj/x64/Debug/net8.0-windows/Aimmy2_0i5tlvkq_wpftmp.assets.cache","Custom-only","Build-or-runtime-review","36246",,"3BDF761AE64EBB0A63FBD16A95FEB28700DDBC47359A1389D52C46DD1BB000AB",
"obj/x64/Debug/net8.0-windows/Aimmy2_0i5tlvkq_wpftmp.csproj.BuildWithSkipAnalyzers","Custom-only","Build-or-runtime-review","0",,"E3B0C44298FC1C149AFBF4C8996FB92427AE41E4649B934CA495991B7852B855",
"obj/x64/Debug/net8.0-windows/Aimmy2_0i5tlvkq_wpftmp.GeneratedMSBuildEditorConfig.editorconfig","Custom-only","Build-or-runtime-review","819",,"3EF9182B52BEC39BB699BFEDA752F9503391A74FEF47E0F28DE1EF6BBECF8217",
"obj/x64/Debug/net8.0-windows/Aimmy2_0i5tlvkq_wpftmp.GlobalUsings.g.cs","Custom-only","Build-or-runtime-review","183",,"FE45EA572AADFD1A9B54CF7251405CFA11B748CA88B034F06A724D49758CED2D",
"obj/x64/Debug/net8.0-windows/Aimmy2_0il0e4xa_wpftmp.AssemblyInfo.cs","Custom-only","Build-or-runtime-review","1174",,"C2EE451CD149B2DEC17A341AD1D3BF0A44858776D43EDF436A126C6AAE80D41C",
"obj/x64/Debug/net8.0-windows/Aimmy2_0il0e4xa_wpftmp.AssemblyInfoInputs.cache","Custom-only","Build-or-runtime-review","66",,"1FED0A160B24DC1F879F46CA141E0188509F20AA0E1E75E0118772B9216E8C62",
"obj/x64/Debug/net8.0-windows/Aimmy2_0il0e4xa_wpftmp.assets.cache","Custom-only","Build-or-runtime-review","36246",,"46BD2F5A1979AAC242723154FA98CD709BC8768EDE2DD70F57352FF773FDA097",
"obj/x64/Debug/net8.0-windows/Aimmy2_0il0e4xa_wpftmp.csproj.BuildWithSkipAnalyzers","Custom-only","Build-or-runtime-review","0",,"E3B0C44298FC1C149AFBF4C8996FB92427AE41E4649B934CA495991B7852B855",
"obj/x64/Debug/net8.0-windows/Aimmy2_0il0e4xa_wpftmp.GeneratedMSBuildEditorConfig.editorconfig","Custom-only","Build-or-runtime-review","819",,"3EF9182B52BEC39BB699BFEDA752F9503391A74FEF47E0F28DE1EF6BBECF8217",
"obj/x64/Debug/net8.0-windows/Aimmy2_0il0e4xa_wpftmp.GlobalUsings.g.cs","Custom-only","Build-or-runtime-review","183",,"FE45EA572AADFD1A9B54CF7251405CFA11B748CA88B034F06A724D49758CED2D",
"obj/x64/Debug/net8.0-windows/Aimmy2_0lw5nvcb_wpftmp.AssemblyInfo.cs","Custom-only","Build-or-runtime-review","1174",,"C2EE451CD149B2DEC17A341AD1D3BF0A44858776D43EDF436A126C6AAE80D41C",
"obj/x64/Debug/net8.0-windows/Aimmy2_0lw5nvcb_wpftmp.AssemblyInfoInputs.cache","Custom-only","Build-or-runtime-review","66",,"1FED0A160B24DC1F879F46CA141E0188509F20AA0E1E75E0118772B9216E8C62",
"obj/x64/Debug/net8.0-windows/Aimmy2_0lw5nvcb_wpftmp.assets.cache","Custom-only","Build-or-runtime-review","36246",,"5666231F39D731B35E1C05B8136B4E2DDCD1A5036964B387103BADF5A2EF0693",
"obj/x64/Debug/net8.0-windows/Aimmy2_0lw5nvcb_wpftmp.csproj.BuildWithSkipAnalyzers","Custom-only","Build-or-runtime-review","0",,"E3B0C44298FC1C149AFBF4C8996FB92427AE41E4649B934CA495991B7852B855",
"obj/x64/Debug/net8.0-windows/Aimmy2_0lw5nvcb_wpftmp.GeneratedMSBuildEditorConfig.editorconfig","Custom-only","Build-or-runtime-review","1149",,"98176DAE78CCB53DDE88AC657DFBA4937F1E53EC93DE7CDC1361C7885FEA94A9",
"obj/x64/Debug/net8.0-windows/Aimmy2_0lw5nvcb_wpftmp.GlobalUsings.g.cs","Custom-only","Build-or-runtime-review","183",,"FE45EA572AADFD1A9B54CF7251405CFA11B748CA88B034F06A724D49758CED2D",
"obj/x64/Debug/net8.0-windows/Aimmy2_0ma5n3fk_wpftmp.AssemblyInfo.cs","Custom-only","Build-or-runtime-review","1174",,"C2EE451CD149B2DEC17A341AD1D3BF0A44858776D43EDF436A126C6AAE80D41C",
"obj/x64/Debug/net8.0-windows/Aimmy2_0ma5n3fk_wpftmp.AssemblyInfoInputs.cache","Custom-only","Build-or-runtime-review","66",,"1FED0A160B24DC1F879F46CA141E0188509F20AA0E1E75E0118772B9216E8C62",
"obj/x64/Debug/net8.0-windows/Aimmy2_0ma5n3fk_wpftmp.assets.cache","Custom-only","Build-or-runtime-review","36246",,"4BACA90750A72DD4E24417A7D30F57334ED31A119C8F9FD9F3A19F0758064BFA",
"obj/x64/Debug/net8.0-windows/Aimmy2_0ma5n3fk_wpftmp.csproj.BuildWithSkipAnalyzers","Custom-only","Build-or-runtime-review","0",,"E3B0C44298FC1C149AFBF4C8996FB92427AE41E4649B934CA495991B7852B855",
"obj/x64/Debug/net8.0-windows/Aimmy2_0ma5n3fk_wpftmp.GeneratedMSBuildEditorConfig.editorconfig","Custom-only","Build-or-runtime-review","1149",,"98176DAE78CCB53DDE88AC657DFBA4937F1E53EC93DE7CDC1361C7885FEA94A9",
"obj/x64/Debug/net8.0-windows/Aimmy2_0ma5n3fk_wpftmp.GlobalUsings.g.cs","Custom-only","Build-or-runtime-review","183",,"FE45EA572AADFD1A9B54CF7251405CFA11B748CA88B034F06A724D49758CED2D",
"obj/x64/Debug/net8.0-windows/Aimmy2_0qmkyshx_wpftmp.AssemblyInfo.cs","Custom-only","Build-or-runtime-review","1174",,"C2EE451CD149B2DEC17A341AD1D3BF0A44858776D43EDF436A126C6AAE80D41C",
"obj/x64/Debug/net8.0-windows/Aimmy2_0qmkyshx_wpftmp.AssemblyInfoInputs.cache","Custom-only","Build-or-runtime-review","66",,"1FED0A160B24DC1F879F46CA141E0188509F20AA0E1E75E0118772B9216E8C62",
"obj/x64/Debug/net8.0-windows/Aimmy2_0qmkyshx_wpftmp.assets.cache","Custom-only","Build-or-runtime-review","36246",,"47F2B202FC73E2A832D6E6DC10ABB5370A2E2325C41C19827AFBC7C5FF0240B6",
"obj/x64/Debug/net8.0-windows/Aimmy2_0qmkyshx_wpftmp.csproj.BuildWithSkipAnalyzers","Custom-only","Build-or-runtime-review","0",,"E3B0C44298FC1C149AFBF4C8996FB92427AE41E4649B934CA495991B7852B855",
"obj/x64/Debug/net8.0-windows/Aimmy2_0qmkyshx_wpftmp.GeneratedMSBuildEditorConfig.editorconfig","Custom-only","Build-or-runtime-review","1149",,"82A2A9623CDA906D56014E452685D4E9051AC711A515221145F7E6D01B7596D9",
"obj/x64/Debug/net8.0-windows/Aimmy2_0qmkyshx_wpftmp.GlobalUsings.g.cs","Custom-only","Build-or-runtime-review","183",,"FE45EA572AADFD1A9B54CF7251405CFA11B748CA88B034F06A724D49758CED2D",
"obj/x64/Debug/net8.0-windows/Aimmy2_0qqkl2mh_wpftmp.AssemblyInfo.cs","Custom-only","Build-or-runtime-review","1174",,"C2EE451CD149B2DEC17A341AD1D3BF0A44858776D43EDF436A126C6AAE80D41C",
"obj/x64/Debug/net8.0-windows/Aimmy2_0qqkl2mh_wpftmp.AssemblyInfoInputs.cache","Custom-only","Build-or-runtime-review","66",,"1FED0A160B24DC1F879F46CA141E0188509F20AA0E1E75E0118772B9216E8C62",
"obj/x64/Debug/net8.0-windows/Aimmy2_0qqkl2mh_wpftmp.assets.cache","Custom-only","Build-or-runtime-review","36246",,"684E291D8AE398F2CE7F948BCEA2E8EDBF73E41C10B81566ABE0EAADC7989ACC",
"obj/x64/Debug/net8.0-windows/Aimmy2_0qqkl2mh_wpftmp.GeneratedMSBuildEditorConfig.editorconfig","Custom-only","Build-or-runtime-review","819",,"3EF9182B52BEC39BB699BFEDA752F9503391A74FEF47E0F28DE1EF6BBECF8217",
"obj/x64/Debug/net8.0-windows/Aimmy2_0qqkl2mh_wpftmp.GlobalUsings.g.cs","Custom-only","Build-or-runtime-review","183",,"FE45EA572AADFD1A9B54CF7251405CFA11B748CA88B034F06A724D49758CED2D",
"obj/x64/Debug/net8.0-windows/Aimmy2_0uazkauf_wpftmp.AssemblyInfo.cs","Custom-only","Build-or-runtime-review","1174",,"C2EE451CD149B2DEC17A341AD1D3BF0A44858776D43EDF436A126C6AAE80D41C",
"obj/x64/Debug/net8.0-windows/Aimmy2_0uazkauf_wpftmp.AssemblyInfoInputs.cache","Custom-only","Build-or-runtime-review","66",,"1FED0A160B24DC1F879F46CA141E0188509F20AA0E1E75E0118772B9216E8C62",
"obj/x64/Debug/net8.0-windows/Aimmy2_0uazkauf_wpftmp.assets.cache","Custom-only","Build-or-runtime-review","36246",,"3B20A2FBAC91E68B1860959B9800322F7FCA3CA5D1EC6151D21D794DCC7266CC",
"obj/x64/Debug/net8.0-windows/Aimmy2_0uazkauf_wpftmp.csproj.BuildWithSkipAnalyzers","Custom-only","Build-or-runtime-review","0",,"E3B0C44298FC1C149AFBF4C8996FB92427AE41E4649B934CA495991B7852B855",
"obj/x64/Debug/net8.0-windows/Aimmy2_0uazkauf_wpftmp.GeneratedMSBuildEditorConfig.editorconfig","Custom-only","Build-or-runtime-review","819",,"3EF9182B52BEC39BB699BFEDA752F9503391A74FEF47E0F28DE1EF6BBECF8217",
"obj/x64/Debug/net8.0-windows/Aimmy2_0uazkauf_wpftmp.GlobalUsings.g.cs","Custom-only","Build-or-runtime-review","183",,"FE45EA572AADFD1A9B54CF7251405CFA11B748CA88B034F06A724D49758CED2D",
"obj/x64/Debug/net8.0-windows/Aimmy2_0yejxcp1_wpftmp.AssemblyInfo.cs","Custom-only","Build-or-runtime-review","1174",,"C2EE451CD149B2DEC17A341AD1D3BF0A44858776D43EDF436A126C6AAE80D41C",
"obj/x64/Debug/net8.0-windows/Aimmy2_0yejxcp1_wpftmp.AssemblyInfoInputs.cache","Custom-only","Build-or-runtime-review","66",,"1FED0A160B24DC1F879F46CA141E0188509F20AA0E1E75E0118772B9216E8C62",
"obj/x64/Debug/net8.0-windows/Aimmy2_0yejxcp1_wpftmp.assets.cache","Custom-only","Build-or-runtime-review","36246",,"4759359602B3D8E4706AA8F23222E3C296870FB959FB56D161E3E4FA0DDA6E2A",
"obj/x64/Debug/net8.0-windows/Aimmy2_0yejxcp1_wpftmp.csproj.BuildWithSkipAnalyzers","Custom-only","Build-or-runtime-review","0",,"E3B0C44298FC1C149AFBF4C8996FB92427AE41E4649B934CA495991B7852B855",
"obj/x64/Debug/net8.0-windows/Aimmy2_0yejxcp1_wpftmp.GeneratedMSBuildEditorConfig.editorconfig","Custom-only","Build-or-runtime-review","1089",,"CC748429AEA0ACF5AEA2FB723D077EF8D4DEE0BE87B2A471315C2527C73E7F58",
"obj/x64/Debug/net8.0-windows/Aimmy2_0yejxcp1_wpftmp.GlobalUsings.g.cs","Custom-only","Build-or-runtime-review","183",,"FE45EA572AADFD1A9B54CF7251405CFA11B748CA88B034F06A724D49758CED2D",
"obj/x64/Debug/net8.0-windows/Aimmy2_0yzghlvj_wpftmp.AssemblyInfo.cs","Custom-only","Build-or-runtime-review","1174",,"C2EE451CD149B2DEC17A341AD1D3BF0A44858776D43EDF436A126C6AAE80D41C",
"obj/x64/Debug/net8.0-windows/Aimmy2_0yzghlvj_wpftmp.AssemblyInfoInputs.cache","Custom-only","Build-or-runtime-review","66",,"1FED0A160B24DC1F879F46CA141E0188509F20AA0E1E75E0118772B9216E8C62",
"obj/x64/Debug/net8.0-windows/Aimmy2_0yzghlvj_wpftmp.assets.cache","Custom-only","Build-or-runtime-review","36246",,"15DD7586BBE36D7A63BD2A803DADC2DE0F12675EFCAF03F1562BC4C6F0DDC452",
"obj/x64/Debug/net8.0-windows/Aimmy2_0yzghlvj_wpftmp.csproj.BuildWithSkipAnalyzers","Custom-only","Build-or-runtime-review","0",,"E3B0C44298FC1C149AFBF4C8996FB92427AE41E4649B934CA495991B7852B855",
"obj/x64/Debug/net8.0-windows/Aimmy2_0yzghlvj_wpftmp.GeneratedMSBuildEditorConfig.editorconfig","Custom-only","Build-or-runtime-review","1089",,"CC748429AEA0ACF5AEA2FB723D077EF8D4DEE0BE87B2A471315C2527C73E7F58",
"obj/x64/Debug/net8.0-windows/Aimmy2_0yzghlvj_wpftmp.GlobalUsings.g.cs","Custom-only","Build-or-runtime-review","183",,"FE45EA572AADFD1A9B54CF7251405CFA11B748CA88B034F06A724D49758CED2D",
"obj/x64/Debug/net8.0-windows/Aimmy2_0zfokfhg_wpftmp.AssemblyInfo.cs","Custom-only","Build-or-runtime-review","1174",,"C2EE451CD149B2DEC17A341AD1D3BF0A44858776D43EDF436A126C6AAE80D41C",
"obj/x64/Debug/net8.0-windows/Aimmy2_0zfokfhg_wpftmp.AssemblyInfoInputs.cache","Custom-only","Build-or-runtime-review","66",,"1FED0A160B24DC1F879F46CA141E0188509F20AA0E1E75E0118772B9216E8C62",
"obj/x64/Debug/net8.0-windows/Aimmy2_0zfokfhg_wpftmp.assets.cache","Custom-only","Build-or-runtime-review","36246",,"49A8E25629F8219148FE0E0CD31F2C38D2D46D409F13C3260D4696A5C7DB6050",
"obj/x64/Debug/net8.0-windows/Aimmy2_0zfokfhg_wpftmp.csproj.BuildWithSkipAnalyzers","Custom-only","Build-or-runtime-review","0",,"E3B0C44298FC1C149AFBF4C8996FB92427AE41E4649B934CA495991B7852B855",
"obj/x64/Debug/net8.0-windows/Aimmy2_0zfokfhg_wpftmp.GeneratedMSBuildEditorConfig.editorconfig","Custom-only","Build-or-runtime-review","1149",,"82A2A9623CDA906D56014E452685D4E9051AC711A515221145F7E6D01B7596D9",
"obj/x64/Debug/net8.0-windows/Aimmy2_0zfokfhg_wpftmp.GlobalUsings.g.cs","Custom-only","Build-or-runtime-review","183",,"FE45EA572AADFD1A9B54CF7251405CFA11B748CA88B034F06A724D49758CED2D",
"obj/x64/Debug/net8.0-windows/Aimmy2_11mm3kya_wpftmp.AssemblyInfo.cs","Custom-only","Build-or-runtime-review","1174",,"C2EE451CD149B2DEC17A341AD1D3BF0A44858776D43EDF436A126C6AAE80D41C",
"obj/x64/Debug/net8.0-windows/Aimmy2_11mm3kya_wpftmp.AssemblyInfoInputs.cache","Custom-only","Build-or-runtime-review","66",,"1FED0A160B24DC1F879F46CA141E0188509F20AA0E1E75E0118772B9216E8C62",
"obj/x64/Debug/net8.0-windows/Aimmy2_11mm3kya_wpftmp.assets.cache","Custom-only","Build-or-runtime-review","36246",,"5EF40DBD0EC348583D228C57FB9B5F84288F40983CB2D6380F227E8AA4FA1CEE",
"obj/x64/Debug/net8.0-windows/Aimmy2_11mm3kya_wpftmp.csproj.BuildWithSkipAnalyzers","Custom-only","Build-or-runtime-review","0",,"E3B0C44298FC1C149AFBF4C8996FB92427AE41E4649B934CA495991B7852B855",
"obj/x64/Debug/net8.0-windows/Aimmy2_11mm3kya_wpftmp.GeneratedMSBuildEditorConfig.editorconfig","Custom-only","Build-or-runtime-review","1087",,"C366639FD103F2DFAF1CEAC8F5F050E5B15FAA45E2DDDF371B29998033B4FDB2",
"obj/x64/Debug/net8.0-windows/Aimmy2_11mm3kya_wpftmp.GlobalUsings.g.cs","Custom-only","Build-or-runtime-review","183",,"FE45EA572AADFD1A9B54CF7251405CFA11B748CA88B034F06A724D49758CED2D",
"obj/x64/Debug/net8.0-windows/Aimmy2_1h33jjhe_wpftmp.AssemblyInfo.cs","Custom-only","Build-or-runtime-review","1174",,"C2EE451CD149B2DEC17A341AD1D3BF0A44858776D43EDF436A126C6AAE80D41C",
"obj/x64/Debug/net8.0-windows/Aimmy2_1h33jjhe_wpftmp.AssemblyInfoInputs.cache","Custom-only","Build-or-runtime-review","66",,"1FED0A160B24DC1F879F46CA141E0188509F20AA0E1E75E0118772B9216E8C62",
"obj/x64/Debug/net8.0-windows/Aimmy2_1h33jjhe_wpftmp.assets.cache","Custom-only","Build-or-runtime-review","36246",,"963DA975ACA76A2F1A4C7933388A13B57438E6E419A8F5590E4E6587542FE150",
"obj/x64/Debug/net8.0-windows/Aimmy2_1h33jjhe_wpftmp.csproj.BuildWithSkipAnalyzers","Custom-only","Build-or-runtime-review","0",,"E3B0C44298FC1C149AFBF4C8996FB92427AE41E4649B934CA495991B7852B855",
"obj/x64/Debug/net8.0-windows/Aimmy2_1h33jjhe_wpftmp.GeneratedMSBuildEditorConfig.editorconfig","Custom-only","Build-or-runtime-review","1087",,"C366639FD103F2DFAF1CEAC8F5F050E5B15FAA45E2DDDF371B29998033B4FDB2",
"obj/x64/Debug/net8.0-windows/Aimmy2_1h33jjhe_wpftmp.GlobalUsings.g.cs","Custom-only","Build-or-runtime-review","183",,"FE45EA572AADFD1A9B54CF7251405CFA11B748CA88B034F06A724D49758CED2D",
"obj/x64/Debug/net8.0-windows/Aimmy2_1mu5kyuy_wpftmp.AssemblyInfo.cs","Custom-only","Build-or-runtime-review","1174",,"C2EE451CD149B2DEC17A341AD1D3BF0A44858776D43EDF436A126C6AAE80D41C",
"obj/x64/Debug/net8.0-windows/Aimmy2_1mu5kyuy_wpftmp.AssemblyInfoInputs.cache","Custom-only","Build-or-runtime-review","66",,"1FED0A160B24DC1F879F46CA141E0188509F20AA0E1E75E0118772B9216E8C62",
"obj/x64/Debug/net8.0-windows/Aimmy2_1mu5kyuy_wpftmp.assets.cache","Custom-only","Build-or-runtime-review","36246",,"22E2BBFC22D6972344F3048EFBB9EC8BA236120B96D6B95ABA7816D085BE2C61",
"obj/x64/Debug/net8.0-windows/Aimmy2_1mu5kyuy_wpftmp.csproj.BuildWithSkipAnalyzers","Custom-only","Build-or-runtime-review","0",,"E3B0C44298FC1C149AFBF4C8996FB92427AE41E4649B934CA495991B7852B855",
"obj/x64/Debug/net8.0-windows/Aimmy2_1mu5kyuy_wpftmp.GeneratedMSBuildEditorConfig.editorconfig","Custom-only","Build-or-runtime-review","1089",,"CC748429AEA0ACF5AEA2FB723D077EF8D4DEE0BE87B2A471315C2527C73E7F58",
"obj/x64/Debug/net8.0-windows/Aimmy2_1mu5kyuy_wpftmp.GlobalUsings.g.cs","Custom-only","Build-or-runtime-review","183",,"FE45EA572AADFD1A9B54CF7251405CFA11B748CA88B034F06A724D49758CED2D",
"obj/x64/Debug/net8.0-windows/Aimmy2_1scq53e0_wpftmp.AssemblyInfo.cs","Custom-only","Build-or-runtime-review","1174",,"C2EE451CD149B2DEC17A341AD1D3BF0A44858776D43EDF436A126C6AAE80D41C",
"obj/x64/Debug/net8.0-windows/Aimmy2_1scq53e0_wpftmp.AssemblyInfoInputs.cache","Custom-only","Build-or-runtime-review","66",,"1FED0A160B24DC1F879F46CA141E0188509F20AA0E1E75E0118772B9216E8C62",
"obj/x64/Debug/net8.0-windows/Aimmy2_1scq53e0_wpftmp.assets.cache","Custom-only","Build-or-runtime-review","36246",,"21E9F535FA6A04E21CEA3CA6F6CD1941ED2D7E6C68A3033381C14AEF47117153",
"obj/x64/Debug/net8.0-windows/Aimmy2_1scq53e0_wpftmp.csproj.BuildWithSkipAnalyzers","Custom-only","Build-or-runtime-review","0",,"E3B0C44298FC1C149AFBF4C8996FB92427AE41E4649B934CA495991B7852B855",
"obj/x64/Debug/net8.0-windows/Aimmy2_1scq53e0_wpftmp.GeneratedMSBuildEditorConfig.editorconfig","Custom-only","Build-or-runtime-review","1149",,"98176DAE78CCB53DDE88AC657DFBA4937F1E53EC93DE7CDC1361C7885FEA94A9",
"obj/x64/Debug/net8.0-windows/Aimmy2_1scq53e0_wpftmp.GlobalUsings.g.cs","Custom-only","Build-or-runtime-review","183",,"FE45EA572AADFD1A9B54CF7251405CFA11B748CA88B034F06A724D49758CED2D",
"obj/x64/Debug/net8.0-windows/Aimmy2_1tl1qmf3_wpftmp.AssemblyInfo.cs","Custom-only","Build-or-runtime-review","1174",,"C2EE451CD149B2DEC17A341AD1D3BF0A44858776D43EDF436A126C6AAE80D41C",
"obj/x64/Debug/net8.0-windows/Aimmy2_1tl1qmf3_wpftmp.AssemblyInfoInputs.cache","Custom-only","Build-or-runtime-review","66",,"1FED0A160B24DC1F879F46CA141E0188509F20AA0E1E75E0118772B9216E8C62",
"obj/x64/Debug/net8.0-windows/Aimmy2_1tl1qmf3_wpftmp.assets.cache","Custom-only","Build-or-runtime-review","36246",,"C4FAAD666477CCB82DBA0CD969DF1A41F4E6383986929D74CA57C7A4C35B0F9B",
"obj/x64/Debug/net8.0-windows/Aimmy2_1tl1qmf3_wpftmp.csproj.BuildWithSkipAnalyzers","Custom-only","Build-or-runtime-review","0",,"E3B0C44298FC1C149AFBF4C8996FB92427AE41E4649B934CA495991B7852B855",
"obj/x64/Debug/net8.0-windows/Aimmy2_1tl1qmf3_wpftmp.GeneratedMSBuildEditorConfig.editorconfig","Custom-only","Build-or-runtime-review","819",,"3EF9182B52BEC39BB699BFEDA752F9503391A74FEF47E0F28DE1EF6BBECF8217",
"obj/x64/Debug/net8.0-windows/Aimmy2_1tl1qmf3_wpftmp.GlobalUsings.g.cs","Custom-only","Build-or-runtime-review","183",,"FE45EA572AADFD1A9B54CF7251405CFA11B748CA88B034F06A724D49758CED2D",
"obj/x64/Debug/net8.0-windows/Aimmy2_1u1txpji_wpftmp.AssemblyInfo.cs","Custom-only","Build-or-runtime-review","1174",,"C2EE451CD149B2DEC17A341AD1D3BF0A44858776D43EDF436A126C6AAE80D41C",
"obj/x64/Debug/net8.0-windows/Aimmy2_1u1txpji_wpftmp.AssemblyInfoInputs.cache","Custom-only","Build-or-runtime-review","66",,"1FED0A160B24DC1F879F46CA141E0188509F20AA0E1E75E0118772B9216E8C62",
"obj/x64/Debug/net8.0-windows/Aimmy2_1u1txpji_wpftmp.assets.cache","Custom-only","Build-or-runtime-review","36246",,"B62B5FD90A861F5826E1C12A98790DD8649620F4B0B61342BB017E68F24E3EEA",
"obj/x64/Debug/net8.0-windows/Aimmy2_1u1txpji_wpftmp.csproj.BuildWithSkipAnalyzers","Custom-only","Build-or-runtime-review","0",,"E3B0C44298FC1C149AFBF4C8996FB92427AE41E4649B934CA495991B7852B855",
"obj/x64/Debug/net8.0-windows/Aimmy2_1u1txpji_wpftmp.GeneratedMSBuildEditorConfig.editorconfig","Custom-only","Build-or-runtime-review","819",,"3EF9182B52BEC39BB699BFEDA752F9503391A74FEF47E0F28DE1EF6BBECF8217",
"obj/x64/Debug/net8.0-windows/Aimmy2_1u1txpji_wpftmp.GlobalUsings.g.cs","Custom-only","Build-or-runtime-review","183",,"FE45EA572AADFD1A9B54CF7251405CFA11B748CA88B034F06A724D49758CED2D",
"obj/x64/Debug/net8.0-windows/Aimmy2_1x0lmgro_wpftmp.AssemblyInfo.cs","Custom-only","Build-or-runtime-review","1174",,"C2EE451CD149B2DEC17A341AD1D3BF0A44858776D43EDF436A126C6AAE80D41C",
"obj/x64/Debug/net8.0-windows/Aimmy2_1x0lmgro_wpftmp.AssemblyInfoInputs.cache","Custom-only","Build-or-runtime-review","66",,"1FED0A160B24DC1F879F46CA141E0188509F20AA0E1E75E0118772B9216E8C62",
"obj/x64/Debug/net8.0-windows/Aimmy2_1x0lmgro_wpftmp.assets.cache","Custom-only","Build-or-runtime-review","36246",,"258441B65171495429EF22947D9CD7688A5EA2086D6F475256A4435726F7793A",
"obj/x64/Debug/net8.0-windows/Aimmy2_1x0lmgro_wpftmp.csproj.BuildWithSkipAnalyzers","Custom-only","Build-or-runtime-review","0",,"E3B0C44298FC1C149AFBF4C8996FB92427AE41E4649B934CA495991B7852B855",
"obj/x64/Debug/net8.0-windows/Aimmy2_1x0lmgro_wpftmp.GeneratedMSBuildEditorConfig.editorconfig","Custom-only","Build-or-runtime-review","819",,"3EF9182B52BEC39BB699BFEDA752F9503391A74FEF47E0F28DE1EF6BBECF8217",
"obj/x64/Debug/net8.0-windows/Aimmy2_1x0lmgro_wpftmp.GlobalUsings.g.cs","Custom-only","Build-or-runtime-review","183",,"FE45EA572AADFD1A9B54CF7251405CFA11B748CA88B034F06A724D49758CED2D",
"obj/x64/Debug/net8.0-windows/Aimmy2_20e2etwf_wpftmp.AssemblyInfo.cs","Custom-only","Build-or-runtime-review","1174",,"C2EE451CD149B2DEC17A341AD1D3BF0A44858776D43EDF436A126C6AAE80D41C",
"obj/x64/Debug/net8.0-windows/Aimmy2_20e2etwf_wpftmp.AssemblyInfoInputs.cache","Custom-only","Build-or-runtime-review","66",,"1FED0A160B24DC1F879F46CA141E0188509F20AA0E1E75E0118772B9216E8C62",
"obj/x64/Debug/net8.0-windows/Aimmy2_20e2etwf_wpftmp.assets.cache","Custom-only","Build-or-runtime-review","37798",,"383050120D5298B8757C7DB4138958CFA270ED1D40C3A5BD4E4CDD3343E8AF85",
"obj/x64/Debug/net8.0-windows/Aimmy2_20e2etwf_wpftmp.csproj.BuildWithSkipAnalyzers","Custom-only","Build-or-runtime-review","0",,"E3B0C44298FC1C149AFBF4C8996FB92427AE41E4649B934CA495991B7852B855",
"obj/x64/Debug/net8.0-windows/Aimmy2_20e2etwf_wpftmp.GeneratedMSBuildEditorConfig.editorconfig","Custom-only","Build-or-runtime-review","1174",,"6756CDDBE904F2EC3174E57A9127FC0F3475C50D52AA8B79B33E470B7DD648F1",
"obj/x64/Debug/net8.0-windows/Aimmy2_20e2etwf_wpftmp.GlobalUsings.g.cs","Custom-only","Build-or-runtime-review","183",,"FE45EA572AADFD1A9B54CF7251405CFA11B748CA88B034F06A724D49758CED2D",
"obj/x64/Debug/net8.0-windows/Aimmy2_2c3ans3t_wpftmp.AssemblyInfo.cs","Custom-only","Build-or-runtime-review","1174",,"C2EE451CD149B2DEC17A341AD1D3BF0A44858776D43EDF436A126C6AAE80D41C",
"obj/x64/Debug/net8.0-windows/Aimmy2_2c3ans3t_wpftmp.AssemblyInfoInputs.cache","Custom-only","Build-or-runtime-review","66",,"1FED0A160B24DC1F879F46CA141E0188509F20AA0E1E75E0118772B9216E8C62",
"obj/x64/Debug/net8.0-windows/Aimmy2_2c3ans3t_wpftmp.assets.cache","Custom-only","Build-or-runtime-review","37798",,"5AD635282EB3B88FF04012932E6966A9A24A415A50B840EEAA3ED391512EA438",
"obj/x64/Debug/net8.0-windows/Aimmy2_2c3ans3t_wpftmp.csproj.BuildWithSkipAnalyzers","Custom-only","Build-or-runtime-review","0",,"E3B0C44298FC1C149AFBF4C8996FB92427AE41E4649B934CA495991B7852B855",
"obj/x64/Debug/net8.0-windows/Aimmy2_2c3ans3t_wpftmp.GeneratedMSBuildEditorConfig.editorconfig","Custom-only","Build-or-runtime-review","1174",,"FE31C4AE4F7B5B5748CCFB9197539734FFEDFFECA99EE9C12453C7219560D797",
"obj/x64/Debug/net8.0-windows/Aimmy2_2c3ans3t_wpftmp.GlobalUsings.g.cs","Custom-only","Build-or-runtime-review","183",,"FE45EA572AADFD1A9B54CF7251405CFA11B748CA88B034F06A724D49758CED2D",
"obj/x64/Debug/net8.0-windows/Aimmy2_2mjbs4qx_wpftmp.AssemblyInfo.cs","Custom-only","Build-or-runtime-review","1174",,"C2EE451CD149B2DEC17A341AD1D3BF0A44858776D43EDF436A126C6AAE80D41C",
"obj/x64/Debug/net8.0-windows/Aimmy2_2mjbs4qx_wpftmp.AssemblyInfoInputs.cache","Custom-only","Build-or-runtime-review","66",,"1FED0A160B24DC1F879F46CA141E0188509F20AA0E1E75E0118772B9216E8C62",
"obj/x64/Debug/net8.0-windows/Aimmy2_2mjbs4qx_wpftmp.assets.cache","Custom-only","Build-or-runtime-review","36246",,"E4526CB6912B334DA01082B23193E0D73859030C6DB91091901433A86BC0C03F",
"obj/x64/Debug/net8.0-windows/Aimmy2_2mjbs4qx_wpftmp.csproj.BuildWithSkipAnalyzers","Custom-only","Build-or-runtime-review","0",,"E3B0C44298FC1C149AFBF4C8996FB92427AE41E4649B934CA495991B7852B855",
"obj/x64/Debug/net8.0-windows/Aimmy2_2mjbs4qx_wpftmp.GeneratedMSBuildEditorConfig.editorconfig","Custom-only","Build-or-runtime-review","1149",,"98176DAE78CCB53DDE88AC657DFBA4937F1E53EC93DE7CDC1361C7885FEA94A9",
"obj/x64/Debug/net8.0-windows/Aimmy2_2mjbs4qx_wpftmp.GlobalUsings.g.cs","Custom-only","Build-or-runtime-review","183",,"FE45EA572AADFD1A9B54CF7251405CFA11B748CA88B034F06A724D49758CED2D",
"obj/x64/Debug/net8.0-windows/Aimmy2_2rjdp1ko_wpftmp.AssemblyInfo.cs","Custom-only","Build-or-runtime-review","1174",,"C2EE451CD149B2DEC17A341AD1D3BF0A44858776D43EDF436A126C6AAE80D41C",
"obj/x64/Debug/net8.0-windows/Aimmy2_2rjdp1ko_wpftmp.AssemblyInfoInputs.cache","Custom-only","Build-or-runtime-review","66",,"1FED0A160B24DC1F879F46CA141E0188509F20AA0E1E75E0118772B9216E8C62",
"obj/x64/Debug/net8.0-windows/Aimmy2_2rjdp1ko_wpftmp.assets.cache","Custom-only","Build-or-runtime-review","36246",,"405F5B74C2331A879B18FF841D27C53F53274955111FEE3DC9BE1A6E6FE791F6",
"obj/x64/Debug/net8.0-windows/Aimmy2_2rjdp1ko_wpftmp.csproj.BuildWithSkipAnalyzers","Custom-only","Build-or-runtime-review","0",,"E3B0C44298FC1C149AFBF4C8996FB92427AE41E4649B934CA495991B7852B855",
"obj/x64/Debug/net8.0-windows/Aimmy2_2rjdp1ko_wpftmp.GeneratedMSBuildEditorConfig.editorconfig","Custom-only","Build-or-runtime-review","819",,"3EF9182B52BEC39BB699BFEDA752F9503391A74FEF47E0F28DE1EF6BBECF8217",
"obj/x64/Debug/net8.0-windows/Aimmy2_2rjdp1ko_wpftmp.GlobalUsings.g.cs","Custom-only","Build-or-runtime-review","183",,"FE45EA572AADFD1A9B54CF7251405CFA11B748CA88B034F06A724D49758CED2D",
"obj/x64/Debug/net8.0-windows/Aimmy2_2sirioay_wpftmp.AssemblyInfo.cs","Custom-only","Build-or-runtime-review","1174",,"C2EE451CD149B2DEC17A341AD1D3BF0A44858776D43EDF436A126C6AAE80D41C",
"obj/x64/Debug/net8.0-windows/Aimmy2_2sirioay_wpftmp.AssemblyInfoInputs.cache","Custom-only","Build-or-runtime-review","66",,"1FED0A160B24DC1F879F46CA141E0188509F20AA0E1E75E0118772B9216E8C62",
"obj/x64/Debug/net8.0-windows/Aimmy2_2sirioay_wpftmp.assets.cache","Custom-only","Build-or-runtime-review","36246",,"C8728AA41CC325CEA2EBB1B74E1ACB1D8BA3109019D2738752303993D25A4F4E",
"obj/x64/Debug/net8.0-windows/Aimmy2_2sirioay_wpftmp.csproj.BuildWithSkipAnalyzers","Custom-only","Build-or-runtime-review","0",,"E3B0C44298FC1C149AFBF4C8996FB92427AE41E4649B934CA495991B7852B855",
"obj/x64/Debug/net8.0-windows/Aimmy2_2sirioay_wpftmp.GeneratedMSBuildEditorConfig.editorconfig","Custom-only","Build-or-runtime-review","1149",,"98176DAE78CCB53DDE88AC657DFBA4937F1E53EC93DE7CDC1361C7885FEA94A9",
"obj/x64/Debug/net8.0-windows/Aimmy2_2sirioay_wpftmp.GlobalUsings.g.cs","Custom-only","Build-or-runtime-review","183",,"FE45EA572AADFD1A9B54CF7251405CFA11B748CA88B034F06A724D49758CED2D",
"obj/x64/Debug/net8.0-windows/Aimmy2_2to1txws_wpftmp.AssemblyInfo.cs","Custom-only","Build-or-runtime-review","1174",,"C2EE451CD149B2DEC17A341AD1D3BF0A44858776D43EDF436A126C6AAE80D41C",
"obj/x64/Debug/net8.0-windows/Aimmy2_2to1txws_wpftmp.AssemblyInfoInputs.cache","Custom-only","Build-or-runtime-review","66",,"1FED0A160B24DC1F879F46CA141E0188509F20AA0E1E75E0118772B9216E8C62",
"obj/x64/Debug/net8.0-windows/Aimmy2_2to1txws_wpftmp.assets.cache","Custom-only","Build-or-runtime-review","36246",,"BA897349E467E9EBF601E5E366EBA1E439B9083AEBDDCD0678982170105000B2",
"obj/x64/Debug/net8.0-windows/Aimmy2_2to1txws_wpftmp.GeneratedMSBuildEditorConfig.editorconfig","Custom-only","Build-or-runtime-review","819",,"3EF9182B52BEC39BB699BFEDA752F9503391A74FEF47E0F28DE1EF6BBECF8217",
"obj/x64/Debug/net8.0-windows/Aimmy2_2to1txws_wpftmp.GlobalUsings.g.cs","Custom-only","Build-or-runtime-review","183",,"FE45EA572AADFD1A9B54CF7251405CFA11B748CA88B034F06A724D49758CED2D",
"obj/x64/Debug/net8.0-windows/Aimmy2_2tvibtra_wpftmp.AssemblyInfo.cs","Custom-only","Build-or-runtime-review","1174",,"C2EE451CD149B2DEC17A341AD1D3BF0A44858776D43EDF436A126C6AAE80D41C",
"obj/x64/Debug/net8.0-windows/Aimmy2_2tvibtra_wpftmp.AssemblyInfoInputs.cache","Custom-only","Build-or-runtime-review","66",,"1FED0A160B24DC1F879F46CA141E0188509F20AA0E1E75E0118772B9216E8C62",
"obj/x64/Debug/net8.0-windows/Aimmy2_2tvibtra_wpftmp.assets.cache","Custom-only","Build-or-runtime-review","36246",,"4D30C34B73888A6221E79D117A97C164ECDD9F045ED71677633236A1C035D0F0",
"obj/x64/Debug/net8.0-windows/Aimmy2_2tvibtra_wpftmp.GeneratedMSBuildEditorConfig.editorconfig","Custom-only","Build-or-runtime-review","1089",,"1CA322FEC0767C49135114EBD501237764293209ADAE9CFBFA1FD087033D98AB",
"obj/x64/Debug/net8.0-windows/Aimmy2_2tvibtra_wpftmp.GlobalUsings.g.cs","Custom-only","Build-or-runtime-review","183",,"FE45EA572AADFD1A9B54CF7251405CFA11B748CA88B034F06A724D49758CED2D",
"obj/x64/Debug/net8.0-windows/Aimmy2_2xdopnby_wpftmp.AssemblyInfo.cs","Custom-only","Build-or-runtime-review","1174",,"C2EE451CD149B2DEC17A341AD1D3BF0A44858776D43EDF436A126C6AAE80D41C",
"obj/x64/Debug/net8.0-windows/Aimmy2_2xdopnby_wpftmp.AssemblyInfoInputs.cache","Custom-only","Build-or-runtime-review","66",,"1FED0A160B24DC1F879F46CA141E0188509F20AA0E1E75E0118772B9216E8C62",
"obj/x64/Debug/net8.0-windows/Aimmy2_2xdopnby_wpftmp.assets.cache","Custom-only","Build-or-runtime-review","36246",,"D54CA17DF62E6F8DE8299C7F84FB35089126BEA0C1E2092FBF1BF0E5636F2333",
"obj/x64/Debug/net8.0-windows/Aimmy2_2xdopnby_wpftmp.csproj.BuildWithSkipAnalyzers","Custom-only","Build-or-runtime-review","0",,"E3B0C44298FC1C149AFBF4C8996FB92427AE41E4649B934CA495991B7852B855",
"obj/x64/Debug/net8.0-windows/Aimmy2_2xdopnby_wpftmp.GeneratedMSBuildEditorConfig.editorconfig","Custom-only","Build-or-runtime-review","1089",,"CC748429AEA0ACF5AEA2FB723D077EF8D4DEE0BE87B2A471315C2527C73E7F58",
"obj/x64/Debug/net8.0-windows/Aimmy2_2xdopnby_wpftmp.GlobalUsings.g.cs","Custom-only","Build-or-runtime-review","183",,"FE45EA572AADFD1A9B54CF7251405CFA11B748CA88B034F06A724D49758CED2D",
"obj/x64/Debug/net8.0-windows/Aimmy2_30lknvur_wpftmp.AssemblyInfo.cs","Custom-only","Build-or-runtime-review","1174",,"C2EE451CD149B2DEC17A341AD1D3BF0A44858776D43EDF436A126C6AAE80D41C",
"obj/x64/Debug/net8.0-windows/Aimmy2_30lknvur_wpftmp.AssemblyInfoInputs.cache","Custom-only","Build-or-runtime-review","66",,"1FED0A160B24DC1F879F46CA141E0188509F20AA0E1E75E0118772B9216E8C62",
"obj/x64/Debug/net8.0-windows/Aimmy2_30lknvur_wpftmp.assets.cache","Custom-only","Build-or-runtime-review","36246",,"6C3BB69C790C98D3965242CA0E967EAC05336931F9F7E6F352EE7B4C7DAD2B69",
"obj/x64/Debug/net8.0-windows/Aimmy2_30lknvur_wpftmp.csproj.BuildWithSkipAnalyzers","Custom-only","Build-or-runtime-review","0",,"E3B0C44298FC1C149AFBF4C8996FB92427AE41E4649B934CA495991B7852B855",
"obj/x64/Debug/net8.0-windows/Aimmy2_30lknvur_wpftmp.GeneratedMSBuildEditorConfig.editorconfig","Custom-only","Build-or-runtime-review","819",,"3EF9182B52BEC39BB699BFEDA752F9503391A74FEF47E0F28DE1EF6BBECF8217",
"obj/x64/Debug/net8.0-windows/Aimmy2_30lknvur_wpftmp.GlobalUsings.g.cs","Custom-only","Build-or-runtime-review","183",,"FE45EA572AADFD1A9B54CF7251405CFA11B748CA88B034F06A724D49758CED2D",
"obj/x64/Debug/net8.0-windows/Aimmy2_35exkdpr_wpftmp.AssemblyInfo.cs","Custom-only","Build-or-runtime-review","1174",,"C2EE451CD149B2DEC17A341AD1D3BF0A44858776D43EDF436A126C6AAE80D41C",
"obj/x64/Debug/net8.0-windows/Aimmy2_35exkdpr_wpftmp.AssemblyInfoInputs.cache","Custom-only","Build-or-runtime-review","66",,"1FED0A160B24DC1F879F46CA141E0188509F20AA0E1E75E0118772B9216E8C62",
"obj/x64/Debug/net8.0-windows/Aimmy2_35exkdpr_wpftmp.assets.cache","Custom-only","Build-or-runtime-review","36246",,"ECCCA00A4AC5094D53E0F4B1B9E81C0863A27B05A603208F3F303BE13F3E0993",
"obj/x64/Debug/net8.0-windows/Aimmy2_35exkdpr_wpftmp.csproj.BuildWithSkipAnalyzers","Custom-only","Build-or-runtime-review","0",,"E3B0C44298FC1C149AFBF4C8996FB92427AE41E4649B934CA495991B7852B855",
"obj/x64/Debug/net8.0-windows/Aimmy2_35exkdpr_wpftmp.GeneratedMSBuildEditorConfig.editorconfig","Custom-only","Build-or-runtime-review","819",,"3EF9182B52BEC39BB699BFEDA752F9503391A74FEF47E0F28DE1EF6BBECF8217",
"obj/x64/Debug/net8.0-windows/Aimmy2_35exkdpr_wpftmp.GlobalUsings.g.cs","Custom-only","Build-or-runtime-review","183",,"FE45EA572AADFD1A9B54CF7251405CFA11B748CA88B034F06A724D49758CED2D",
"obj/x64/Debug/net8.0-windows/Aimmy2_3d4u5lwi_wpftmp.AssemblyInfo.cs","Custom-only","Build-or-runtime-review","1174",,"C2EE451CD149B2DEC17A341AD1D3BF0A44858776D43EDF436A126C6AAE80D41C",
"obj/x64/Debug/net8.0-windows/Aimmy2_3d4u5lwi_wpftmp.AssemblyInfoInputs.cache","Custom-only","Build-or-runtime-review","66",,"1FED0A160B24DC1F879F46CA141E0188509F20AA0E1E75E0118772B9216E8C62",
"obj/x64/Debug/net8.0-windows/Aimmy2_3d4u5lwi_wpftmp.assets.cache","Custom-only","Build-or-runtime-review","36246",,"6F736E1D9969708E7888E6C8D116E5D7CE7436F2AB4223A8EBC1DFEFF6DA66AF",
"obj/x64/Debug/net8.0-windows/Aimmy2_3d4u5lwi_wpftmp.csproj.BuildWithSkipAnalyzers","Custom-only","Build-or-runtime-review","0",,"E3B0C44298FC1C149AFBF4C8996FB92427AE41E4649B934CA495991B7852B855",
"obj/x64/Debug/net8.0-windows/Aimmy2_3d4u5lwi_wpftmp.GeneratedMSBuildEditorConfig.editorconfig","Custom-only","Build-or-runtime-review","1149",,"98176DAE78CCB53DDE88AC657DFBA4937F1E53EC93DE7CDC1361C7885FEA94A9",
"obj/x64/Debug/net8.0-windows/Aimmy2_3d4u5lwi_wpftmp.GlobalUsings.g.cs","Custom-only","Build-or-runtime-review","183",,"FE45EA572AADFD1A9B54CF7251405CFA11B748CA88B034F06A724D49758CED2D",
"obj/x64/Debug/net8.0-windows/Aimmy2_3kxklzlb_wpftmp.AssemblyInfo.cs","Custom-only","Build-or-runtime-review","1174",,"C2EE451CD149B2DEC17A341AD1D3BF0A44858776D43EDF436A126C6AAE80D41C",
"obj/x64/Debug/net8.0-windows/Aimmy2_3kxklzlb_wpftmp.AssemblyInfoInputs.cache","Custom-only","Build-or-runtime-review","66",,"1FED0A160B24DC1F879F46CA141E0188509F20AA0E1E75E0118772B9216E8C62",
"obj/x64/Debug/net8.0-windows/Aimmy2_3kxklzlb_wpftmp.assets.cache","Custom-only","Build-or-runtime-review","36246",,"62118C97082B02930A74B73445A761189B42BFFFCED02BBCA0D6F1ACA323178A",
"obj/x64/Debug/net8.0-windows/Aimmy2_3kxklzlb_wpftmp.csproj.BuildWithSkipAnalyzers","Custom-only","Build-or-runtime-review","0",,"E3B0C44298FC1C149AFBF4C8996FB92427AE41E4649B934CA495991B7852B855",
"obj/x64/Debug/net8.0-windows/Aimmy2_3kxklzlb_wpftmp.GeneratedMSBuildEditorConfig.editorconfig","Custom-only","Build-or-runtime-review","1089",,"CC748429AEA0ACF5AEA2FB723D077EF8D4DEE0BE87B2A471315C2527C73E7F58",
"obj/x64/Debug/net8.0-windows/Aimmy2_3kxklzlb_wpftmp.GlobalUsings.g.cs","Custom-only","Build-or-runtime-review","183",,"FE45EA572AADFD1A9B54CF7251405CFA11B748CA88B034F06A724D49758CED2D",
"obj/x64/Debug/net8.0-windows/Aimmy2_3t5ussfb_wpftmp.AssemblyInfo.cs","Custom-only","Build-or-runtime-review","1174",,"C2EE451CD149B2DEC17A341AD1D3BF0A44858776D43EDF436A126C6AAE80D41C",
"obj/x64/Debug/net8.0-windows/Aimmy2_3t5ussfb_wpftmp.AssemblyInfoInputs.cache","Custom-only","Build-or-runtime-review","66",,"1FED0A160B24DC1F879F46CA141E0188509F20AA0E1E75E0118772B9216E8C62",
"obj/x64/Debug/net8.0-windows/Aimmy2_3t5ussfb_wpftmp.assets.cache","Custom-only","Build-or-runtime-review","36246",,"05B1CF9B046EB2060A7C87B5C90EBE6C5F0645892DC362FB564787994D04DFDA",
"obj/x64/Debug/net8.0-windows/Aimmy2_3t5ussfb_wpftmp.csproj.BuildWithSkipAnalyzers","Custom-only","Build-or-runtime-review","0",,"E3B0C44298FC1C149AFBF4C8996FB92427AE41E4649B934CA495991B7852B855",
"obj/x64/Debug/net8.0-windows/Aimmy2_3t5ussfb_wpftmp.GeneratedMSBuildEditorConfig.editorconfig","Custom-only","Build-or-runtime-review","819",,"3EF9182B52BEC39BB699BFEDA752F9503391A74FEF47E0F28DE1EF6BBECF8217",
"obj/x64/Debug/net8.0-windows/Aimmy2_3t5ussfb_wpftmp.GlobalUsings.g.cs","Custom-only","Build-or-runtime-review","183",,"FE45EA572AADFD1A9B54CF7251405CFA11B748CA88B034F06A724D49758CED2D",
"obj/x64/Debug/net8.0-windows/Aimmy2_433s2zsj_wpftmp.AssemblyInfo.cs","Custom-only","Build-or-runtime-review","1174",,"C2EE451CD149B2DEC17A341AD1D3BF0A44858776D43EDF436A126C6AAE80D41C",
"obj/x64/Debug/net8.0-windows/Aimmy2_433s2zsj_wpftmp.AssemblyInfoInputs.cache","Custom-only","Build-or-runtime-review","66",,"1FED0A160B24DC1F879F46CA141E0188509F20AA0E1E75E0118772B9216E8C62",
"obj/x64/Debug/net8.0-windows/Aimmy2_433s2zsj_wpftmp.assets.cache","Custom-only","Build-or-runtime-review","36246",,"62C3F03D635FB36E3CA498EE27AF48E87C306A55CC388678092903AC323A6422",
"obj/x64/Debug/net8.0-windows/Aimmy2_433s2zsj_wpftmp.csproj.BuildWithSkipAnalyzers","Custom-only","Build-or-runtime-review","0",,"E3B0C44298FC1C149AFBF4C8996FB92427AE41E4649B934CA495991B7852B855",
"obj/x64/Debug/net8.0-windows/Aimmy2_433s2zsj_wpftmp.GeneratedMSBuildEditorConfig.editorconfig","Custom-only","Build-or-runtime-review","819",,"3EF9182B52BEC39BB699BFEDA752F9503391A74FEF47E0F28DE1EF6BBECF8217",
"obj/x64/Debug/net8.0-windows/Aimmy2_433s2zsj_wpftmp.GlobalUsings.g.cs","Custom-only","Build-or-runtime-review","183",,"FE45EA572AADFD1A9B54CF7251405CFA11B748CA88B034F06A724D49758CED2D",
"obj/x64/Debug/net8.0-windows/Aimmy2_43uhrwcs_wpftmp.AssemblyInfo.cs","Custom-only","Build-or-runtime-review","1174",,"C2EE451CD149B2DEC17A341AD1D3BF0A44858776D43EDF436A126C6AAE80D41C",
"obj/x64/Debug/net8.0-windows/Aimmy2_43uhrwcs_wpftmp.AssemblyInfoInputs.cache","Custom-only","Build-or-runtime-review","66",,"1FED0A160B24DC1F879F46CA141E0188509F20AA0E1E75E0118772B9216E8C62",
"obj/x64/Debug/net8.0-windows/Aimmy2_43uhrwcs_wpftmp.assets.cache","Custom-only","Build-or-runtime-review","36246",,"258F56836188AA751938135B6D55C1ACB060832413B5CD772F178C2AA616132A",
"obj/x64/Debug/net8.0-windows/Aimmy2_43uhrwcs_wpftmp.csproj.BuildWithSkipAnalyzers","Custom-only","Build-or-runtime-review","0",,"E3B0C44298FC1C149AFBF4C8996FB92427AE41E4649B934CA495991B7852B855",
"obj/x64/Debug/net8.0-windows/Aimmy2_43uhrwcs_wpftmp.GeneratedMSBuildEditorConfig.editorconfig","Custom-only","Build-or-runtime-review","819",,"3EF9182B52BEC39BB699BFEDA752F9503391A74FEF47E0F28DE1EF6BBECF8217",
"obj/x64/Debug/net8.0-windows/Aimmy2_43uhrwcs_wpftmp.GlobalUsings.g.cs","Custom-only","Build-or-runtime-review","183",,"FE45EA572AADFD1A9B54CF7251405CFA11B748CA88B034F06A724D49758CED2D",
"obj/x64/Debug/net8.0-windows/Aimmy2_4gt0quex_wpftmp.AssemblyInfo.cs","Custom-only","Build-or-runtime-review","1174",,"C2EE451CD149B2DEC17A341AD1D3BF0A44858776D43EDF436A126C6AAE80D41C",
"obj/x64/Debug/net8.0-windows/Aimmy2_4gt0quex_wpftmp.AssemblyInfoInputs.cache","Custom-only","Build-or-runtime-review","66",,"1FED0A160B24DC1F879F46CA141E0188509F20AA0E1E75E0118772B9216E8C62",
"obj/x64/Debug/net8.0-windows/Aimmy2_4gt0quex_wpftmp.assets.cache","Custom-only","Build-or-runtime-review","36246",,"700C507FD35BA2CF1D1A0EC68BE7C7678398305A63008209C312BE61CD75B50F",
"obj/x64/Debug/net8.0-windows/Aimmy2_4gt0quex_wpftmp.csproj.BuildWithSkipAnalyzers","Custom-only","Build-or-runtime-review","0",,"E3B0C44298FC1C149AFBF4C8996FB92427AE41E4649B934CA495991B7852B855",
"obj/x64/Debug/net8.0-windows/Aimmy2_4gt0quex_wpftmp.GeneratedMSBuildEditorConfig.editorconfig","Custom-only","Build-or-runtime-review","1087",,"C366639FD103F2DFAF1CEAC8F5F050E5B15FAA45E2DDDF371B29998033B4FDB2",
"obj/x64/Debug/net8.0-windows/Aimmy2_4gt0quex_wpftmp.GlobalUsings.g.cs","Custom-only","Build-or-runtime-review","183",,"FE45EA572AADFD1A9B54CF7251405CFA11B748CA88B034F06A724D49758CED2D",
"obj/x64/Debug/net8.0-windows/Aimmy2_4jncveet_wpftmp.AssemblyInfo.cs","Custom-only","Build-or-runtime-review","1174",,"C2EE451CD149B2DEC17A341AD1D3BF0A44858776D43EDF436A126C6AAE80D41C",
"obj/x64/Debug/net8.0-windows/Aimmy2_4jncveet_wpftmp.AssemblyInfoInputs.cache","Custom-only","Build-or-runtime-review","66",,"1FED0A160B24DC1F879F46CA141E0188509F20AA0E1E75E0118772B9216E8C62",
"obj/x64/Debug/net8.0-windows/Aimmy2_4jncveet_wpftmp.assets.cache","Custom-only","Build-or-runtime-review","36246",,"3F25F72454181840274A3EF2A0505FB098C45D0978860BE535FD233CD5B270D2",
"obj/x64/Debug/net8.0-windows/Aimmy2_4jncveet_wpftmp.csproj.BuildWithSkipAnalyzers","Custom-only","Build-or-runtime-review","0",,"E3B0C44298FC1C149AFBF4C8996FB92427AE41E4649B934CA495991B7852B855",
"obj/x64/Debug/net8.0-windows/Aimmy2_4jncveet_wpftmp.GeneratedMSBuildEditorConfig.editorconfig","Custom-only","Build-or-runtime-review","1089",,"8E94C47B148DC4DBB0AC29D037D3998E9CEE545092CA8CD5FC42C5CDA7F02323",
"obj/x64/Debug/net8.0-windows/Aimmy2_4jncveet_wpftmp.GlobalUsings.g.cs","Custom-only","Build-or-runtime-review","183",,"FE45EA572AADFD1A9B54CF7251405CFA11B748CA88B034F06A724D49758CED2D",
"obj/x64/Debug/net8.0-windows/Aimmy2_4l4spehx_wpftmp.AssemblyInfo.cs","Custom-only","Build-or-runtime-review","1174",,"C2EE451CD149B2DEC17A341AD1D3BF0A44858776D43EDF436A126C6AAE80D41C",
"obj/x64/Debug/net8.0-windows/Aimmy2_4l4spehx_wpftmp.AssemblyInfoInputs.cache","Custom-only","Build-or-runtime-review","66",,"1FED0A160B24DC1F879F46CA141E0188509F20AA0E1E75E0118772B9216E8C62",
"obj/x64/Debug/net8.0-windows/Aimmy2_4l4spehx_wpftmp.assets.cache","Custom-only","Build-or-runtime-review","37798",,"5D19E4B7381201BA8F8F37E70B86BDC9F3FCDA21D898E7A051BFC6EC7E45D8A2",
"obj/x64/Debug/net8.0-windows/Aimmy2_4l4spehx_wpftmp.csproj.BuildWithSkipAnalyzers","Custom-only","Build-or-runtime-review","0",,"E3B0C44298FC1C149AFBF4C8996FB92427AE41E4649B934CA495991B7852B855",
"obj/x64/Debug/net8.0-windows/Aimmy2_4l4spehx_wpftmp.GeneratedMSBuildEditorConfig.editorconfig","Custom-only","Build-or-runtime-review","1174",,"6756CDDBE904F2EC3174E57A9127FC0F3475C50D52AA8B79B33E470B7DD648F1",
"obj/x64/Debug/net8.0-windows/Aimmy2_4l4spehx_wpftmp.GlobalUsings.g.cs","Custom-only","Build-or-runtime-review","183",,"FE45EA572AADFD1A9B54CF7251405CFA11B748CA88B034F06A724D49758CED2D",
"obj/x64/Debug/net8.0-windows/Aimmy2_4lxrplzp_wpftmp.AssemblyInfo.cs","Custom-only","Build-or-runtime-review","1174",,"C2EE451CD149B2DEC17A341AD1D3BF0A44858776D43EDF436A126C6AAE80D41C",
"obj/x64/Debug/net8.0-windows/Aimmy2_4lxrplzp_wpftmp.AssemblyInfoInputs.cache","Custom-only","Build-or-runtime-review","66",,"1FED0A160B24DC1F879F46CA141E0188509F20AA0E1E75E0118772B9216E8C62",
"obj/x64/Debug/net8.0-windows/Aimmy2_4lxrplzp_wpftmp.assets.cache","Custom-only","Build-or-runtime-review","36246",,"E2F9B58E161891F3516E16A3C3DD1EE6F9CCCAEDB6EE2759B380D3FCF7513262",
"obj/x64/Debug/net8.0-windows/Aimmy2_4lxrplzp_wpftmp.csproj.BuildWithSkipAnalyzers","Custom-only","Build-or-runtime-review","0",,"E3B0C44298FC1C149AFBF4C8996FB92427AE41E4649B934CA495991B7852B855",
"obj/x64/Debug/net8.0-windows/Aimmy2_4lxrplzp_wpftmp.GeneratedMSBuildEditorConfig.editorconfig","Custom-only","Build-or-runtime-review","819",,"3EF9182B52BEC39BB699BFEDA752F9503391A74FEF47E0F28DE1EF6BBECF8217",
"obj/x64/Debug/net8.0-windows/Aimmy2_4lxrplzp_wpftmp.GlobalUsings.g.cs","Custom-only","Build-or-runtime-review","183",,"FE45EA572AADFD1A9B54CF7251405CFA11B748CA88B034F06A724D49758CED2D",
"obj/x64/Debug/net8.0-windows/Aimmy2_4ptifdnm_wpftmp.AssemblyInfo.cs","Custom-only","Build-or-runtime-review","1174",,"C2EE451CD149B2DEC17A341AD1D3BF0A44858776D43EDF436A126C6AAE80D41C",
"obj/x64/Debug/net8.0-windows/Aimmy2_4ptifdnm_wpftmp.AssemblyInfoInputs.cache","Custom-only","Build-or-runtime-review","66",,"1FED0A160B24DC1F879F46CA141E0188509F20AA0E1E75E0118772B9216E8C62",
"obj/x64/Debug/net8.0-windows/Aimmy2_4ptifdnm_wpftmp.assets.cache","Custom-only","Build-or-runtime-review","36246",,"CF0D67C652DC4BAAD63849372B55573A64C3F9AA7232F3A4FCA6B988C637977E",
"obj/x64/Debug/net8.0-windows/Aimmy2_4ptifdnm_wpftmp.csproj.BuildWithSkipAnalyzers","Custom-only","Build-or-runtime-review","0",,"E3B0C44298FC1C149AFBF4C8996FB92427AE41E4649B934CA495991B7852B855",
"obj/x64/Debug/net8.0-windows/Aimmy2_4ptifdnm_wpftmp.GeneratedMSBuildEditorConfig.editorconfig","Custom-only","Build-or-runtime-review","1149",,"98176DAE78CCB53DDE88AC657DFBA4937F1E53EC93DE7CDC1361C7885FEA94A9",
"obj/x64/Debug/net8.0-windows/Aimmy2_4ptifdnm_wpftmp.GlobalUsings.g.cs","Custom-only","Build-or-runtime-review","183",,"FE45EA572AADFD1A9B54CF7251405CFA11B748CA88B034F06A724D49758CED2D",
"obj/x64/Debug/net8.0-windows/Aimmy2_4sozk5og_wpftmp.AssemblyInfo.cs","Custom-only","Build-or-runtime-review","1174",,"C2EE451CD149B2DEC17A341AD1D3BF0A44858776D43EDF436A126C6AAE80D41C",
"obj/x64/Debug/net8.0-windows/Aimmy2_4sozk5og_wpftmp.AssemblyInfoInputs.cache","Custom-only","Build-or-runtime-review","66",,"1FED0A160B24DC1F879F46CA141E0188509F20AA0E1E75E0118772B9216E8C62",
"obj/x64/Debug/net8.0-windows/Aimmy2_4sozk5og_wpftmp.assets.cache","Custom-only","Build-or-runtime-review","37798",,"45ABB5F01E9117E9314581CB60D3A573AECBA3594F24E273CE116D3B0FF4EF93",
"obj/x64/Debug/net8.0-windows/Aimmy2_4sozk5og_wpftmp.csproj.BuildWithSkipAnalyzers","Custom-only","Build-or-runtime-review","0",,"E3B0C44298FC1C149AFBF4C8996FB92427AE41E4649B934CA495991B7852B855",
"obj/x64/Debug/net8.0-windows/Aimmy2_4sozk5og_wpftmp.GeneratedMSBuildEditorConfig.editorconfig","Custom-only","Build-or-runtime-review","1174",,"6756CDDBE904F2EC3174E57A9127FC0F3475C50D52AA8B79B33E470B7DD648F1",
"obj/x64/Debug/net8.0-windows/Aimmy2_4sozk5og_wpftmp.GlobalUsings.g.cs","Custom-only","Build-or-runtime-review","183",,"FE45EA572AADFD1A9B54CF7251405CFA11B748CA88B034F06A724D49758CED2D",
"obj/x64/Debug/net8.0-windows/Aimmy2_4svywbbk_wpftmp.AssemblyInfo.cs","Custom-only","Build-or-runtime-review","1174",,"C2EE451CD149B2DEC17A341AD1D3BF0A44858776D43EDF436A126C6AAE80D41C",
"obj/x64/Debug/net8.0-windows/Aimmy2_4svywbbk_wpftmp.AssemblyInfoInputs.cache","Custom-only","Build-or-runtime-review","66",,"1FED0A160B24DC1F879F46CA141E0188509F20AA0E1E75E0118772B9216E8C62",
"obj/x64/Debug/net8.0-windows/Aimmy2_4svywbbk_wpftmp.assets.cache","Custom-only","Build-or-runtime-review","36246",,"BC8C9E49BD42DCCB6DF02E43D6DBFF7765A937C54782B91DF4355469E7E50924",
"obj/x64/Debug/net8.0-windows/Aimmy2_4svywbbk_wpftmp.csproj.BuildWithSkipAnalyzers","Custom-only","Build-or-runtime-review","0",,"E3B0C44298FC1C149AFBF4C8996FB92427AE41E4649B934CA495991B7852B855",
"obj/x64/Debug/net8.0-windows/Aimmy2_4svywbbk_wpftmp.GeneratedMSBuildEditorConfig.editorconfig","Custom-only","Build-or-runtime-review","1089",,"1CA322FEC0767C49135114EBD501237764293209ADAE9CFBFA1FD087033D98AB",
"obj/x64/Debug/net8.0-windows/Aimmy2_4svywbbk_wpftmp.GlobalUsings.g.cs","Custom-only","Build-or-runtime-review","183",,"FE45EA572AADFD1A9B54CF7251405CFA11B748CA88B034F06A724D49758CED2D",
"obj/x64/Debug/net8.0-windows/Aimmy2_4xbzozd4_wpftmp.AssemblyInfo.cs","Custom-only","Build-or-runtime-review","1174",,"C2EE451CD149B2DEC17A341AD1D3BF0A44858776D43EDF436A126C6AAE80D41C",
"obj/x64/Debug/net8.0-windows/Aimmy2_4xbzozd4_wpftmp.AssemblyInfoInputs.cache","Custom-only","Build-or-runtime-review","66",,"1FED0A160B24DC1F879F46CA141E0188509F20AA0E1E75E0118772B9216E8C62",
"obj/x64/Debug/net8.0-windows/Aimmy2_4xbzozd4_wpftmp.assets.cache","Custom-only","Build-or-runtime-review","36246",,"6C5D486D98E63105BE08375948FB0496FD658AF0EA2F57B0D5BFE35EBB36DA8F",
"obj/x64/Debug/net8.0-windows/Aimmy2_4xbzozd4_wpftmp.csproj.BuildWithSkipAnalyzers","Custom-only","Build-or-runtime-review","0",,"E3B0C44298FC1C149AFBF4C8996FB92427AE41E4649B934CA495991B7852B855",
"obj/x64/Debug/net8.0-windows/Aimmy2_4xbzozd4_wpftmp.GeneratedMSBuildEditorConfig.editorconfig","Custom-only","Build-or-runtime-review","1087",,"C366639FD103F2DFAF1CEAC8F5F050E5B15FAA45E2DDDF371B29998033B4FDB2",
"obj/x64/Debug/net8.0-windows/Aimmy2_4xbzozd4_wpftmp.GlobalUsings.g.cs","Custom-only","Build-or-runtime-review","183",,"FE45EA572AADFD1A9B54CF7251405CFA11B748CA88B034F06A724D49758CED2D",
"obj/x64/Debug/net8.0-windows/Aimmy2_52vx005h_wpftmp.AssemblyInfo.cs","Custom-only","Build-or-runtime-review","1174",,"C2EE451CD149B2DEC17A341AD1D3BF0A44858776D43EDF436A126C6AAE80D41C",
"obj/x64/Debug/net8.0-windows/Aimmy2_52vx005h_wpftmp.AssemblyInfoInputs.cache","Custom-only","Build-or-runtime-review","66",,"1FED0A160B24DC1F879F46CA141E0188509F20AA0E1E75E0118772B9216E8C62",
"obj/x64/Debug/net8.0-windows/Aimmy2_52vx005h_wpftmp.assets.cache","Custom-only","Build-or-runtime-review","36246",,"AA2921108A5640993526F3DE6A2E2D174B35406D4460C626A9788AB7336BF4A4",
"obj/x64/Debug/net8.0-windows/Aimmy2_52vx005h_wpftmp.csproj.BuildWithSkipAnalyzers","Custom-only","Build-or-runtime-review","0",,"E3B0C44298FC1C149AFBF4C8996FB92427AE41E4649B934CA495991B7852B855",
"obj/x64/Debug/net8.0-windows/Aimmy2_52vx005h_wpftmp.GeneratedMSBuildEditorConfig.editorconfig","Custom-only","Build-or-runtime-review","1149",,"98176DAE78CCB53DDE88AC657DFBA4937F1E53EC93DE7CDC1361C7885FEA94A9",
"obj/x64/Debug/net8.0-windows/Aimmy2_52vx005h_wpftmp.GlobalUsings.g.cs","Custom-only","Build-or-runtime-review","183",,"FE45EA572AADFD1A9B54CF7251405CFA11B748CA88B034F06A724D49758CED2D",
"obj/x64/Debug/net8.0-windows/Aimmy2_5cbtu0dk_wpftmp.AssemblyInfo.cs","Custom-only","Build-or-runtime-review","1174",,"C2EE451CD149B2DEC17A341AD1D3BF0A44858776D43EDF436A126C6AAE80D41C",
"obj/x64/Debug/net8.0-windows/Aimmy2_5cbtu0dk_wpftmp.AssemblyInfoInputs.cache","Custom-only","Build-or-runtime-review","66",,"1FED0A160B24DC1F879F46CA141E0188509F20AA0E1E75E0118772B9216E8C62",
"obj/x64/Debug/net8.0-windows/Aimmy2_5cbtu0dk_wpftmp.assets.cache","Custom-only","Build-or-runtime-review","36246",,"60354F42E5CEFF6DA9996B0915FE836EA02B77D6481E1DA90918CE6753DCB3A1",
"obj/x64/Debug/net8.0-windows/Aimmy2_5cbtu0dk_wpftmp.csproj.BuildWithSkipAnalyzers","Custom-only","Build-or-runtime-review","0",,"E3B0C44298FC1C149AFBF4C8996FB92427AE41E4649B934CA495991B7852B855",
"obj/x64/Debug/net8.0-windows/Aimmy2_5cbtu0dk_wpftmp.GeneratedMSBuildEditorConfig.editorconfig","Custom-only","Build-or-runtime-review","1149",,"98176DAE78CCB53DDE88AC657DFBA4937F1E53EC93DE7CDC1361C7885FEA94A9",
"obj/x64/Debug/net8.0-windows/Aimmy2_5cbtu0dk_wpftmp.GlobalUsings.g.cs","Custom-only","Build-or-runtime-review","183",,"FE45EA572AADFD1A9B54CF7251405CFA11B748CA88B034F06A724D49758CED2D",
"obj/x64/Debug/net8.0-windows/Aimmy2_5d5rbrac_wpftmp.AssemblyInfo.cs","Custom-only","Build-or-runtime-review","1174",,"C2EE451CD149B2DEC17A341AD1D3BF0A44858776D43EDF436A126C6AAE80D41C",
"obj/x64/Debug/net8.0-windows/Aimmy2_5d5rbrac_wpftmp.AssemblyInfoInputs.cache","Custom-only","Build-or-runtime-review","66",,"1FED0A160B24DC1F879F46CA141E0188509F20AA0E1E75E0118772B9216E8C62",
"obj/x64/Debug/net8.0-windows/Aimmy2_5d5rbrac_wpftmp.assets.cache","Custom-only","Build-or-runtime-review","36246",,"C87F473DF02E4C53D2D636516E425E775F816A96C93AFE502D6D8CDF6111AD9C",
"obj/x64/Debug/net8.0-windows/Aimmy2_5d5rbrac_wpftmp.csproj.BuildWithSkipAnalyzers","Custom-only","Build-or-runtime-review","0",,"E3B0C44298FC1C149AFBF4C8996FB92427AE41E4649B934CA495991B7852B855",
"obj/x64/Debug/net8.0-windows/Aimmy2_5d5rbrac_wpftmp.GeneratedMSBuildEditorConfig.editorconfig","Custom-only","Build-or-runtime-review","819",,"3EF9182B52BEC39BB699BFEDA752F9503391A74FEF47E0F28DE1EF6BBECF8217",
"obj/x64/Debug/net8.0-windows/Aimmy2_5d5rbrac_wpftmp.GlobalUsings.g.cs","Custom-only","Build-or-runtime-review","183",,"FE45EA572AADFD1A9B54CF7251405CFA11B748CA88B034F06A724D49758CED2D",
"obj/x64/Debug/net8.0-windows/Aimmy2_5emmqazo_wpftmp.AssemblyInfo.cs","Custom-only","Build-or-runtime-review","1174",,"C2EE451CD149B2DEC17A341AD1D3BF0A44858776D43EDF436A126C6AAE80D41C",
"obj/x64/Debug/net8.0-windows/Aimmy2_5emmqazo_wpftmp.AssemblyInfoInputs.cache","Custom-only","Build-or-runtime-review","66",,"1FED0A160B24DC1F879F46CA141E0188509F20AA0E1E75E0118772B9216E8C62",
"obj/x64/Debug/net8.0-windows/Aimmy2_5emmqazo_wpftmp.assets.cache","Custom-only","Build-or-runtime-review","36246",,"12A04433CD3512517930C4C35780DBD3BCB1DB4B6AEBC794819A8D13DD6B7934",
"obj/x64/Debug/net8.0-windows/Aimmy2_5emmqazo_wpftmp.csproj.BuildWithSkipAnalyzers","Custom-only","Build-or-runtime-review","0",,"E3B0C44298FC1C149AFBF4C8996FB92427AE41E4649B934CA495991B7852B855",
"obj/x64/Debug/net8.0-windows/Aimmy2_5emmqazo_wpftmp.GeneratedMSBuildEditorConfig.editorconfig","Custom-only","Build-or-runtime-review","1149",,"98176DAE78CCB53DDE88AC657DFBA4937F1E53EC93DE7CDC1361C7885FEA94A9",
"obj/x64/Debug/net8.0-windows/Aimmy2_5emmqazo_wpftmp.GlobalUsings.g.cs","Custom-only","Build-or-runtime-review","183",,"FE45EA572AADFD1A9B54CF7251405CFA11B748CA88B034F06A724D49758CED2D",
"obj/x64/Debug/net8.0-windows/Aimmy2_5f0gi4ic_wpftmp.AssemblyInfo.cs","Custom-only","Build-or-runtime-review","1174",,"C2EE451CD149B2DEC17A341AD1D3BF0A44858776D43EDF436A126C6AAE80D41C",
"obj/x64/Debug/net8.0-windows/Aimmy2_5f0gi4ic_wpftmp.AssemblyInfoInputs.cache","Custom-only","Build-or-runtime-review","66",,"1FED0A160B24DC1F879F46CA141E0188509F20AA0E1E75E0118772B9216E8C62",
"obj/x64/Debug/net8.0-windows/Aimmy2_5f0gi4ic_wpftmp.assets.cache","Custom-only","Build-or-runtime-review","36246",,"070760C238CAB7CEC24943005CE131F4CFED07A5ADF3811108F24599CB09E192",
"obj/x64/Debug/net8.0-windows/Aimmy2_5f0gi4ic_wpftmp.csproj.BuildWithSkipAnalyzers","Custom-only","Build-or-runtime-review","0",,"E3B0C44298FC1C149AFBF4C8996FB92427AE41E4649B934CA495991B7852B855",
"obj/x64/Debug/net8.0-windows/Aimmy2_5f0gi4ic_wpftmp.GeneratedMSBuildEditorConfig.editorconfig","Custom-only","Build-or-runtime-review","1149",,"98176DAE78CCB53DDE88AC657DFBA4937F1E53EC93DE7CDC1361C7885FEA94A9",
"obj/x64/Debug/net8.0-windows/Aimmy2_5f0gi4ic_wpftmp.GlobalUsings.g.cs","Custom-only","Build-or-runtime-review","183",,"FE45EA572AADFD1A9B54CF7251405CFA11B748CA88B034F06A724D49758CED2D",
"obj/x64/Debug/net8.0-windows/Aimmy2_5fswcyed_wpftmp.AssemblyInfo.cs","Custom-only","Build-or-runtime-review","1174",,"C2EE451CD149B2DEC17A341AD1D3BF0A44858776D43EDF436A126C6AAE80D41C",
"obj/x64/Debug/net8.0-windows/Aimmy2_5fswcyed_wpftmp.AssemblyInfoInputs.cache","Custom-only","Build-or-runtime-review","66",,"1FED0A160B24DC1F879F46CA141E0188509F20AA0E1E75E0118772B9216E8C62",
"obj/x64/Debug/net8.0-windows/Aimmy2_5fswcyed_wpftmp.assets.cache","Custom-only","Build-or-runtime-review","36246",,"3B942378BD44DFDC0829EC0D628BC10CA39B0C3882445A38E19746A614EC680E",
"obj/x64/Debug/net8.0-windows/Aimmy2_5fswcyed_wpftmp.csproj.BuildWithSkipAnalyzers","Custom-only","Build-or-runtime-review","0",,"E3B0C44298FC1C149AFBF4C8996FB92427AE41E4649B934CA495991B7852B855",
"obj/x64/Debug/net8.0-windows/Aimmy2_5fswcyed_wpftmp.GeneratedMSBuildEditorConfig.editorconfig","Custom-only","Build-or-runtime-review","1087",,"C366639FD103F2DFAF1CEAC8F5F050E5B15FAA45E2DDDF371B29998033B4FDB2",
"obj/x64/Debug/net8.0-windows/Aimmy2_5fswcyed_wpftmp.GlobalUsings.g.cs","Custom-only","Build-or-runtime-review","183",,"FE45EA572AADFD1A9B54CF7251405CFA11B748CA88B034F06A724D49758CED2D",
"obj/x64/Debug/net8.0-windows/Aimmy2_5ohcspe0_wpftmp.AssemblyInfo.cs","Custom-only","Build-or-runtime-review","1174",,"C2EE451CD149B2DEC17A341AD1D3BF0A44858776D43EDF436A126C6AAE80D41C",
"obj/x64/Debug/net8.0-windows/Aimmy2_5ohcspe0_wpftmp.AssemblyInfoInputs.cache","Custom-only","Build-or-runtime-review","66",,"1FED0A160B24DC1F879F46CA141E0188509F20AA0E1E75E0118772B9216E8C62",
"obj/x64/Debug/net8.0-windows/Aimmy2_5ohcspe0_wpftmp.assets.cache","Custom-only","Build-or-runtime-review","36246",,"086C72C154C25FEC4AA7D0DBD2F069DCA525B25E0FD8A06F21F44926A4398BAB",
"obj/x64/Debug/net8.0-windows/Aimmy2_5ohcspe0_wpftmp.csproj.BuildWithSkipAnalyzers","Custom-only","Build-or-runtime-review","0",,"E3B0C44298FC1C149AFBF4C8996FB92427AE41E4649B934CA495991B7852B855",
"obj/x64/Debug/net8.0-windows/Aimmy2_5ohcspe0_wpftmp.GeneratedMSBuildEditorConfig.editorconfig","Custom-only","Build-or-runtime-review","1089",,"CC748429AEA0ACF5AEA2FB723D077EF8D4DEE0BE87B2A471315C2527C73E7F58",
"obj/x64/Debug/net8.0-windows/Aimmy2_5ohcspe0_wpftmp.GlobalUsings.g.cs","Custom-only","Build-or-runtime-review","183",,"FE45EA572AADFD1A9B54CF7251405CFA11B748CA88B034F06A724D49758CED2D",
"obj/x64/Debug/net8.0-windows/Aimmy2_5okvqkzb_wpftmp.AssemblyInfo.cs","Custom-only","Build-or-runtime-review","1174",,"C2EE451CD149B2DEC17A341AD1D3BF0A44858776D43EDF436A126C6AAE80D41C",
"obj/x64/Debug/net8.0-windows/Aimmy2_5okvqkzb_wpftmp.AssemblyInfoInputs.cache","Custom-only","Build-or-runtime-review","66",,"1FED0A160B24DC1F879F46CA141E0188509F20AA0E1E75E0118772B9216E8C62",
"obj/x64/Debug/net8.0-windows/Aimmy2_5okvqkzb_wpftmp.assets.cache","Custom-only","Build-or-runtime-review","36246",,"4BCE7A5D2005809ABC37D352B677CDB50757886131FFD4A330F7F1393C687EA8",
"obj/x64/Debug/net8.0-windows/Aimmy2_5okvqkzb_wpftmp.csproj.BuildWithSkipAnalyzers","Custom-only","Build-or-runtime-review","0",,"E3B0C44298FC1C149AFBF4C8996FB92427AE41E4649B934CA495991B7852B855",
"obj/x64/Debug/net8.0-windows/Aimmy2_5okvqkzb_wpftmp.GeneratedMSBuildEditorConfig.editorconfig","Custom-only","Build-or-runtime-review","819",,"3EF9182B52BEC39BB699BFEDA752F9503391A74FEF47E0F28DE1EF6BBECF8217",
"obj/x64/Debug/net8.0-windows/Aimmy2_5okvqkzb_wpftmp.GlobalUsings.g.cs","Custom-only","Build-or-runtime-review","183",,"FE45EA572AADFD1A9B54CF7251405CFA11B748CA88B034F06A724D49758CED2D",
"obj/x64/Debug/net8.0-windows/Aimmy2_5qaqdscj_wpftmp.AssemblyInfo.cs","Custom-only","Build-or-runtime-review","1174",,"C2EE451CD149B2DEC17A341AD1D3BF0A44858776D43EDF436A126C6AAE80D41C",
"obj/x64/Debug/net8.0-windows/Aimmy2_5qaqdscj_wpftmp.AssemblyInfoInputs.cache","Custom-only","Build-or-runtime-review","66",,"1FED0A160B24DC1F879F46CA141E0188509F20AA0E1E75E0118772B9216E8C62",
"obj/x64/Debug/net8.0-windows/Aimmy2_5qaqdscj_wpftmp.assets.cache","Custom-only","Build-or-runtime-review","36246",,"D43B10292C4F29D2D9F138F5E2B54B2C7B38345062D48759BD277F7F176FECF0",
"obj/x64/Debug/net8.0-windows/Aimmy2_5qaqdscj_wpftmp.csproj.BuildWithSkipAnalyzers","Custom-only","Build-or-runtime-review","0",,"E3B0C44298FC1C149AFBF4C8996FB92427AE41E4649B934CA495991B7852B855",
"obj/x64/Debug/net8.0-windows/Aimmy2_5qaqdscj_wpftmp.GeneratedMSBuildEditorConfig.editorconfig","Custom-only","Build-or-runtime-review","1149",,"98176DAE78CCB53DDE88AC657DFBA4937F1E53EC93DE7CDC1361C7885FEA94A9",
"obj/x64/Debug/net8.0-windows/Aimmy2_5qaqdscj_wpftmp.GlobalUsings.g.cs","Custom-only","Build-or-runtime-review","183",,"FE45EA572AADFD1A9B54CF7251405CFA11B748CA88B034F06A724D49758CED2D",
"obj/x64/Debug/net8.0-windows/Aimmy2_5qbryvqy_wpftmp.AssemblyInfo.cs","Custom-only","Build-or-runtime-review","1174",,"C2EE451CD149B2DEC17A341AD1D3BF0A44858776D43EDF436A126C6AAE80D41C",
"obj/x64/Debug/net8.0-windows/Aimmy2_5qbryvqy_wpftmp.AssemblyInfoInputs.cache","Custom-only","Build-or-runtime-review","66",,"1FED0A160B24DC1F879F46CA141E0188509F20AA0E1E75E0118772B9216E8C62",
"obj/x64/Debug/net8.0-windows/Aimmy2_5qbryvqy_wpftmp.assets.cache","Custom-only","Build-or-runtime-review","36246",,"7E2343D30C5279FF9E954C070E1DB8C1E805923A3582A140E44A49CB94BF6364",
"obj/x64/Debug/net8.0-windows/Aimmy2_5qbryvqy_wpftmp.csproj.BuildWithSkipAnalyzers","Custom-only","Build-or-runtime-review","0",,"E3B0C44298FC1C149AFBF4C8996FB92427AE41E4649B934CA495991B7852B855",
"obj/x64/Debug/net8.0-windows/Aimmy2_5qbryvqy_wpftmp.GeneratedMSBuildEditorConfig.editorconfig","Custom-only","Build-or-runtime-review","819",,"3EF9182B52BEC39BB699BFEDA752F9503391A74FEF47E0F28DE1EF6BBECF8217",
"obj/x64/Debug/net8.0-windows/Aimmy2_5qbryvqy_wpftmp.GlobalUsings.g.cs","Custom-only","Build-or-runtime-review","183",,"FE45EA572AADFD1A9B54CF7251405CFA11B748CA88B034F06A724D49758CED2D",
"obj/x64/Debug/net8.0-windows/Aimmy2_5twv5c0z_wpftmp.AssemblyInfo.cs","Custom-only","Build-or-runtime-review","1174",,"C2EE451CD149B2DEC17A341AD1D3BF0A44858776D43EDF436A126C6AAE80D41C",
"obj/x64/Debug/net8.0-windows/Aimmy2_5twv5c0z_wpftmp.AssemblyInfoInputs.cache","Custom-only","Build-or-runtime-review","66",,"1FED0A160B24DC1F879F46CA141E0188509F20AA0E1E75E0118772B9216E8C62",
"obj/x64/Debug/net8.0-windows/Aimmy2_5twv5c0z_wpftmp.assets.cache","Custom-only","Build-or-runtime-review","36246",,"32D6E62F9F0F9CA69F3EED5B4ABD2FEA5244A29AE5801C7F04CD3EDF41530EE5",
"obj/x64/Debug/net8.0-windows/Aimmy2_5twv5c0z_wpftmp.csproj.BuildWithSkipAnalyzers","Custom-only","Build-or-runtime-review","0",,"E3B0C44298FC1C149AFBF4C8996FB92427AE41E4649B934CA495991B7852B855",
"obj/x64/Debug/net8.0-windows/Aimmy2_5twv5c0z_wpftmp.GeneratedMSBuildEditorConfig.editorconfig","Custom-only","Build-or-runtime-review","1149",,"98176DAE78CCB53DDE88AC657DFBA4937F1E53EC93DE7CDC1361C7885FEA94A9",
"obj/x64/Debug/net8.0-windows/Aimmy2_5twv5c0z_wpftmp.GlobalUsings.g.cs","Custom-only","Build-or-runtime-review","183",,"FE45EA572AADFD1A9B54CF7251405CFA11B748CA88B034F06A724D49758CED2D",
"obj/x64/Debug/net8.0-windows/Aimmy2_5vohkxei_wpftmp.AssemblyInfo.cs","Custom-only","Build-or-runtime-review","1174",,"C2EE451CD149B2DEC17A341AD1D3BF0A44858776D43EDF436A126C6AAE80D41C",
"obj/x64/Debug/net8.0-windows/Aimmy2_5vohkxei_wpftmp.AssemblyInfoInputs.cache","Custom-only","Build-or-runtime-review","66",,"1FED0A160B24DC1F879F46CA141E0188509F20AA0E1E75E0118772B9216E8C62",
"obj/x64/Debug/net8.0-windows/Aimmy2_5vohkxei_wpftmp.assets.cache","Custom-only","Build-or-runtime-review","36246",,"EF740C794DC8B78B9234823A2F0C7A25367C39C5DBA6979366BD8E080F0FFED4",
"obj/x64/Debug/net8.0-windows/Aimmy2_5vohkxei_wpftmp.GeneratedMSBuildEditorConfig.editorconfig","Custom-only","Build-or-runtime-review","819",,"3EF9182B52BEC39BB699BFEDA752F9503391A74FEF47E0F28DE1EF6BBECF8217",
"obj/x64/Debug/net8.0-windows/Aimmy2_5vohkxei_wpftmp.GlobalUsings.g.cs","Custom-only","Build-or-runtime-review","183",,"FE45EA572AADFD1A9B54CF7251405CFA11B748CA88B034F06A724D49758CED2D",
"obj/x64/Debug/net8.0-windows/Aimmy2_a3k45pse_wpftmp.AssemblyInfo.cs","Custom-only","Build-or-runtime-review","1174",,"C2EE451CD149B2DEC17A341AD1D3BF0A44858776D43EDF436A126C6AAE80D41C",
"obj/x64/Debug/net8.0-windows/Aimmy2_a3k45pse_wpftmp.AssemblyInfoInputs.cache","Custom-only","Build-or-runtime-review","66",,"1FED0A160B24DC1F879F46CA141E0188509F20AA0E1E75E0118772B9216E8C62",
"obj/x64/Debug/net8.0-windows/Aimmy2_a3k45pse_wpftmp.assets.cache","Custom-only","Build-or-runtime-review","36246",,"E838BE2DD3DBF532D5224BC7660915FCD9166058D54D2CA0D1E56BBD7784B695",
"obj/x64/Debug/net8.0-windows/Aimmy2_a3k45pse_wpftmp.csproj.BuildWithSkipAnalyzers","Custom-only","Build-or-runtime-review","0",,"E3B0C44298FC1C149AFBF4C8996FB92427AE41E4649B934CA495991B7852B855",
"obj/x64/Debug/net8.0-windows/Aimmy2_a3k45pse_wpftmp.GeneratedMSBuildEditorConfig.editorconfig","Custom-only","Build-or-runtime-review","819",,"3EF9182B52BEC39BB699BFEDA752F9503391A74FEF47E0F28DE1EF6BBECF8217",
"obj/x64/Debug/net8.0-windows/Aimmy2_a3k45pse_wpftmp.GlobalUsings.g.cs","Custom-only","Build-or-runtime-review","183",,"FE45EA572AADFD1A9B54CF7251405CFA11B748CA88B034F06A724D49758CED2D",
"obj/x64/Debug/net8.0-windows/Aimmy2_afoe150g_wpftmp.AssemblyInfo.cs","Custom-only","Build-or-runtime-review","1174",,"C2EE451CD149B2DEC17A341AD1D3BF0A44858776D43EDF436A126C6AAE80D41C",
"obj/x64/Debug/net8.0-windows/Aimmy2_afoe150g_wpftmp.AssemblyInfoInputs.cache","Custom-only","Build-or-runtime-review","66",,"1FED0A160B24DC1F879F46CA141E0188509F20AA0E1E75E0118772B9216E8C62",
"obj/x64/Debug/net8.0-windows/Aimmy2_afoe150g_wpftmp.assets.cache","Custom-only","Build-or-runtime-review","37798",,"34CDEE5B0FCF9B480BD91FE72BEABEE551A342BD32423F9336B4B0CF433F09E5",
"obj/x64/Debug/net8.0-windows/Aimmy2_afoe150g_wpftmp.csproj.BuildWithSkipAnalyzers","Custom-only","Build-or-runtime-review","0",,"E3B0C44298FC1C149AFBF4C8996FB92427AE41E4649B934CA495991B7852B855",
"obj/x64/Debug/net8.0-windows/Aimmy2_afoe150g_wpftmp.GeneratedMSBuildEditorConfig.editorconfig","Custom-only","Build-or-runtime-review","1174",,"6756CDDBE904F2EC3174E57A9127FC0F3475C50D52AA8B79B33E470B7DD648F1",
"obj/x64/Debug/net8.0-windows/Aimmy2_afoe150g_wpftmp.GlobalUsings.g.cs","Custom-only","Build-or-runtime-review","183",,"FE45EA572AADFD1A9B54CF7251405CFA11B748CA88B034F06A724D49758CED2D",
"obj/x64/Debug/net8.0-windows/Aimmy2_aoov1vmj_wpftmp.AssemblyInfo.cs","Custom-only","Build-or-runtime-review","1174",,"C2EE451CD149B2DEC17A341AD1D3BF0A44858776D43EDF436A126C6AAE80D41C",
"obj/x64/Debug/net8.0-windows/Aimmy2_aoov1vmj_wpftmp.AssemblyInfoInputs.cache","Custom-only","Build-or-runtime-review","66",,"1FED0A160B24DC1F879F46CA141E0188509F20AA0E1E75E0118772B9216E8C62",
"obj/x64/Debug/net8.0-windows/Aimmy2_aoov1vmj_wpftmp.assets.cache","Custom-only","Build-or-runtime-review","36246",,"2ADB8E007C04238CCFC53CAC398DE5AB5A5D21147431FCB0BE9782EAD86CB740",
"obj/x64/Debug/net8.0-windows/Aimmy2_aoov1vmj_wpftmp.csproj.BuildWithSkipAnalyzers","Custom-only","Build-or-runtime-review","0",,"E3B0C44298FC1C149AFBF4C8996FB92427AE41E4649B934CA495991B7852B855",
"obj/x64/Debug/net8.0-windows/Aimmy2_aoov1vmj_wpftmp.GeneratedMSBuildEditorConfig.editorconfig","Custom-only","Build-or-runtime-review","871",,"7CC96B1D97E6B50EF1F26BFC7BB514E98BE018691CC42CCF7AFC905436532C7A",
"obj/x64/Debug/net8.0-windows/Aimmy2_aoov1vmj_wpftmp.GlobalUsings.g.cs","Custom-only","Build-or-runtime-review","183",,"FE45EA572AADFD1A9B54CF7251405CFA11B748CA88B034F06A724D49758CED2D",
"obj/x64/Debug/net8.0-windows/Aimmy2_aq5sjwot_wpftmp.AssemblyInfo.cs","Custom-only","Build-or-runtime-review","1174",,"C2EE451CD149B2DEC17A341AD1D3BF0A44858776D43EDF436A126C6AAE80D41C",
"obj/x64/Debug/net8.0-windows/Aimmy2_aq5sjwot_wpftmp.AssemblyInfoInputs.cache","Custom-only","Build-or-runtime-review","66",,"1FED0A160B24DC1F879F46CA141E0188509F20AA0E1E75E0118772B9216E8C62",
"obj/x64/Debug/net8.0-windows/Aimmy2_aq5sjwot_wpftmp.assets.cache","Custom-only","Build-or-runtime-review","36246",,"A3B6334F34E8058275C04622BD58AD1B7E2A9A2898889B04AD2B389ED62B9D78",
"obj/x64/Debug/net8.0-windows/Aimmy2_aq5sjwot_wpftmp.csproj.BuildWithSkipAnalyzers","Custom-only","Build-or-runtime-review","0",,"E3B0C44298FC1C149AFBF4C8996FB92427AE41E4649B934CA495991B7852B855",
"obj/x64/Debug/net8.0-windows/Aimmy2_aq5sjwot_wpftmp.GeneratedMSBuildEditorConfig.editorconfig","Custom-only","Build-or-runtime-review","1089",,"8E94C47B148DC4DBB0AC29D037D3998E9CEE545092CA8CD5FC42C5CDA7F02323",
"obj/x64/Debug/net8.0-windows/Aimmy2_aq5sjwot_wpftmp.GlobalUsings.g.cs","Custom-only","Build-or-runtime-review","183",,"FE45EA572AADFD1A9B54CF7251405CFA11B748CA88B034F06A724D49758CED2D",
"obj/x64/Debug/net8.0-windows/Aimmy2_axyrb511_wpftmp.AssemblyInfo.cs","Custom-only","Build-or-runtime-review","1174",,"C2EE451CD149B2DEC17A341AD1D3BF0A44858776D43EDF436A126C6AAE80D41C",
"obj/x64/Debug/net8.0-windows/Aimmy2_axyrb511_wpftmp.AssemblyInfoInputs.cache","Custom-only","Build-or-runtime-review","66",,"1FED0A160B24DC1F879F46CA141E0188509F20AA0E1E75E0118772B9216E8C62",
"obj/x64/Debug/net8.0-windows/Aimmy2_axyrb511_wpftmp.assets.cache","Custom-only","Build-or-runtime-review","36246",,"0F1463519BA34D756504C654C95DC175F00E9B729F6560C898E1E9D68FCB7C88",
"obj/x64/Debug/net8.0-windows/Aimmy2_axyrb511_wpftmp.GeneratedMSBuildEditorConfig.editorconfig","Custom-only","Build-or-runtime-review","819",,"3EF9182B52BEC39BB699BFEDA752F9503391A74FEF47E0F28DE1EF6BBECF8217",
"obj/x64/Debug/net8.0-windows/Aimmy2_axyrb511_wpftmp.GlobalUsings.g.cs","Custom-only","Build-or-runtime-review","183",,"FE45EA572AADFD1A9B54CF7251405CFA11B748CA88B034F06A724D49758CED2D",
"obj/x64/Debug/net8.0-windows/Aimmy2_b5n53it2_wpftmp.AssemblyInfo.cs","Custom-only","Build-or-runtime-review","1174",,"C2EE451CD149B2DEC17A341AD1D3BF0A44858776D43EDF436A126C6AAE80D41C",
"obj/x64/Debug/net8.0-windows/Aimmy2_b5n53it2_wpftmp.AssemblyInfoInputs.cache","Custom-only","Build-or-runtime-review","66",,"1FED0A160B24DC1F879F46CA141E0188509F20AA0E1E75E0118772B9216E8C62",
"obj/x64/Debug/net8.0-windows/Aimmy2_b5n53it2_wpftmp.assets.cache","Custom-only","Build-or-runtime-review","36246",,"F6F1A9B678F1978AB55F3A0CD5C6165CD7DC18537DF72E46B2EFC2B95C64EE75",
"obj/x64/Debug/net8.0-windows/Aimmy2_b5n53it2_wpftmp.csproj.BuildWithSkipAnalyzers","Custom-only","Build-or-runtime-review","0",,"E3B0C44298FC1C149AFBF4C8996FB92427AE41E4649B934CA495991B7852B855",
"obj/x64/Debug/net8.0-windows/Aimmy2_b5n53it2_wpftmp.GeneratedMSBuildEditorConfig.editorconfig","Custom-only","Build-or-runtime-review","819",,"3EF9182B52BEC39BB699BFEDA752F9503391A74FEF47E0F28DE1EF6BBECF8217",
"obj/x64/Debug/net8.0-windows/Aimmy2_b5n53it2_wpftmp.GlobalUsings.g.cs","Custom-only","Build-or-runtime-review","183",,"FE45EA572AADFD1A9B54CF7251405CFA11B748CA88B034F06A724D49758CED2D",
"obj/x64/Debug/net8.0-windows/Aimmy2_beoj323h_wpftmp.AssemblyInfo.cs","Custom-only","Build-or-runtime-review","1174",,"C2EE451CD149B2DEC17A341AD1D3BF0A44858776D43EDF436A126C6AAE80D41C",
"obj/x64/Debug/net8.0-windows/Aimmy2_beoj323h_wpftmp.AssemblyInfoInputs.cache","Custom-only","Build-or-runtime-review","66",,"1FED0A160B24DC1F879F46CA141E0188509F20AA0E1E75E0118772B9216E8C62",
"obj/x64/Debug/net8.0-windows/Aimmy2_beoj323h_wpftmp.assets.cache","Custom-only","Build-or-runtime-review","36246",,"F99A8226C3FBCF3BCF07661C951084975DBF5829E8727716B9A9B0264BA8FA48",
"obj/x64/Debug/net8.0-windows/Aimmy2_beoj323h_wpftmp.csproj.BuildWithSkipAnalyzers","Custom-only","Build-or-runtime-review","0",,"E3B0C44298FC1C149AFBF4C8996FB92427AE41E4649B934CA495991B7852B855",
"obj/x64/Debug/net8.0-windows/Aimmy2_beoj323h_wpftmp.GeneratedMSBuildEditorConfig.editorconfig","Custom-only","Build-or-runtime-review","819",,"3EF9182B52BEC39BB699BFEDA752F9503391A74FEF47E0F28DE1EF6BBECF8217",
"obj/x64/Debug/net8.0-windows/Aimmy2_beoj323h_wpftmp.GlobalUsings.g.cs","Custom-only","Build-or-runtime-review","183",,"FE45EA572AADFD1A9B54CF7251405CFA11B748CA88B034F06A724D49758CED2D",
"obj/x64/Debug/net8.0-windows/Aimmy2_beyxz4zn_wpftmp.AssemblyInfo.cs","Custom-only","Build-or-runtime-review","1174",,"C2EE451CD149B2DEC17A341AD1D3BF0A44858776D43EDF436A126C6AAE80D41C",
"obj/x64/Debug/net8.0-windows/Aimmy2_beyxz4zn_wpftmp.AssemblyInfoInputs.cache","Custom-only","Build-or-runtime-review","66",,"1FED0A160B24DC1F879F46CA141E0188509F20AA0E1E75E0118772B9216E8C62",
"obj/x64/Debug/net8.0-windows/Aimmy2_beyxz4zn_wpftmp.assets.cache","Custom-only","Build-or-runtime-review","36246",,"65351BDCB923261D167A33B858080A52D7FC8DC7A602B541DF3823FA5940763C",
"obj/x64/Debug/net8.0-windows/Aimmy2_beyxz4zn_wpftmp.csproj.BuildWithSkipAnalyzers","Custom-only","Build-or-runtime-review","0",,"E3B0C44298FC1C149AFBF4C8996FB92427AE41E4649B934CA495991B7852B855",
"obj/x64/Debug/net8.0-windows/Aimmy2_beyxz4zn_wpftmp.GeneratedMSBuildEditorConfig.editorconfig","Custom-only","Build-or-runtime-review","819",,"3EF9182B52BEC39BB699BFEDA752F9503391A74FEF47E0F28DE1EF6BBECF8217",
"obj/x64/Debug/net8.0-windows/Aimmy2_beyxz4zn_wpftmp.GlobalUsings.g.cs","Custom-only","Build-or-runtime-review","183",,"FE45EA572AADFD1A9B54CF7251405CFA11B748CA88B034F06A724D49758CED2D",
"obj/x64/Debug/net8.0-windows/Aimmy2_bmkegf5i_wpftmp.AssemblyInfo.cs","Custom-only","Build-or-runtime-review","1174",,"C2EE451CD149B2DEC17A341AD1D3BF0A44858776D43EDF436A126C6AAE80D41C",
"obj/x64/Debug/net8.0-windows/Aimmy2_bmkegf5i_wpftmp.AssemblyInfoInputs.cache","Custom-only","Build-or-runtime-review","66",,"1FED0A160B24DC1F879F46CA141E0188509F20AA0E1E75E0118772B9216E8C62",
"obj/x64/Debug/net8.0-windows/Aimmy2_bmkegf5i_wpftmp.assets.cache","Custom-only","Build-or-runtime-review","36246",,"CDBBC9473102D2B48049FB24003D63E041534DEC00F3D7B3B4723325369799B5",
"obj/x64/Debug/net8.0-windows/Aimmy2_bmkegf5i_wpftmp.csproj.BuildWithSkipAnalyzers","Custom-only","Build-or-runtime-review","0",,"E3B0C44298FC1C149AFBF4C8996FB92427AE41E4649B934CA495991B7852B855",
"obj/x64/Debug/net8.0-windows/Aimmy2_bmkegf5i_wpftmp.GeneratedMSBuildEditorConfig.editorconfig","Custom-only","Build-or-runtime-review","1087",,"C366639FD103F2DFAF1CEAC8F5F050E5B15FAA45E2DDDF371B29998033B4FDB2",
"obj/x64/Debug/net8.0-windows/Aimmy2_bmkegf5i_wpftmp.GlobalUsings.g.cs","Custom-only","Build-or-runtime-review","183",,"FE45EA572AADFD1A9B54CF7251405CFA11B748CA88B034F06A724D49758CED2D",
"obj/x64/Debug/net8.0-windows/Aimmy2_boolomhn_wpftmp.AssemblyInfo.cs","Custom-only","Build-or-runtime-review","1174",,"C2EE451CD149B2DEC17A341AD1D3BF0A44858776D43EDF436A126C6AAE80D41C",
"obj/x64/Debug/net8.0-windows/Aimmy2_boolomhn_wpftmp.AssemblyInfoInputs.cache","Custom-only","Build-or-runtime-review","66",,"1FED0A160B24DC1F879F46CA141E0188509F20AA0E1E75E0118772B9216E8C62",
"obj/x64/Debug/net8.0-windows/Aimmy2_boolomhn_wpftmp.assets.cache","Custom-only","Build-or-runtime-review","36246",,"DEB0218BD07B8EB8EBB677C5A31652AE86C097E284BB8F16298ECC93775F2F20",
"obj/x64/Debug/net8.0-windows/Aimmy2_boolomhn_wpftmp.csproj.BuildWithSkipAnalyzers","Custom-only","Build-or-runtime-review","0",,"E3B0C44298FC1C149AFBF4C8996FB92427AE41E4649B934CA495991B7852B855",
"obj/x64/Debug/net8.0-windows/Aimmy2_boolomhn_wpftmp.GeneratedMSBuildEditorConfig.editorconfig","Custom-only","Build-or-runtime-review","1084",,"6CF57F2AD104FF1DECD63B754F5DA77BB1616CA9C458547AD0E30573D593ED85",
"obj/x64/Debug/net8.0-windows/Aimmy2_boolomhn_wpftmp.GlobalUsings.g.cs","Custom-only","Build-or-runtime-review","183",,"FE45EA572AADFD1A9B54CF7251405CFA11B748CA88B034F06A724D49758CED2D",
"obj/x64/Debug/net8.0-windows/Aimmy2_bt1kgfcp_wpftmp.AssemblyInfo.cs","Custom-only","Build-or-runtime-review","1174",,"C2EE451CD149B2DEC17A341AD1D3BF0A44858776D43EDF436A126C6AAE80D41C",
"obj/x64/Debug/net8.0-windows/Aimmy2_bt1kgfcp_wpftmp.AssemblyInfoInputs.cache","Custom-only","Build-or-runtime-review","66",,"1FED0A160B24DC1F879F46CA141E0188509F20AA0E1E75E0118772B9216E8C62",
"obj/x64/Debug/net8.0-windows/Aimmy2_bt1kgfcp_wpftmp.assets.cache","Custom-only","Build-or-runtime-review","36246",,"7D82ED20C859831FA8B09C8D701C34A245F49EF9BEF60E28BE34C6919BC71B12",
"obj/x64/Debug/net8.0-windows/Aimmy2_bt1kgfcp_wpftmp.csproj.BuildWithSkipAnalyzers","Custom-only","Build-or-runtime-review","0",,"E3B0C44298FC1C149AFBF4C8996FB92427AE41E4649B934CA495991B7852B855",
"obj/x64/Debug/net8.0-windows/Aimmy2_bt1kgfcp_wpftmp.GeneratedMSBuildEditorConfig.editorconfig","Custom-only","Build-or-runtime-review","819",,"3EF9182B52BEC39BB699BFEDA752F9503391A74FEF47E0F28DE1EF6BBECF8217",
"obj/x64/Debug/net8.0-windows/Aimmy2_bt1kgfcp_wpftmp.GlobalUsings.g.cs","Custom-only","Build-or-runtime-review","183",,"FE45EA572AADFD1A9B54CF7251405CFA11B748CA88B034F06A724D49758CED2D",
"obj/x64/Debug/net8.0-windows/Aimmy2_bt3yybyf_wpftmp.AssemblyInfo.cs","Custom-only","Build-or-runtime-review","1174",,"C2EE451CD149B2DEC17A341AD1D3BF0A44858776D43EDF436A126C6AAE80D41C",
"obj/x64/Debug/net8.0-windows/Aimmy2_bt3yybyf_wpftmp.AssemblyInfoInputs.cache","Custom-only","Build-or-runtime-review","66",,"1FED0A160B24DC1F879F46CA141E0188509F20AA0E1E75E0118772B9216E8C62",
"obj/x64/Debug/net8.0-windows/Aimmy2_bt3yybyf_wpftmp.assets.cache","Custom-only","Build-or-runtime-review","36246",,"C68163A953684277FF1ACC625D9CD4CE97E588A8382024688EE4182866CFDBCC",
"obj/x64/Debug/net8.0-windows/Aimmy2_bt3yybyf_wpftmp.csproj.BuildWithSkipAnalyzers","Custom-only","Build-or-runtime-review","0",,"E3B0C44298FC1C149AFBF4C8996FB92427AE41E4649B934CA495991B7852B855",
"obj/x64/Debug/net8.0-windows/Aimmy2_bt3yybyf_wpftmp.GeneratedMSBuildEditorConfig.editorconfig","Custom-only","Build-or-runtime-review","1149",,"98176DAE78CCB53DDE88AC657DFBA4937F1E53EC93DE7CDC1361C7885FEA94A9",
"obj/x64/Debug/net8.0-windows/Aimmy2_bt3yybyf_wpftmp.GlobalUsings.g.cs","Custom-only","Build-or-runtime-review","183",,"FE45EA572AADFD1A9B54CF7251405CFA11B748CA88B034F06A724D49758CED2D",
"obj/x64/Debug/net8.0-windows/Aimmy2_bvwyo0na_wpftmp.AssemblyInfo.cs","Custom-only","Build-or-runtime-review","1174",,"C2EE451CD149B2DEC17A341AD1D3BF0A44858776D43EDF436A126C6AAE80D41C",
"obj/x64/Debug/net8.0-windows/Aimmy2_bvwyo0na_wpftmp.AssemblyInfoInputs.cache","Custom-only","Build-or-runtime-review","66",,"1FED0A160B24DC1F879F46CA141E0188509F20AA0E1E75E0118772B9216E8C62",
"obj/x64/Debug/net8.0-windows/Aimmy2_bvwyo0na_wpftmp.assets.cache","Custom-only","Build-or-runtime-review","36246",,"A8D5EFA2CDE2567ABFCE070844DE13526EFC7C758A2E230936DA523970E6887B",
"obj/x64/Debug/net8.0-windows/Aimmy2_bvwyo0na_wpftmp.GeneratedMSBuildEditorConfig.editorconfig","Custom-only","Build-or-runtime-review","1089",,"CC748429AEA0ACF5AEA2FB723D077EF8D4DEE0BE87B2A471315C2527C73E7F58",
"obj/x64/Debug/net8.0-windows/Aimmy2_bvwyo0na_wpftmp.GlobalUsings.g.cs","Custom-only","Build-or-runtime-review","183",,"FE45EA572AADFD1A9B54CF7251405CFA11B748CA88B034F06A724D49758CED2D",
"obj/x64/Debug/net8.0-windows/Aimmy2_bxxvph4a_wpftmp.AssemblyInfo.cs","Custom-only","Build-or-runtime-review","1174",,"C2EE451CD149B2DEC17A341AD1D3BF0A44858776D43EDF436A126C6AAE80D41C",
"obj/x64/Debug/net8.0-windows/Aimmy2_bxxvph4a_wpftmp.AssemblyInfoInputs.cache","Custom-only","Build-or-runtime-review","66",,"1FED0A160B24DC1F879F46CA141E0188509F20AA0E1E75E0118772B9216E8C62",
"obj/x64/Debug/net8.0-windows/Aimmy2_bxxvph4a_wpftmp.assets.cache","Custom-only","Build-or-runtime-review","36246",,"0A88862D82B7DFC686C44D2FAA49BF5162CD849E49A7F7B06863201A5213A935",
"obj/x64/Debug/net8.0-windows/Aimmy2_bxxvph4a_wpftmp.csproj.BuildWithSkipAnalyzers","Custom-only","Build-or-runtime-review","0",,"E3B0C44298FC1C149AFBF4C8996FB92427AE41E4649B934CA495991B7852B855",
"obj/x64/Debug/net8.0-windows/Aimmy2_bxxvph4a_wpftmp.GeneratedMSBuildEditorConfig.editorconfig","Custom-only","Build-or-runtime-review","1149",,"98176DAE78CCB53DDE88AC657DFBA4937F1E53EC93DE7CDC1361C7885FEA94A9",
"obj/x64/Debug/net8.0-windows/Aimmy2_bxxvph4a_wpftmp.GlobalUsings.g.cs","Custom-only","Build-or-runtime-review","183",,"FE45EA572AADFD1A9B54CF7251405CFA11B748CA88B034F06A724D49758CED2D",
"obj/x64/Debug/net8.0-windows/Aimmy2_c02nb5g4_wpftmp.AssemblyInfo.cs","Custom-only","Build-or-runtime-review","1174",,"C2EE451CD149B2DEC17A341AD1D3BF0A44858776D43EDF436A126C6AAE80D41C",
"obj/x64/Debug/net8.0-windows/Aimmy2_c02nb5g4_wpftmp.AssemblyInfoInputs.cache","Custom-only","Build-or-runtime-review","66",,"1FED0A160B24DC1F879F46CA141E0188509F20AA0E1E75E0118772B9216E8C62",
"obj/x64/Debug/net8.0-windows/Aimmy2_c02nb5g4_wpftmp.assets.cache","Custom-only","Build-or-runtime-review","36246",,"C293FEFD87871B82B204A2C244308CDDAECEFAEB40F317848A6D390903F76117",
"obj/x64/Debug/net8.0-windows/Aimmy2_c02nb5g4_wpftmp.csproj.BuildWithSkipAnalyzers","Custom-only","Build-or-runtime-review","0",,"E3B0C44298FC1C149AFBF4C8996FB92427AE41E4649B934CA495991B7852B855",
"obj/x64/Debug/net8.0-windows/Aimmy2_c02nb5g4_wpftmp.GeneratedMSBuildEditorConfig.editorconfig","Custom-only","Build-or-runtime-review","1089",,"1CA322FEC0767C49135114EBD501237764293209ADAE9CFBFA1FD087033D98AB",
"obj/x64/Debug/net8.0-windows/Aimmy2_c02nb5g4_wpftmp.GlobalUsings.g.cs","Custom-only","Build-or-runtime-review","183",,"FE45EA572AADFD1A9B54CF7251405CFA11B748CA88B034F06A724D49758CED2D",
"obj/x64/Debug/net8.0-windows/Aimmy2_c0ocvqse_wpftmp.AssemblyInfo.cs","Custom-only","Build-or-runtime-review","1174",,"C2EE451CD149B2DEC17A341AD1D3BF0A44858776D43EDF436A126C6AAE80D41C",
"obj/x64/Debug/net8.0-windows/Aimmy2_c0ocvqse_wpftmp.AssemblyInfoInputs.cache","Custom-only","Build-or-runtime-review","66",,"1FED0A160B24DC1F879F46CA141E0188509F20AA0E1E75E0118772B9216E8C62",
"obj/x64/Debug/net8.0-windows/Aimmy2_c0ocvqse_wpftmp.assets.cache","Custom-only","Build-or-runtime-review","36246",,"940803C2AA14C55DF78360AD45BD558BBB2BD096CABEB50949CC10B371ED38B7",
"obj/x64/Debug/net8.0-windows/Aimmy2_c0ocvqse_wpftmp.csproj.BuildWithSkipAnalyzers","Custom-only","Build-or-runtime-review","0",,"E3B0C44298FC1C149AFBF4C8996FB92427AE41E4649B934CA495991B7852B855",
"obj/x64/Debug/net8.0-windows/Aimmy2_c0ocvqse_wpftmp.GeneratedMSBuildEditorConfig.editorconfig","Custom-only","Build-or-runtime-review","819",,"3EF9182B52BEC39BB699BFEDA752F9503391A74FEF47E0F28DE1EF6BBECF8217",
"obj/x64/Debug/net8.0-windows/Aimmy2_c0ocvqse_wpftmp.GlobalUsings.g.cs","Custom-only","Build-or-runtime-review","183",,"FE45EA572AADFD1A9B54CF7251405CFA11B748CA88B034F06A724D49758CED2D",
"obj/x64/Debug/net8.0-windows/Aimmy2_c11unq4j_wpftmp.AssemblyInfo.cs","Custom-only","Build-or-runtime-review","1174",,"C2EE451CD149B2DEC17A341AD1D3BF0A44858776D43EDF436A126C6AAE80D41C",
"obj/x64/Debug/net8.0-windows/Aimmy2_c11unq4j_wpftmp.AssemblyInfoInputs.cache","Custom-only","Build-or-runtime-review","66",,"1FED0A160B24DC1F879F46CA141E0188509F20AA0E1E75E0118772B9216E8C62",
"obj/x64/Debug/net8.0-windows/Aimmy2_c11unq4j_wpftmp.assets.cache","Custom-only","Build-or-runtime-review","36246",,"FE11B8B2ECE3DA2D999E7855249C269D65F6B92192F90D58EEB8C6C5E7F51041",
"obj/x64/Debug/net8.0-windows/Aimmy2_c11unq4j_wpftmp.csproj.BuildWithSkipAnalyzers","Custom-only","Build-or-runtime-review","0",,"E3B0C44298FC1C149AFBF4C8996FB92427AE41E4649B934CA495991B7852B855",
"obj/x64/Debug/net8.0-windows/Aimmy2_c11unq4j_wpftmp.GeneratedMSBuildEditorConfig.editorconfig","Custom-only","Build-or-runtime-review","819",,"3EF9182B52BEC39BB699BFEDA752F9503391A74FEF47E0F28DE1EF6BBECF8217",
"obj/x64/Debug/net8.0-windows/Aimmy2_c11unq4j_wpftmp.GlobalUsings.g.cs","Custom-only","Build-or-runtime-review","183",,"FE45EA572AADFD1A9B54CF7251405CFA11B748CA88B034F06A724D49758CED2D",
"obj/x64/Debug/net8.0-windows/Aimmy2_cabel150_wpftmp.AssemblyInfo.cs","Custom-only","Build-or-runtime-review","1174",,"C2EE451CD149B2DEC17A341AD1D3BF0A44858776D43EDF436A126C6AAE80D41C",
"obj/x64/Debug/net8.0-windows/Aimmy2_cabel150_wpftmp.AssemblyInfoInputs.cache","Custom-only","Build-or-runtime-review","66",,"1FED0A160B24DC1F879F46CA141E0188509F20AA0E1E75E0118772B9216E8C62",
"obj/x64/Debug/net8.0-windows/Aimmy2_cabel150_wpftmp.assets.cache","Custom-only","Build-or-runtime-review","36246",,"D0797A4B4799306ECC958F5881EF50F5076C17ED0FDCE197A723715539A437D1",
"obj/x64/Debug/net8.0-windows/Aimmy2_cabel150_wpftmp.csproj.BuildWithSkipAnalyzers","Custom-only","Build-or-runtime-review","0",,"E3B0C44298FC1C149AFBF4C8996FB92427AE41E4649B934CA495991B7852B855",
"obj/x64/Debug/net8.0-windows/Aimmy2_cabel150_wpftmp.GeneratedMSBuildEditorConfig.editorconfig","Custom-only","Build-or-runtime-review","819",,"3EF9182B52BEC39BB699BFEDA752F9503391A74FEF47E0F28DE1EF6BBECF8217",
"obj/x64/Debug/net8.0-windows/Aimmy2_cabel150_wpftmp.GlobalUsings.g.cs","Custom-only","Build-or-runtime-review","183",,"FE45EA572AADFD1A9B54CF7251405CFA11B748CA88B034F06A724D49758CED2D",
"obj/x64/Debug/net8.0-windows/Aimmy2_cdltfviv_wpftmp.AssemblyInfo.cs","Custom-only","Build-or-runtime-review","1174",,"C2EE451CD149B2DEC17A341AD1D3BF0A44858776D43EDF436A126C6AAE80D41C",
"obj/x64/Debug/net8.0-windows/Aimmy2_cdltfviv_wpftmp.AssemblyInfoInputs.cache","Custom-only","Build-or-runtime-review","66",,"1FED0A160B24DC1F879F46CA141E0188509F20AA0E1E75E0118772B9216E8C62",
"obj/x64/Debug/net8.0-windows/Aimmy2_cdltfviv_wpftmp.assets.cache","Custom-only","Build-or-runtime-review","36246",,"70B7FF00E16C89EFCAC252623B6C0ADB564B646D77AB4E43FB2E9E51D765A881",
"obj/x64/Debug/net8.0-windows/Aimmy2_cdltfviv_wpftmp.csproj.BuildWithSkipAnalyzers","Custom-only","Build-or-runtime-review","0",,"E3B0C44298FC1C149AFBF4C8996FB92427AE41E4649B934CA495991B7852B855",
"obj/x64/Debug/net8.0-windows/Aimmy2_cdltfviv_wpftmp.GeneratedMSBuildEditorConfig.editorconfig","Custom-only","Build-or-runtime-review","1149",,"98176DAE78CCB53DDE88AC657DFBA4937F1E53EC93DE7CDC1361C7885FEA94A9",
"obj/x64/Debug/net8.0-windows/Aimmy2_cdltfviv_wpftmp.GlobalUsings.g.cs","Custom-only","Build-or-runtime-review","183",,"FE45EA572AADFD1A9B54CF7251405CFA11B748CA88B034F06A724D49758CED2D",
"obj/x64/Debug/net8.0-windows/Aimmy2_cib3s4et_wpftmp.AssemblyInfo.cs","Custom-only","Build-or-runtime-review","1174",,"C2EE451CD149B2DEC17A341AD1D3BF0A44858776D43EDF436A126C6AAE80D41C",
"obj/x64/Debug/net8.0-windows/Aimmy2_cib3s4et_wpftmp.AssemblyInfoInputs.cache","Custom-only","Build-or-runtime-review","66",,"1FED0A160B24DC1F879F46CA141E0188509F20AA0E1E75E0118772B9216E8C62",
"obj/x64/Debug/net8.0-windows/Aimmy2_cib3s4et_wpftmp.assets.cache","Custom-only","Build-or-runtime-review","37798",,"1FE4F3C44CAAF6A3BF3190B92367E70BA0359B08020861672ED2A4BE26BE5DCC",
"obj/x64/Debug/net8.0-windows/Aimmy2_cib3s4et_wpftmp.csproj.BuildWithSkipAnalyzers","Custom-only","Build-or-runtime-review","0",,"E3B0C44298FC1C149AFBF4C8996FB92427AE41E4649B934CA495991B7852B855",
"obj/x64/Debug/net8.0-windows/Aimmy2_cib3s4et_wpftmp.GeneratedMSBuildEditorConfig.editorconfig","Custom-only","Build-or-runtime-review","1174",,"6756CDDBE904F2EC3174E57A9127FC0F3475C50D52AA8B79B33E470B7DD648F1",
"obj/x64/Debug/net8.0-windows/Aimmy2_cib3s4et_wpftmp.GlobalUsings.g.cs","Custom-only","Build-or-runtime-review","183",,"FE45EA572AADFD1A9B54CF7251405CFA11B748CA88B034F06A724D49758CED2D",
"obj/x64/Debug/net8.0-windows/Aimmy2_ckcnkhz1_wpftmp.AssemblyInfo.cs","Custom-only","Build-or-runtime-review","1174",,"C2EE451CD149B2DEC17A341AD1D3BF0A44858776D43EDF436A126C6AAE80D41C",
"obj/x64/Debug/net8.0-windows/Aimmy2_ckcnkhz1_wpftmp.AssemblyInfoInputs.cache","Custom-only","Build-or-runtime-review","66",,"1FED0A160B24DC1F879F46CA141E0188509F20AA0E1E75E0118772B9216E8C62",
"obj/x64/Debug/net8.0-windows/Aimmy2_ckcnkhz1_wpftmp.assets.cache","Custom-only","Build-or-runtime-review","36246",,"BAD083DB25A427D4C14F616C6C476337AE640375A084F24E58526364125197A7",
"obj/x64/Debug/net8.0-windows/Aimmy2_ckcnkhz1_wpftmp.csproj.BuildWithSkipAnalyzers","Custom-only","Build-or-runtime-review","0",,"E3B0C44298FC1C149AFBF4C8996FB92427AE41E4649B934CA495991B7852B855",
"obj/x64/Debug/net8.0-windows/Aimmy2_ckcnkhz1_wpftmp.GeneratedMSBuildEditorConfig.editorconfig","Custom-only","Build-or-runtime-review","819",,"3EF9182B52BEC39BB699BFEDA752F9503391A74FEF47E0F28DE1EF6BBECF8217",
"obj/x64/Debug/net8.0-windows/Aimmy2_ckcnkhz1_wpftmp.GlobalUsings.g.cs","Custom-only","Build-or-runtime-review","183",,"FE45EA572AADFD1A9B54CF7251405CFA11B748CA88B034F06A724D49758CED2D",
"obj/x64/Debug/net8.0-windows/Aimmy2_cn2ldxc0_wpftmp.AssemblyInfo.cs","Custom-only","Build-or-runtime-review","1174",,"C2EE451CD149B2DEC17A341AD1D3BF0A44858776D43EDF436A126C6AAE80D41C",
"obj/x64/Debug/net8.0-windows/Aimmy2_cn2ldxc0_wpftmp.AssemblyInfoInputs.cache","Custom-only","Build-or-runtime-review","66",,"1FED0A160B24DC1F879F46CA141E0188509F20AA0E1E75E0118772B9216E8C62",
"obj/x64/Debug/net8.0-windows/Aimmy2_cn2ldxc0_wpftmp.assets.cache","Custom-only","Build-or-runtime-review","37798",,"11DBDDECB3A0C60868B10A4EA3FBD5D8515B8E65286A96100FA030C1886BE9AC",
"obj/x64/Debug/net8.0-windows/Aimmy2_cn2ldxc0_wpftmp.csproj.BuildWithSkipAnalyzers","Custom-only","Build-or-runtime-review","0",,"E3B0C44298FC1C149AFBF4C8996FB92427AE41E4649B934CA495991B7852B855",
"obj/x64/Debug/net8.0-windows/Aimmy2_cn2ldxc0_wpftmp.GeneratedMSBuildEditorConfig.editorconfig","Custom-only","Build-or-runtime-review","1172",,"4C5489027FB8349089E21FEBA2BB8D69000D6EECC6ABFD792BEA420369C8969F",
"obj/x64/Debug/net8.0-windows/Aimmy2_cn2ldxc0_wpftmp.GlobalUsings.g.cs","Custom-only","Build-or-runtime-review","183",,"FE45EA572AADFD1A9B54CF7251405CFA11B748CA88B034F06A724D49758CED2D",
"obj/x64/Debug/net8.0-windows/Aimmy2_cqeb3dz0_wpftmp.AssemblyInfo.cs","Custom-only","Build-or-runtime-review","1174",,"C2EE451CD149B2DEC17A341AD1D3BF0A44858776D43EDF436A126C6AAE80D41C",
"obj/x64/Debug/net8.0-windows/Aimmy2_cqeb3dz0_wpftmp.AssemblyInfoInputs.cache","Custom-only","Build-or-runtime-review","66",,"1FED0A160B24DC1F879F46CA141E0188509F20AA0E1E75E0118772B9216E8C62",
"obj/x64/Debug/net8.0-windows/Aimmy2_cqeb3dz0_wpftmp.assets.cache","Custom-only","Build-or-runtime-review","36246",,"B584DFC022E3E841E6A2F0CE05BAB98E409BD209657F614F77602A9D4C18C653",
"obj/x64/Debug/net8.0-windows/Aimmy2_cqeb3dz0_wpftmp.csproj.BuildWithSkipAnalyzers","Custom-only","Build-or-runtime-review","0",,"E3B0C44298FC1C149AFBF4C8996FB92427AE41E4649B934CA495991B7852B855",
"obj/x64/Debug/net8.0-windows/Aimmy2_cqeb3dz0_wpftmp.GeneratedMSBuildEditorConfig.editorconfig","Custom-only","Build-or-runtime-review","819",,"3EF9182B52BEC39BB699BFEDA752F9503391A74FEF47E0F28DE1EF6BBECF8217",
"obj/x64/Debug/net8.0-windows/Aimmy2_cqeb3dz0_wpftmp.GlobalUsings.g.cs","Custom-only","Build-or-runtime-review","183",,"FE45EA572AADFD1A9B54CF7251405CFA11B748CA88B034F06A724D49758CED2D",
"obj/x64/Debug/net8.0-windows/Aimmy2_cqjpide5_wpftmp.AssemblyInfo.cs","Custom-only","Build-or-runtime-review","1174",,"C2EE451CD149B2DEC17A341AD1D3BF0A44858776D43EDF436A126C6AAE80D41C",
"obj/x64/Debug/net8.0-windows/Aimmy2_cqjpide5_wpftmp.AssemblyInfoInputs.cache","Custom-only","Build-or-runtime-review","66",,"1FED0A160B24DC1F879F46CA141E0188509F20AA0E1E75E0118772B9216E8C62",
"obj/x64/Debug/net8.0-windows/Aimmy2_cqjpide5_wpftmp.assets.cache","Custom-only","Build-or-runtime-review","36246",,"952F0DBCE142124E497E1E61086B2F619B50ED2CF2E841BBAFD35B17C8929943",
"obj/x64/Debug/net8.0-windows/Aimmy2_cqjpide5_wpftmp.csproj.BuildWithSkipAnalyzers","Custom-only","Build-or-runtime-review","0",,"E3B0C44298FC1C149AFBF4C8996FB92427AE41E4649B934CA495991B7852B855",
"obj/x64/Debug/net8.0-windows/Aimmy2_cqjpide5_wpftmp.GeneratedMSBuildEditorConfig.editorconfig","Custom-only","Build-or-runtime-review","1089",,"CC748429AEA0ACF5AEA2FB723D077EF8D4DEE0BE87B2A471315C2527C73E7F58",
"obj/x64/Debug/net8.0-windows/Aimmy2_cqjpide5_wpftmp.GlobalUsings.g.cs","Custom-only","Build-or-runtime-review","183",,"FE45EA572AADFD1A9B54CF7251405CFA11B748CA88B034F06A724D49758CED2D",
"obj/x64/Debug/net8.0-windows/Aimmy2_cqtez2um_wpftmp.AssemblyInfo.cs","Custom-only","Build-or-runtime-review","1174",,"C2EE451CD149B2DEC17A341AD1D3BF0A44858776D43EDF436A126C6AAE80D41C",
"obj/x64/Debug/net8.0-windows/Aimmy2_cqtez2um_wpftmp.AssemblyInfoInputs.cache","Custom-only","Build-or-runtime-review","66",,"1FED0A160B24DC1F879F46CA141E0188509F20AA0E1E75E0118772B9216E8C62",
"obj/x64/Debug/net8.0-windows/Aimmy2_cqtez2um_wpftmp.assets.cache","Custom-only","Build-or-runtime-review","36246",,"520EF1ABA7B993BA7AB949B15D0496D8211F405E2FAE5D62CE0022CC36149188",
"obj/x64/Debug/net8.0-windows/Aimmy2_cqtez2um_wpftmp.csproj.BuildWithSkipAnalyzers","Custom-only","Build-or-runtime-review","0",,"E3B0C44298FC1C149AFBF4C8996FB92427AE41E4649B934CA495991B7852B855",
"obj/x64/Debug/net8.0-windows/Aimmy2_cqtez2um_wpftmp.GeneratedMSBuildEditorConfig.editorconfig","Custom-only","Build-or-runtime-review","819",,"3EF9182B52BEC39BB699BFEDA752F9503391A74FEF47E0F28DE1EF6BBECF8217",
"obj/x64/Debug/net8.0-windows/Aimmy2_cqtez2um_wpftmp.GlobalUsings.g.cs","Custom-only","Build-or-runtime-review","183",,"FE45EA572AADFD1A9B54CF7251405CFA11B748CA88B034F06A724D49758CED2D",
"obj/x64/Debug/net8.0-windows/Aimmy2_csrzx4ow_wpftmp.AssemblyInfo.cs","Custom-only","Build-or-runtime-review","1174",,"C2EE451CD149B2DEC17A341AD1D3BF0A44858776D43EDF436A126C6AAE80D41C",
"obj/x64/Debug/net8.0-windows/Aimmy2_csrzx4ow_wpftmp.AssemblyInfoInputs.cache","Custom-only","Build-or-runtime-review","66",,"1FED0A160B24DC1F879F46CA141E0188509F20AA0E1E75E0118772B9216E8C62",
"obj/x64/Debug/net8.0-windows/Aimmy2_csrzx4ow_wpftmp.assets.cache","Custom-only","Build-or-runtime-review","36246",,"5951F30F82ACA8C8B32B481B41047EA139C6CB0C2E6C2C3CDC5B7D63A4D775E5",
"obj/x64/Debug/net8.0-windows/Aimmy2_csrzx4ow_wpftmp.csproj.BuildWithSkipAnalyzers","Custom-only","Build-or-runtime-review","0",,"E3B0C44298FC1C149AFBF4C8996FB92427AE41E4649B934CA495991B7852B855",
"obj/x64/Debug/net8.0-windows/Aimmy2_csrzx4ow_wpftmp.GeneratedMSBuildEditorConfig.editorconfig","Custom-only","Build-or-runtime-review","819",,"3EF9182B52BEC39BB699BFEDA752F9503391A74FEF47E0F28DE1EF6BBECF8217",
"obj/x64/Debug/net8.0-windows/Aimmy2_csrzx4ow_wpftmp.GlobalUsings.g.cs","Custom-only","Build-or-runtime-review","183",,"FE45EA572AADFD1A9B54CF7251405CFA11B748CA88B034F06A724D49758CED2D",
"obj/x64/Debug/net8.0-windows/Aimmy2_cu5has54_wpftmp.AssemblyInfo.cs","Custom-only","Build-or-runtime-review","1174",,"C2EE451CD149B2DEC17A341AD1D3BF0A44858776D43EDF436A126C6AAE80D41C",
"obj/x64/Debug/net8.0-windows/Aimmy2_cu5has54_wpftmp.AssemblyInfoInputs.cache","Custom-only","Build-or-runtime-review","66",,"1FED0A160B24DC1F879F46CA141E0188509F20AA0E1E75E0118772B9216E8C62",
"obj/x64/Debug/net8.0-windows/Aimmy2_cu5has54_wpftmp.assets.cache","Custom-only","Build-or-runtime-review","36246",,"B92153AE6B08D34483A492D33F87DBBEC594E61692B4F281A24F554DEFE27E7D",
"obj/x64/Debug/net8.0-windows/Aimmy2_cu5has54_wpftmp.csproj.BuildWithSkipAnalyzers","Custom-only","Build-or-runtime-review","0",,"E3B0C44298FC1C149AFBF4C8996FB92427AE41E4649B934CA495991B7852B855",
"obj/x64/Debug/net8.0-windows/Aimmy2_cu5has54_wpftmp.GeneratedMSBuildEditorConfig.editorconfig","Custom-only","Build-or-runtime-review","1149",,"98176DAE78CCB53DDE88AC657DFBA4937F1E53EC93DE7CDC1361C7885FEA94A9",
"obj/x64/Debug/net8.0-windows/Aimmy2_cu5has54_wpftmp.GlobalUsings.g.cs","Custom-only","Build-or-runtime-review","183",,"FE45EA572AADFD1A9B54CF7251405CFA11B748CA88B034F06A724D49758CED2D",
"obj/x64/Debug/net8.0-windows/Aimmy2_czgkje4p_wpftmp.AssemblyInfo.cs","Custom-only","Build-or-runtime-review","1174",,"C2EE451CD149B2DEC17A341AD1D3BF0A44858776D43EDF436A126C6AAE80D41C",
"obj/x64/Debug/net8.0-windows/Aimmy2_czgkje4p_wpftmp.AssemblyInfoInputs.cache","Custom-only","Build-or-runtime-review","66",,"1FED0A160B24DC1F879F46CA141E0188509F20AA0E1E75E0118772B9216E8C62",
"obj/x64/Debug/net8.0-windows/Aimmy2_czgkje4p_wpftmp.assets.cache","Custom-only","Build-or-runtime-review","36246",,"5DC97FE55827729DD827C46A9E679C5A17C05DB502BD2F594D01B25D9CFA10ED",
"obj/x64/Debug/net8.0-windows/Aimmy2_czgkje4p_wpftmp.GeneratedMSBuildEditorConfig.editorconfig","Custom-only","Build-or-runtime-review","819",,"3EF9182B52BEC39BB699BFEDA752F9503391A74FEF47E0F28DE1EF6BBECF8217",
"obj/x64/Debug/net8.0-windows/Aimmy2_czgkje4p_wpftmp.GlobalUsings.g.cs","Custom-only","Build-or-runtime-review","183",,"FE45EA572AADFD1A9B54CF7251405CFA11B748CA88B034F06A724D49758CED2D",
"obj/x64/Debug/net8.0-windows/Aimmy2_d1ekcb1i_wpftmp.AssemblyInfo.cs","Custom-only","Build-or-runtime-review","1174",,"C2EE451CD149B2DEC17A341AD1D3BF0A44858776D43EDF436A126C6AAE80D41C",
"obj/x64/Debug/net8.0-windows/Aimmy2_d1ekcb1i_wpftmp.AssemblyInfoInputs.cache","Custom-only","Build-or-runtime-review","66",,"1FED0A160B24DC1F879F46CA141E0188509F20AA0E1E75E0118772B9216E8C62",
"obj/x64/Debug/net8.0-windows/Aimmy2_d1ekcb1i_wpftmp.assets.cache","Custom-only","Build-or-runtime-review","36246",,"107B962F28B46E12B4E078ABEC0BFEC235E5393B61A19BC73EC2ACA716EEAEF6",
"obj/x64/Debug/net8.0-windows/Aimmy2_d1ekcb1i_wpftmp.csproj.BuildWithSkipAnalyzers","Custom-only","Build-or-runtime-review","0",,"E3B0C44298FC1C149AFBF4C8996FB92427AE41E4649B934CA495991B7852B855",
"obj/x64/Debug/net8.0-windows/Aimmy2_d1ekcb1i_wpftmp.GeneratedMSBuildEditorConfig.editorconfig","Custom-only","Build-or-runtime-review","819",,"3EF9182B52BEC39BB699BFEDA752F9503391A74FEF47E0F28DE1EF6BBECF8217",
"obj/x64/Debug/net8.0-windows/Aimmy2_d1ekcb1i_wpftmp.GlobalUsings.g.cs","Custom-only","Build-or-runtime-review","183",,"FE45EA572AADFD1A9B54CF7251405CFA11B748CA88B034F06A724D49758CED2D",
"obj/x64/Debug/net8.0-windows/Aimmy2_d1mfllgv_wpftmp.AssemblyInfo.cs","Custom-only","Build-or-runtime-review","1174",,"C2EE451CD149B2DEC17A341AD1D3BF0A44858776D43EDF436A126C6AAE80D41C",
"obj/x64/Debug/net8.0-windows/Aimmy2_d1mfllgv_wpftmp.AssemblyInfoInputs.cache","Custom-only","Build-or-runtime-review","66",,"1FED0A160B24DC1F879F46CA141E0188509F20AA0E1E75E0118772B9216E8C62",
"obj/x64/Debug/net8.0-windows/Aimmy2_d1mfllgv_wpftmp.assets.cache","Custom-only","Build-or-runtime-review","36246",,"A458B05F93F284126397950C0526D2FD70710485CCBEDA40CA95A901C3ED9F13",
"obj/x64/Debug/net8.0-windows/Aimmy2_d1mfllgv_wpftmp.csproj.BuildWithSkipAnalyzers","Custom-only","Build-or-runtime-review","0",,"E3B0C44298FC1C149AFBF4C8996FB92427AE41E4649B934CA495991B7852B855",
"obj/x64/Debug/net8.0-windows/Aimmy2_d1mfllgv_wpftmp.GeneratedMSBuildEditorConfig.editorconfig","Custom-only","Build-or-runtime-review","819",,"3EF9182B52BEC39BB699BFEDA752F9503391A74FEF47E0F28DE1EF6BBECF8217",
"obj/x64/Debug/net8.0-windows/Aimmy2_d1mfllgv_wpftmp.GlobalUsings.g.cs","Custom-only","Build-or-runtime-review","183",,"FE45EA572AADFD1A9B54CF7251405CFA11B748CA88B034F06A724D49758CED2D",
"obj/x64/Debug/net8.0-windows/Aimmy2_d3kz2vwx_wpftmp.AssemblyInfo.cs","Custom-only","Build-or-runtime-review","1174",,"C2EE451CD149B2DEC17A341AD1D3BF0A44858776D43EDF436A126C6AAE80D41C",
"obj/x64/Debug/net8.0-windows/Aimmy2_d3kz2vwx_wpftmp.AssemblyInfoInputs.cache","Custom-only","Build-or-runtime-review","66",,"1FED0A160B24DC1F879F46CA141E0188509F20AA0E1E75E0118772B9216E8C62",
"obj/x64/Debug/net8.0-windows/Aimmy2_d3kz2vwx_wpftmp.assets.cache","Custom-only","Build-or-runtime-review","36246",,"F929FCB7993E9A0B67F6E0AF44AD6B1AC656B4E857EC8584CAF82098EF21F8B4",
"obj/x64/Debug/net8.0-windows/Aimmy2_d3kz2vwx_wpftmp.csproj.BuildWithSkipAnalyzers","Custom-only","Build-or-runtime-review","0",,"E3B0C44298FC1C149AFBF4C8996FB92427AE41E4649B934CA495991B7852B855",
"obj/x64/Debug/net8.0-windows/Aimmy2_d3kz2vwx_wpftmp.GeneratedMSBuildEditorConfig.editorconfig","Custom-only","Build-or-runtime-review","819",,"3EF9182B52BEC39BB699BFEDA752F9503391A74FEF47E0F28DE1EF6BBECF8217",
"obj/x64/Debug/net8.0-windows/Aimmy2_d3kz2vwx_wpftmp.GlobalUsings.g.cs","Custom-only","Build-or-runtime-review","183",,"FE45EA572AADFD1A9B54CF7251405CFA11B748CA88B034F06A724D49758CED2D",
"obj/x64/Debug/net8.0-windows/Aimmy2_dao4npxb_wpftmp.AssemblyInfo.cs","Custom-only","Build-or-runtime-review","1174",,"C2EE451CD149B2DEC17A341AD1D3BF0A44858776D43EDF436A126C6AAE80D41C",
"obj/x64/Debug/net8.0-windows/Aimmy2_dao4npxb_wpftmp.AssemblyInfoInputs.cache","Custom-only","Build-or-runtime-review","66",,"1FED0A160B24DC1F879F46CA141E0188509F20AA0E1E75E0118772B9216E8C62",
"obj/x64/Debug/net8.0-windows/Aimmy2_dao4npxb_wpftmp.assets.cache","Custom-only","Build-or-runtime-review","36246",,"34157297C522019357EDB8CAA7A8EB3F9C9205F81A22D7C2076E35BBB4603374",
"obj/x64/Debug/net8.0-windows/Aimmy2_dao4npxb_wpftmp.csproj.BuildWithSkipAnalyzers","Custom-only","Build-or-runtime-review","0",,"E3B0C44298FC1C149AFBF4C8996FB92427AE41E4649B934CA495991B7852B855",
"obj/x64/Debug/net8.0-windows/Aimmy2_dao4npxb_wpftmp.GeneratedMSBuildEditorConfig.editorconfig","Custom-only","Build-or-runtime-review","1149",,"98176DAE78CCB53DDE88AC657DFBA4937F1E53EC93DE7CDC1361C7885FEA94A9",
"obj/x64/Debug/net8.0-windows/Aimmy2_dao4npxb_wpftmp.GlobalUsings.g.cs","Custom-only","Build-or-runtime-review","183",,"FE45EA572AADFD1A9B54CF7251405CFA11B748CA88B034F06A724D49758CED2D",
"obj/x64/Debug/net8.0-windows/Aimmy2_dc0pfxyf_wpftmp.AssemblyInfo.cs","Custom-only","Build-or-runtime-review","1174",,"C2EE451CD149B2DEC17A341AD1D3BF0A44858776D43EDF436A126C6AAE80D41C",
"obj/x64/Debug/net8.0-windows/Aimmy2_dc0pfxyf_wpftmp.AssemblyInfoInputs.cache","Custom-only","Build-or-runtime-review","66",,"1FED0A160B24DC1F879F46CA141E0188509F20AA0E1E75E0118772B9216E8C62",
"obj/x64/Debug/net8.0-windows/Aimmy2_dc0pfxyf_wpftmp.assets.cache","Custom-only","Build-or-runtime-review","36246",,"B0B10052E33C47C54FB653C3D32773E9650E6A28DC70AE09EDD4B6D0A695AAFA",
"obj/x64/Debug/net8.0-windows/Aimmy2_dc0pfxyf_wpftmp.csproj.BuildWithSkipAnalyzers","Custom-only","Build-or-runtime-review","0",,"E3B0C44298FC1C149AFBF4C8996FB92427AE41E4649B934CA495991B7852B855",
"obj/x64/Debug/net8.0-windows/Aimmy2_dc0pfxyf_wpftmp.GeneratedMSBuildEditorConfig.editorconfig","Custom-only","Build-or-runtime-review","1084",,"6CF57F2AD104FF1DECD63B754F5DA77BB1616CA9C458547AD0E30573D593ED85",
"obj/x64/Debug/net8.0-windows/Aimmy2_dc0pfxyf_wpftmp.GlobalUsings.g.cs","Custom-only","Build-or-runtime-review","183",,"FE45EA572AADFD1A9B54CF7251405CFA11B748CA88B034F06A724D49758CED2D",
"obj/x64/Debug/net8.0-windows/Aimmy2_dc1dyhzz_wpftmp.AssemblyInfo.cs","Custom-only","Build-or-runtime-review","1174",,"C2EE451CD149B2DEC17A341AD1D3BF0A44858776D43EDF436A126C6AAE80D41C",
"obj/x64/Debug/net8.0-windows/Aimmy2_dc1dyhzz_wpftmp.AssemblyInfoInputs.cache","Custom-only","Build-or-runtime-review","66",,"1FED0A160B24DC1F879F46CA141E0188509F20AA0E1E75E0118772B9216E8C62",
"obj/x64/Debug/net8.0-windows/Aimmy2_dc1dyhzz_wpftmp.assets.cache","Custom-only","Build-or-runtime-review","36246",,"9E4AAE410E4182BDEE3C400DFB24238E2BD1510208E5D8F7E60DE3BDA7EF1E05",
"obj/x64/Debug/net8.0-windows/Aimmy2_dc1dyhzz_wpftmp.csproj.BuildWithSkipAnalyzers","Custom-only","Build-or-runtime-review","0",,"E3B0C44298FC1C149AFBF4C8996FB92427AE41E4649B934CA495991B7852B855",
"obj/x64/Debug/net8.0-windows/Aimmy2_dc1dyhzz_wpftmp.GeneratedMSBuildEditorConfig.editorconfig","Custom-only","Build-or-runtime-review","819",,"3EF9182B52BEC39BB699BFEDA752F9503391A74FEF47E0F28DE1EF6BBECF8217",
"obj/x64/Debug/net8.0-windows/Aimmy2_dc1dyhzz_wpftmp.GlobalUsings.g.cs","Custom-only","Build-or-runtime-review","183",,"FE45EA572AADFD1A9B54CF7251405CFA11B748CA88B034F06A724D49758CED2D",
"obj/x64/Debug/net8.0-windows/Aimmy2_dd4xy3v3_wpftmp.AssemblyInfo.cs","Custom-only","Build-or-runtime-review","1174",,"C2EE451CD149B2DEC17A341AD1D3BF0A44858776D43EDF436A126C6AAE80D41C",
"obj/x64/Debug/net8.0-windows/Aimmy2_dd4xy3v3_wpftmp.AssemblyInfoInputs.cache","Custom-only","Build-or-runtime-review","66",,"1FED0A160B24DC1F879F46CA141E0188509F20AA0E1E75E0118772B9216E8C62",
"obj/x64/Debug/net8.0-windows/Aimmy2_dd4xy3v3_wpftmp.assets.cache","Custom-only","Build-or-runtime-review","36246",,"7E2A780998763BF1D8E4C77F91DDA2FE1DCC1720BF7637D1FB47EB075B5639F8",
"obj/x64/Debug/net8.0-windows/Aimmy2_dd4xy3v3_wpftmp.csproj.BuildWithSkipAnalyzers","Custom-only","Build-or-runtime-review","0",,"E3B0C44298FC1C149AFBF4C8996FB92427AE41E4649B934CA495991B7852B855",
"obj/x64/Debug/net8.0-windows/Aimmy2_dd4xy3v3_wpftmp.GeneratedMSBuildEditorConfig.editorconfig","Custom-only","Build-or-runtime-review","1149",,"98176DAE78CCB53DDE88AC657DFBA4937F1E53EC93DE7CDC1361C7885FEA94A9",
"obj/x64/Debug/net8.0-windows/Aimmy2_dd4xy3v3_wpftmp.GlobalUsings.g.cs","Custom-only","Build-or-runtime-review","183",,"FE45EA572AADFD1A9B54CF7251405CFA11B748CA88B034F06A724D49758CED2D",
"obj/x64/Debug/net8.0-windows/Aimmy2_dg4wtdyz_wpftmp.AssemblyInfo.cs","Custom-only","Build-or-runtime-review","1174",,"C2EE451CD149B2DEC17A341AD1D3BF0A44858776D43EDF436A126C6AAE80D41C",
"obj/x64/Debug/net8.0-windows/Aimmy2_dg4wtdyz_wpftmp.AssemblyInfoInputs.cache","Custom-only","Build-or-runtime-review","66",,"1FED0A160B24DC1F879F46CA141E0188509F20AA0E1E75E0118772B9216E8C62",
"obj/x64/Debug/net8.0-windows/Aimmy2_dg4wtdyz_wpftmp.assets.cache","Custom-only","Build-or-runtime-review","36246",,"17AC64E37784700F5B7A22EA61558C64CE6BBFFC1E7630EB850EE8508AE7B248",
"obj/x64/Debug/net8.0-windows/Aimmy2_dg4wtdyz_wpftmp.csproj.BuildWithSkipAnalyzers","Custom-only","Build-or-runtime-review","0",,"E3B0C44298FC1C149AFBF4C8996FB92427AE41E4649B934CA495991B7852B855",
"obj/x64/Debug/net8.0-windows/Aimmy2_dg4wtdyz_wpftmp.GeneratedMSBuildEditorConfig.editorconfig","Custom-only","Build-or-runtime-review","819",,"3EF9182B52BEC39BB699BFEDA752F9503391A74FEF47E0F28DE1EF6BBECF8217",
"obj/x64/Debug/net8.0-windows/Aimmy2_dg4wtdyz_wpftmp.GlobalUsings.g.cs","Custom-only","Build-or-runtime-review","183",,"FE45EA572AADFD1A9B54CF7251405CFA11B748CA88B034F06A724D49758CED2D",
"obj/x64/Debug/net8.0-windows/Aimmy2_dscr0whi_wpftmp.AssemblyInfo.cs","Custom-only","Build-or-runtime-review","1174",,"C2EE451CD149B2DEC17A341AD1D3BF0A44858776D43EDF436A126C6AAE80D41C",
"obj/x64/Debug/net8.0-windows/Aimmy2_dscr0whi_wpftmp.AssemblyInfoInputs.cache","Custom-only","Build-or-runtime-review","66",,"1FED0A160B24DC1F879F46CA141E0188509F20AA0E1E75E0118772B9216E8C62",
"obj/x64/Debug/net8.0-windows/Aimmy2_dscr0whi_wpftmp.assets.cache","Custom-only","Build-or-runtime-review","36246",,"D13F2EE96239444AE5FDB9B1FF5FAB6D4653D6BF99BEFA7341B625D4BAF2F799",
"obj/x64/Debug/net8.0-windows/Aimmy2_dscr0whi_wpftmp.csproj.BuildWithSkipAnalyzers","Custom-only","Build-or-runtime-review","0",,"E3B0C44298FC1C149AFBF4C8996FB92427AE41E4649B934CA495991B7852B855",
"obj/x64/Debug/net8.0-windows/Aimmy2_dscr0whi_wpftmp.GeneratedMSBuildEditorConfig.editorconfig","Custom-only","Build-or-runtime-review","819",,"3EF9182B52BEC39BB699BFEDA752F9503391A74FEF47E0F28DE1EF6BBECF8217",
"obj/x64/Debug/net8.0-windows/Aimmy2_dscr0whi_wpftmp.GlobalUsings.g.cs","Custom-only","Build-or-runtime-review","183",,"FE45EA572AADFD1A9B54CF7251405CFA11B748CA88B034F06A724D49758CED2D",
"obj/x64/Debug/net8.0-windows/Aimmy2_dulpzzsk_wpftmp.AssemblyInfo.cs","Custom-only","Build-or-runtime-review","1174",,"C2EE451CD149B2DEC17A341AD1D3BF0A44858776D43EDF436A126C6AAE80D41C",
"obj/x64/Debug/net8.0-windows/Aimmy2_dulpzzsk_wpftmp.AssemblyInfoInputs.cache","Custom-only","Build-or-runtime-review","66",,"1FED0A160B24DC1F879F46CA141E0188509F20AA0E1E75E0118772B9216E8C62",
"obj/x64/Debug/net8.0-windows/Aimmy2_dulpzzsk_wpftmp.assets.cache","Custom-only","Build-or-runtime-review","36246",,"DBD0306F9A2E2FC1CCC0C2F68A801B12F15C3226FAD510D01CD1483813FA56D2",
"obj/x64/Debug/net8.0-windows/Aimmy2_dulpzzsk_wpftmp.csproj.BuildWithSkipAnalyzers","Custom-only","Build-or-runtime-review","0",,"E3B0C44298FC1C149AFBF4C8996FB92427AE41E4649B934CA495991B7852B855",
"obj/x64/Debug/net8.0-windows/Aimmy2_dulpzzsk_wpftmp.GeneratedMSBuildEditorConfig.editorconfig","Custom-only","Build-or-runtime-review","1089",,"CC748429AEA0ACF5AEA2FB723D077EF8D4DEE0BE87B2A471315C2527C73E7F58",
"obj/x64/Debug/net8.0-windows/Aimmy2_dulpzzsk_wpftmp.GlobalUsings.g.cs","Custom-only","Build-or-runtime-review","183",,"FE45EA572AADFD1A9B54CF7251405CFA11B748CA88B034F06A724D49758CED2D",
"obj/x64/Debug/net8.0-windows/Aimmy2_e4wlwxve_wpftmp.AssemblyInfo.cs","Custom-only","Build-or-runtime-review","1174",,"C2EE451CD149B2DEC17A341AD1D3BF0A44858776D43EDF436A126C6AAE80D41C",
"obj/x64/Debug/net8.0-windows/Aimmy2_e4wlwxve_wpftmp.AssemblyInfoInputs.cache","Custom-only","Build-or-runtime-review","66",,"1FED0A160B24DC1F879F46CA141E0188509F20AA0E1E75E0118772B9216E8C62",
"obj/x64/Debug/net8.0-windows/Aimmy2_e4wlwxve_wpftmp.assets.cache","Custom-only","Build-or-runtime-review","36246",,"6F03E80CCEDC94BBC4994A0077A0DEDC557FD6B62CF54FF35F8CE86C4C51FAA9",
"obj/x64/Debug/net8.0-windows/Aimmy2_e4wlwxve_wpftmp.csproj.BuildWithSkipAnalyzers","Custom-only","Build-or-runtime-review","0",,"E3B0C44298FC1C149AFBF4C8996FB92427AE41E4649B934CA495991B7852B855",
"obj/x64/Debug/net8.0-windows/Aimmy2_e4wlwxve_wpftmp.GeneratedMSBuildEditorConfig.editorconfig","Custom-only","Build-or-runtime-review","819",,"3EF9182B52BEC39BB699BFEDA752F9503391A74FEF47E0F28DE1EF6BBECF8217",
"obj/x64/Debug/net8.0-windows/Aimmy2_e4wlwxve_wpftmp.GlobalUsings.g.cs","Custom-only","Build-or-runtime-review","183",,"FE45EA572AADFD1A9B54CF7251405CFA11B748CA88B034F06A724D49758CED2D",
"obj/x64/Debug/net8.0-windows/Aimmy2_e5dzuglb_wpftmp.AssemblyInfo.cs","Custom-only","Build-or-runtime-review","1174",,"C2EE451CD149B2DEC17A341AD1D3BF0A44858776D43EDF436A126C6AAE80D41C",
"obj/x64/Debug/net8.0-windows/Aimmy2_e5dzuglb_wpftmp.AssemblyInfoInputs.cache","Custom-only","Build-or-runtime-review","66",,"1FED0A160B24DC1F879F46CA141E0188509F20AA0E1E75E0118772B9216E8C62",
"obj/x64/Debug/net8.0-windows/Aimmy2_e5dzuglb_wpftmp.assets.cache","Custom-only","Build-or-runtime-review","36246",,"20D567BADDAA4B32905767E8495AD368BFBF077C98EBD53167298E978656FCE7",
"obj/x64/Debug/net8.0-windows/Aimmy2_e5dzuglb_wpftmp.csproj.BuildWithSkipAnalyzers","Custom-only","Build-or-runtime-review","0",,"E3B0C44298FC1C149AFBF4C8996FB92427AE41E4649B934CA495991B7852B855",
"obj/x64/Debug/net8.0-windows/Aimmy2_e5dzuglb_wpftmp.GeneratedMSBuildEditorConfig.editorconfig","Custom-only","Build-or-runtime-review","819",,"3EF9182B52BEC39BB699BFEDA752F9503391A74FEF47E0F28DE1EF6BBECF8217",
"obj/x64/Debug/net8.0-windows/Aimmy2_e5dzuglb_wpftmp.GlobalUsings.g.cs","Custom-only","Build-or-runtime-review","183",,"FE45EA572AADFD1A9B54CF7251405CFA11B748CA88B034F06A724D49758CED2D",
"obj/x64/Debug/net8.0-windows/Aimmy2_edfhwglp_wpftmp.AssemblyInfo.cs","Custom-only","Build-or-runtime-review","1174",,"C2EE451CD149B2DEC17A341AD1D3BF0A44858776D43EDF436A126C6AAE80D41C",
"obj/x64/Debug/net8.0-windows/Aimmy2_edfhwglp_wpftmp.AssemblyInfoInputs.cache","Custom-only","Build-or-runtime-review","66",,"1FED0A160B24DC1F879F46CA141E0188509F20AA0E1E75E0118772B9216E8C62",
"obj/x64/Debug/net8.0-windows/Aimmy2_edfhwglp_wpftmp.assets.cache","Custom-only","Build-or-runtime-review","36246",,"F37CEA243F2111E06FB6DCD01B2E74562F304BEA78397DA30A9371F8D61938FE",
"obj/x64/Debug/net8.0-windows/Aimmy2_edfhwglp_wpftmp.GeneratedMSBuildEditorConfig.editorconfig","Custom-only","Build-or-runtime-review","819",,"3EF9182B52BEC39BB699BFEDA752F9503391A74FEF47E0F28DE1EF6BBECF8217",
"obj/x64/Debug/net8.0-windows/Aimmy2_edfhwglp_wpftmp.GlobalUsings.g.cs","Custom-only","Build-or-runtime-review","183",,"FE45EA572AADFD1A9B54CF7251405CFA11B748CA88B034F06A724D49758CED2D",
"obj/x64/Debug/net8.0-windows/Aimmy2_ehzbub3n_wpftmp.AssemblyInfo.cs","Custom-only","Build-or-runtime-review","1174",,"C2EE451CD149B2DEC17A341AD1D3BF0A44858776D43EDF436A126C6AAE80D41C",
"obj/x64/Debug/net8.0-windows/Aimmy2_ehzbub3n_wpftmp.AssemblyInfoInputs.cache","Custom-only","Build-or-runtime-review","66",,"1FED0A160B24DC1F879F46CA141E0188509F20AA0E1E75E0118772B9216E8C62",
"obj/x64/Debug/net8.0-windows/Aimmy2_ehzbub3n_wpftmp.assets.cache","Custom-only","Build-or-runtime-review","36246",,"A4DDD0A7471F2D263D4519C7EFDAFF7A046FD98E65F6CB7FFB39B9844A16E7E3",
"obj/x64/Debug/net8.0-windows/Aimmy2_ehzbub3n_wpftmp.GeneratedMSBuildEditorConfig.editorconfig","Custom-only","Build-or-runtime-review","1089",,"CC748429AEA0ACF5AEA2FB723D077EF8D4DEE0BE87B2A471315C2527C73E7F58",
"obj/x64/Debug/net8.0-windows/Aimmy2_ehzbub3n_wpftmp.GlobalUsings.g.cs","Custom-only","Build-or-runtime-review","183",,"FE45EA572AADFD1A9B54CF7251405CFA11B748CA88B034F06A724D49758CED2D",
"obj/x64/Debug/net8.0-windows/Aimmy2_ejxcnibj_wpftmp.AssemblyInfo.cs","Custom-only","Build-or-runtime-review","1174",,"C2EE451CD149B2DEC17A341AD1D3BF0A44858776D43EDF436A126C6AAE80D41C",
"obj/x64/Debug/net8.0-windows/Aimmy2_ejxcnibj_wpftmp.AssemblyInfoInputs.cache","Custom-only","Build-or-runtime-review","66",,"1FED0A160B24DC1F879F46CA141E0188509F20AA0E1E75E0118772B9216E8C62",
"obj/x64/Debug/net8.0-windows/Aimmy2_ejxcnibj_wpftmp.assets.cache","Custom-only","Build-or-runtime-review","36246",,"BAB2CFEEE3E9765BCABA582E5FFD9E8102937ACD83FEB37CC2A6763A557B81CC",
"obj/x64/Debug/net8.0-windows/Aimmy2_ejxcnibj_wpftmp.csproj.BuildWithSkipAnalyzers","Custom-only","Build-or-runtime-review","0",,"E3B0C44298FC1C149AFBF4C8996FB92427AE41E4649B934CA495991B7852B855",
"obj/x64/Debug/net8.0-windows/Aimmy2_ejxcnibj_wpftmp.GeneratedMSBuildEditorConfig.editorconfig","Custom-only","Build-or-runtime-review","819",,"3EF9182B52BEC39BB699BFEDA752F9503391A74FEF47E0F28DE1EF6BBECF8217",
"obj/x64/Debug/net8.0-windows/Aimmy2_ejxcnibj_wpftmp.GlobalUsings.g.cs","Custom-only","Build-or-runtime-review","183",,"FE45EA572AADFD1A9B54CF7251405CFA11B748CA88B034F06A724D49758CED2D",
"obj/x64/Debug/net8.0-windows/Aimmy2_eqzyzbse_wpftmp.AssemblyInfo.cs","Custom-only","Build-or-runtime-review","1174",,"C2EE451CD149B2DEC17A341AD1D3BF0A44858776D43EDF436A126C6AAE80D41C",
"obj/x64/Debug/net8.0-windows/Aimmy2_eqzyzbse_wpftmp.AssemblyInfoInputs.cache","Custom-only","Build-or-runtime-review","66",,"1FED0A160B24DC1F879F46CA141E0188509F20AA0E1E75E0118772B9216E8C62",
"obj/x64/Debug/net8.0-windows/Aimmy2_eqzyzbse_wpftmp.assets.cache","Custom-only","Build-or-runtime-review","36246",,"8E723ED1FA1050850F5D658434FABACF08325FFB2A36BB17D8CAFF7261AEA4B4",
"obj/x64/Debug/net8.0-windows/Aimmy2_eqzyzbse_wpftmp.csproj.BuildWithSkipAnalyzers","Custom-only","Build-or-runtime-review","0",,"E3B0C44298FC1C149AFBF4C8996FB92427AE41E4649B934CA495991B7852B855",
"obj/x64/Debug/net8.0-windows/Aimmy2_eqzyzbse_wpftmp.GeneratedMSBuildEditorConfig.editorconfig","Custom-only","Build-or-runtime-review","1149",,"98176DAE78CCB53DDE88AC657DFBA4937F1E53EC93DE7CDC1361C7885FEA94A9",
"obj/x64/Debug/net8.0-windows/Aimmy2_eqzyzbse_wpftmp.GlobalUsings.g.cs","Custom-only","Build-or-runtime-review","183",,"FE45EA572AADFD1A9B54CF7251405CFA11B748CA88B034F06A724D49758CED2D",
"obj/x64/Debug/net8.0-windows/Aimmy2_erquuba5_wpftmp.AssemblyInfo.cs","Custom-only","Build-or-runtime-review","1174",,"C2EE451CD149B2DEC17A341AD1D3BF0A44858776D43EDF436A126C6AAE80D41C",
"obj/x64/Debug/net8.0-windows/Aimmy2_erquuba5_wpftmp.AssemblyInfoInputs.cache","Custom-only","Build-or-runtime-review","66",,"1FED0A160B24DC1F879F46CA141E0188509F20AA0E1E75E0118772B9216E8C62",
"obj/x64/Debug/net8.0-windows/Aimmy2_erquuba5_wpftmp.assets.cache","Custom-only","Build-or-runtime-review","36246",,"14FBDE2034FE14652DC24D013AABEE4A1C03D4DB65A1EDB912CF858C3F90AF7D",
"obj/x64/Debug/net8.0-windows/Aimmy2_erquuba5_wpftmp.csproj.BuildWithSkipAnalyzers","Custom-only","Build-or-runtime-review","0",,"E3B0C44298FC1C149AFBF4C8996FB92427AE41E4649B934CA495991B7852B855",
"obj/x64/Debug/net8.0-windows/Aimmy2_erquuba5_wpftmp.GeneratedMSBuildEditorConfig.editorconfig","Custom-only","Build-or-runtime-review","1089",,"1CA322FEC0767C49135114EBD501237764293209ADAE9CFBFA1FD087033D98AB",
"obj/x64/Debug/net8.0-windows/Aimmy2_erquuba5_wpftmp.GlobalUsings.g.cs","Custom-only","Build-or-runtime-review","183",,"FE45EA572AADFD1A9B54CF7251405CFA11B748CA88B034F06A724D49758CED2D",
"obj/x64/Debug/net8.0-windows/Aimmy2_eukz5ff2_wpftmp.AssemblyInfo.cs","Custom-only","Build-or-runtime-review","1174",,"C2EE451CD149B2DEC17A341AD1D3BF0A44858776D43EDF436A126C6AAE80D41C",
"obj/x64/Debug/net8.0-windows/Aimmy2_eukz5ff2_wpftmp.AssemblyInfoInputs.cache","Custom-only","Build-or-runtime-review","66",,"1FED0A160B24DC1F879F46CA141E0188509F20AA0E1E75E0118772B9216E8C62",
"obj/x64/Debug/net8.0-windows/Aimmy2_eukz5ff2_wpftmp.assets.cache","Custom-only","Build-or-runtime-review","36246",,"C44E5E48AF3865D77513650C31BCB34D5499630DC1387CD419D04A6C3F154E5E",
"obj/x64/Debug/net8.0-windows/Aimmy2_eukz5ff2_wpftmp.csproj.BuildWithSkipAnalyzers","Custom-only","Build-or-runtime-review","0",,"E3B0C44298FC1C149AFBF4C8996FB92427AE41E4649B934CA495991B7852B855",
"obj/x64/Debug/net8.0-windows/Aimmy2_eukz5ff2_wpftmp.GeneratedMSBuildEditorConfig.editorconfig","Custom-only","Build-or-runtime-review","819",,"3EF9182B52BEC39BB699BFEDA752F9503391A74FEF47E0F28DE1EF6BBECF8217",
"obj/x64/Debug/net8.0-windows/Aimmy2_eukz5ff2_wpftmp.GlobalUsings.g.cs","Custom-only","Build-or-runtime-review","183",,"FE45EA572AADFD1A9B54CF7251405CFA11B748CA88B034F06A724D49758CED2D",
"obj/x64/Debug/net8.0-windows/Aimmy2_eyaav22y_wpftmp.AssemblyInfo.cs","Custom-only","Build-or-runtime-review","1174",,"C2EE451CD149B2DEC17A341AD1D3BF0A44858776D43EDF436A126C6AAE80D41C",
"obj/x64/Debug/net8.0-windows/Aimmy2_eyaav22y_wpftmp.AssemblyInfoInputs.cache","Custom-only","Build-or-runtime-review","66",,"1FED0A160B24DC1F879F46CA141E0188509F20AA0E1E75E0118772B9216E8C62",
"obj/x64/Debug/net8.0-windows/Aimmy2_eyaav22y_wpftmp.assets.cache","Custom-only","Build-or-runtime-review","36246",,"D14382F809330185539ED23AE8CE2D8A7C4F3190E090386C2A2B271D376618F2",
"obj/x64/Debug/net8.0-windows/Aimmy2_eyaav22y_wpftmp.csproj.BuildWithSkipAnalyzers","Custom-only","Build-or-runtime-review","0",,"E3B0C44298FC1C149AFBF4C8996FB92427AE41E4649B934CA495991B7852B855",
"obj/x64/Debug/net8.0-windows/Aimmy2_eyaav22y_wpftmp.GeneratedMSBuildEditorConfig.editorconfig","Custom-only","Build-or-runtime-review","819",,"3EF9182B52BEC39BB699BFEDA752F9503391A74FEF47E0F28DE1EF6BBECF8217",
"obj/x64/Debug/net8.0-windows/Aimmy2_eyaav22y_wpftmp.GlobalUsings.g.cs","Custom-only","Build-or-runtime-review","183",,"FE45EA572AADFD1A9B54CF7251405CFA11B748CA88B034F06A724D49758CED2D",
"obj/x64/Debug/net8.0-windows/Aimmy2_f1lnqehp_wpftmp.AssemblyInfo.cs","Custom-only","Build-or-runtime-review","1174",,"C2EE451CD149B2DEC17A341AD1D3BF0A44858776D43EDF436A126C6AAE80D41C",
"obj/x64/Debug/net8.0-windows/Aimmy2_f1lnqehp_wpftmp.AssemblyInfoInputs.cache","Custom-only","Build-or-runtime-review","66",,"1FED0A160B24DC1F879F46CA141E0188509F20AA0E1E75E0118772B9216E8C62",
"obj/x64/Debug/net8.0-windows/Aimmy2_f1lnqehp_wpftmp.assets.cache","Custom-only","Build-or-runtime-review","37798",,"AA94E5C987B929ED6CDEE98AE23EF714EFCCDE87EACB5EDD1B8D7DA50D8EDEF9",
"obj/x64/Debug/net8.0-windows/Aimmy2_f1lnqehp_wpftmp.csproj.BuildWithSkipAnalyzers","Custom-only","Build-or-runtime-review","0",,"E3B0C44298FC1C149AFBF4C8996FB92427AE41E4649B934CA495991B7852B855",
"obj/x64/Debug/net8.0-windows/Aimmy2_f1lnqehp_wpftmp.GeneratedMSBuildEditorConfig.editorconfig","Custom-only","Build-or-runtime-review","1174",,"FE31C4AE4F7B5B5748CCFB9197539734FFEDFFECA99EE9C12453C7219560D797",
"obj/x64/Debug/net8.0-windows/Aimmy2_f1lnqehp_wpftmp.GlobalUsings.g.cs","Custom-only","Build-or-runtime-review","183",,"FE45EA572AADFD1A9B54CF7251405CFA11B748CA88B034F06A724D49758CED2D",
"obj/x64/Debug/net8.0-windows/Aimmy2_faa5sgjc_wpftmp.AssemblyInfo.cs","Custom-only","Build-or-runtime-review","1174",,"C2EE451CD149B2DEC17A341AD1D3BF0A44858776D43EDF436A126C6AAE80D41C",
"obj/x64/Debug/net8.0-windows/Aimmy2_faa5sgjc_wpftmp.AssemblyInfoInputs.cache","Custom-only","Build-or-runtime-review","66",,"1FED0A160B24DC1F879F46CA141E0188509F20AA0E1E75E0118772B9216E8C62",
"obj/x64/Debug/net8.0-windows/Aimmy2_faa5sgjc_wpftmp.assets.cache","Custom-only","Build-or-runtime-review","36246",,"DB5D7A27853ED103843BAA1F5C9B440182E07E1FABE59CCEABC1A445D6B43EF0",
"obj/x64/Debug/net8.0-windows/Aimmy2_faa5sgjc_wpftmp.csproj.BuildWithSkipAnalyzers","Custom-only","Build-or-runtime-review","0",,"E3B0C44298FC1C149AFBF4C8996FB92427AE41E4649B934CA495991B7852B855",
"obj/x64/Debug/net8.0-windows/Aimmy2_faa5sgjc_wpftmp.GeneratedMSBuildEditorConfig.editorconfig","Custom-only","Build-or-runtime-review","819",,"3EF9182B52BEC39BB699BFEDA752F9503391A74FEF47E0F28DE1EF6BBECF8217",
"obj/x64/Debug/net8.0-windows/Aimmy2_faa5sgjc_wpftmp.GlobalUsings.g.cs","Custom-only","Build-or-runtime-review","183",,"FE45EA572AADFD1A9B54CF7251405CFA11B748CA88B034F06A724D49758CED2D",
"obj/x64/Debug/net8.0-windows/Aimmy2_fbd3hgrh_wpftmp.AssemblyInfo.cs","Custom-only","Build-or-runtime-review","1174",,"C2EE451CD149B2DEC17A341AD1D3BF0A44858776D43EDF436A126C6AAE80D41C",
"obj/x64/Debug/net8.0-windows/Aimmy2_fbd3hgrh_wpftmp.AssemblyInfoInputs.cache","Custom-only","Build-or-runtime-review","66",,"1FED0A160B24DC1F879F46CA141E0188509F20AA0E1E75E0118772B9216E8C62",
"obj/x64/Debug/net8.0-windows/Aimmy2_fbd3hgrh_wpftmp.assets.cache","Custom-only","Build-or-runtime-review","36246",,"0416F630B72BA8DEAE0459AA99749B927F38471ECE375DE521973518EE81C251",
"obj/x64/Debug/net8.0-windows/Aimmy2_fbd3hgrh_wpftmp.csproj.BuildWithSkipAnalyzers","Custom-only","Build-or-runtime-review","0",,"E3B0C44298FC1C149AFBF4C8996FB92427AE41E4649B934CA495991B7852B855",
"obj/x64/Debug/net8.0-windows/Aimmy2_fbd3hgrh_wpftmp.GeneratedMSBuildEditorConfig.editorconfig","Custom-only","Build-or-runtime-review","819",,"3EF9182B52BEC39BB699BFEDA752F9503391A74FEF47E0F28DE1EF6BBECF8217",
"obj/x64/Debug/net8.0-windows/Aimmy2_fbd3hgrh_wpftmp.GlobalUsings.g.cs","Custom-only","Build-or-runtime-review","183",,"FE45EA572AADFD1A9B54CF7251405CFA11B748CA88B034F06A724D49758CED2D",
"obj/x64/Debug/net8.0-windows/Aimmy2_fhr5uno1_wpftmp.AssemblyInfo.cs","Custom-only","Build-or-runtime-review","1174",,"C2EE451CD149B2DEC17A341AD1D3BF0A44858776D43EDF436A126C6AAE80D41C",
"obj/x64/Debug/net8.0-windows/Aimmy2_fhr5uno1_wpftmp.AssemblyInfoInputs.cache","Custom-only","Build-or-runtime-review","66",,"1FED0A160B24DC1F879F46CA141E0188509F20AA0E1E75E0118772B9216E8C62",
"obj/x64/Debug/net8.0-windows/Aimmy2_fhr5uno1_wpftmp.assets.cache","Custom-only","Build-or-runtime-review","36246",,"0109B317C1B35D151111F00F1E179A10215F9C97A925BBB74BB56EB7F44423F7",
"obj/x64/Debug/net8.0-windows/Aimmy2_fhr5uno1_wpftmp.GeneratedMSBuildEditorConfig.editorconfig","Custom-only","Build-or-runtime-review","1089",,"8E94C47B148DC4DBB0AC29D037D3998E9CEE545092CA8CD5FC42C5CDA7F02323",
"obj/x64/Debug/net8.0-windows/Aimmy2_fhr5uno1_wpftmp.GlobalUsings.g.cs","Custom-only","Build-or-runtime-review","183",,"FE45EA572AADFD1A9B54CF7251405CFA11B748CA88B034F06A724D49758CED2D",
"obj/x64/Debug/net8.0-windows/Aimmy2_fib5zdye_wpftmp.AssemblyInfo.cs","Custom-only","Build-or-runtime-review","1174",,"C2EE451CD149B2DEC17A341AD1D3BF0A44858776D43EDF436A126C6AAE80D41C",
"obj/x64/Debug/net8.0-windows/Aimmy2_fib5zdye_wpftmp.AssemblyInfoInputs.cache","Custom-only","Build-or-runtime-review","66",,"1FED0A160B24DC1F879F46CA141E0188509F20AA0E1E75E0118772B9216E8C62",
"obj/x64/Debug/net8.0-windows/Aimmy2_fib5zdye_wpftmp.assets.cache","Custom-only","Build-or-runtime-review","37798",,"AB091CA7458CFAFD8806E8A53F574029019DBFE0DAE33B12A5E4B6BA847E8D85",
"obj/x64/Debug/net8.0-windows/Aimmy2_fib5zdye_wpftmp.csproj.BuildWithSkipAnalyzers","Custom-only","Build-or-runtime-review","0",,"E3B0C44298FC1C149AFBF4C8996FB92427AE41E4649B934CA495991B7852B855",
"obj/x64/Debug/net8.0-windows/Aimmy2_fib5zdye_wpftmp.GeneratedMSBuildEditorConfig.editorconfig","Custom-only","Build-or-runtime-review","1174",,"6756CDDBE904F2EC3174E57A9127FC0F3475C50D52AA8B79B33E470B7DD648F1",
"obj/x64/Debug/net8.0-windows/Aimmy2_fib5zdye_wpftmp.GlobalUsings.g.cs","Custom-only","Build-or-runtime-review","183",,"FE45EA572AADFD1A9B54CF7251405CFA11B748CA88B034F06A724D49758CED2D",
"obj/x64/Debug/net8.0-windows/Aimmy2_flajecmq_wpftmp.AssemblyInfo.cs","Custom-only","Build-or-runtime-review","1174",,"C2EE451CD149B2DEC17A341AD1D3BF0A44858776D43EDF436A126C6AAE80D41C",
"obj/x64/Debug/net8.0-windows/Aimmy2_flajecmq_wpftmp.AssemblyInfoInputs.cache","Custom-only","Build-or-runtime-review","66",,"1FED0A160B24DC1F879F46CA141E0188509F20AA0E1E75E0118772B9216E8C62",
"obj/x64/Debug/net8.0-windows/Aimmy2_flajecmq_wpftmp.assets.cache","Custom-only","Build-or-runtime-review","36246",,"4F09A363D34F762B5A181615D620078D2374FD1B6B5C6D30E096DEA16F87A755",
"obj/x64/Debug/net8.0-windows/Aimmy2_flajecmq_wpftmp.csproj.BuildWithSkipAnalyzers","Custom-only","Build-or-runtime-review","0",,"E3B0C44298FC1C149AFBF4C8996FB92427AE41E4649B934CA495991B7852B855",
"obj/x64/Debug/net8.0-windows/Aimmy2_flajecmq_wpftmp.GeneratedMSBuildEditorConfig.editorconfig","Custom-only","Build-or-runtime-review","819",,"3EF9182B52BEC39BB699BFEDA752F9503391A74FEF47E0F28DE1EF6BBECF8217",
"obj/x64/Debug/net8.0-windows/Aimmy2_flajecmq_wpftmp.GlobalUsings.g.cs","Custom-only","Build-or-runtime-review","183",,"FE45EA572AADFD1A9B54CF7251405CFA11B748CA88B034F06A724D49758CED2D",
"obj/x64/Debug/net8.0-windows/Aimmy2_fmndoanr_wpftmp.AssemblyInfo.cs","Custom-only","Build-or-runtime-review","1174",,"C2EE451CD149B2DEC17A341AD1D3BF0A44858776D43EDF436A126C6AAE80D41C",
"obj/x64/Debug/net8.0-windows/Aimmy2_fmndoanr_wpftmp.AssemblyInfoInputs.cache","Custom-only","Build-or-runtime-review","66",,"1FED0A160B24DC1F879F46CA141E0188509F20AA0E1E75E0118772B9216E8C62",
"obj/x64/Debug/net8.0-windows/Aimmy2_fmndoanr_wpftmp.assets.cache","Custom-only","Build-or-runtime-review","36246",,"DCF66764BB9FE70E7BCCBF95D7EC3125E4D31D345849D6C100A151B84815FA5C",
"obj/x64/Debug/net8.0-windows/Aimmy2_fmndoanr_wpftmp.csproj.BuildWithSkipAnalyzers","Custom-only","Build-or-runtime-review","0",,"E3B0C44298FC1C149AFBF4C8996FB92427AE41E4649B934CA495991B7852B855",
"obj/x64/Debug/net8.0-windows/Aimmy2_fmndoanr_wpftmp.GeneratedMSBuildEditorConfig.editorconfig","Custom-only","Build-or-runtime-review","819",,"3EF9182B52BEC39BB699BFEDA752F9503391A74FEF47E0F28DE1EF6BBECF8217",
"obj/x64/Debug/net8.0-windows/Aimmy2_fmndoanr_wpftmp.GlobalUsings.g.cs","Custom-only","Build-or-runtime-review","183",,"FE45EA572AADFD1A9B54CF7251405CFA11B748CA88B034F06A724D49758CED2D",
"obj/x64/Debug/net8.0-windows/Aimmy2_fpckjdpn_wpftmp.AssemblyInfo.cs","Custom-only","Build-or-runtime-review","1174",,"C2EE451CD149B2DEC17A341AD1D3BF0A44858776D43EDF436A126C6AAE80D41C",
"obj/x64/Debug/net8.0-windows/Aimmy2_fpckjdpn_wpftmp.AssemblyInfoInputs.cache","Custom-only","Build-or-runtime-review","66",,"1FED0A160B24DC1F879F46CA141E0188509F20AA0E1E75E0118772B9216E8C62",
"obj/x64/Debug/net8.0-windows/Aimmy2_fpckjdpn_wpftmp.assets.cache","Custom-only","Build-or-runtime-review","36246",,"7C44C7AF5C6262A6F24B6D0735F8FC2347C5EC105EFB42812805F53039085593",
"obj/x64/Debug/net8.0-windows/Aimmy2_fpckjdpn_wpftmp.csproj.BuildWithSkipAnalyzers","Custom-only","Build-or-runtime-review","0",,"E3B0C44298FC1C149AFBF4C8996FB92427AE41E4649B934CA495991B7852B855",
"obj/x64/Debug/net8.0-windows/Aimmy2_fpckjdpn_wpftmp.GeneratedMSBuildEditorConfig.editorconfig","Custom-only","Build-or-runtime-review","819",,"3EF9182B52BEC39BB699BFEDA752F9503391A74FEF47E0F28DE1EF6BBECF8217",
"obj/x64/Debug/net8.0-windows/Aimmy2_fpckjdpn_wpftmp.GlobalUsings.g.cs","Custom-only","Build-or-runtime-review","183",,"FE45EA572AADFD1A9B54CF7251405CFA11B748CA88B034F06A724D49758CED2D",
"obj/x64/Debug/net8.0-windows/Aimmy2_fv3ja2du_wpftmp.AssemblyInfo.cs","Custom-only","Build-or-runtime-review","1174",,"C2EE451CD149B2DEC17A341AD1D3BF0A44858776D43EDF436A126C6AAE80D41C",
"obj/x64/Debug/net8.0-windows/Aimmy2_fv3ja2du_wpftmp.AssemblyInfoInputs.cache","Custom-only","Build-or-runtime-review","66",,"1FED0A160B24DC1F879F46CA141E0188509F20AA0E1E75E0118772B9216E8C62",
"obj/x64/Debug/net8.0-windows/Aimmy2_fv3ja2du_wpftmp.assets.cache","Custom-only","Build-or-runtime-review","36246",,"B5E2D1C328550F417B18FFF6472FCB964E9092990B068F226BDD1AEA7CFBE3F2",
"obj/x64/Debug/net8.0-windows/Aimmy2_fv3ja2du_wpftmp.csproj.BuildWithSkipAnalyzers","Custom-only","Build-or-runtime-review","0",,"E3B0C44298FC1C149AFBF4C8996FB92427AE41E4649B934CA495991B7852B855",
"obj/x64/Debug/net8.0-windows/Aimmy2_fv3ja2du_wpftmp.GeneratedMSBuildEditorConfig.editorconfig","Custom-only","Build-or-runtime-review","1149",,"98176DAE78CCB53DDE88AC657DFBA4937F1E53EC93DE7CDC1361C7885FEA94A9",
"obj/x64/Debug/net8.0-windows/Aimmy2_fv3ja2du_wpftmp.GlobalUsings.g.cs","Custom-only","Build-or-runtime-review","183",,"FE45EA572AADFD1A9B54CF7251405CFA11B748CA88B034F06A724D49758CED2D",
"obj/x64/Debug/net8.0-windows/Aimmy2_fyxwxrsg_wpftmp.AssemblyInfo.cs","Custom-only","Build-or-runtime-review","1174",,"C2EE451CD149B2DEC17A341AD1D3BF0A44858776D43EDF436A126C6AAE80D41C",
"obj/x64/Debug/net8.0-windows/Aimmy2_fyxwxrsg_wpftmp.AssemblyInfoInputs.cache","Custom-only","Build-or-runtime-review","66",,"1FED0A160B24DC1F879F46CA141E0188509F20AA0E1E75E0118772B9216E8C62",
"obj/x64/Debug/net8.0-windows/Aimmy2_fyxwxrsg_wpftmp.assets.cache","Custom-only","Build-or-runtime-review","36246",,"6C552158BEC23F1EB9A807E0E385B9BA60B478D8C306E63CE92AAD4C0429EBFE",
"obj/x64/Debug/net8.0-windows/Aimmy2_fyxwxrsg_wpftmp.csproj.BuildWithSkipAnalyzers","Custom-only","Build-or-runtime-review","0",,"E3B0C44298FC1C149AFBF4C8996FB92427AE41E4649B934CA495991B7852B855",
"obj/x64/Debug/net8.0-windows/Aimmy2_fyxwxrsg_wpftmp.GeneratedMSBuildEditorConfig.editorconfig","Custom-only","Build-or-runtime-review","819",,"3EF9182B52BEC39BB699BFEDA752F9503391A74FEF47E0F28DE1EF6BBECF8217",
"obj/x64/Debug/net8.0-windows/Aimmy2_fyxwxrsg_wpftmp.GlobalUsings.g.cs","Custom-only","Build-or-runtime-review","183",,"FE45EA572AADFD1A9B54CF7251405CFA11B748CA88B034F06A724D49758CED2D",
"obj/x64/Debug/net8.0-windows/Aimmy2_fzsll0l3_wpftmp.AssemblyInfo.cs","Custom-only","Build-or-runtime-review","1174",,"C2EE451CD149B2DEC17A341AD1D3BF0A44858776D43EDF436A126C6AAE80D41C",
"obj/x64/Debug/net8.0-windows/Aimmy2_fzsll0l3_wpftmp.AssemblyInfoInputs.cache","Custom-only","Build-or-runtime-review","66",,"1FED0A160B24DC1F879F46CA141E0188509F20AA0E1E75E0118772B9216E8C62",
"obj/x64/Debug/net8.0-windows/Aimmy2_fzsll0l3_wpftmp.assets.cache","Custom-only","Build-or-runtime-review","36246",,"DF20C6C0D5B4DFEC41B0265ADA426A9CFB33EBB7F2B9EBBA38623E44D93A665C",
"obj/x64/Debug/net8.0-windows/Aimmy2_fzsll0l3_wpftmp.csproj.BuildWithSkipAnalyzers","Custom-only","Build-or-runtime-review","0",,"E3B0C44298FC1C149AFBF4C8996FB92427AE41E4649B934CA495991B7852B855",
"obj/x64/Debug/net8.0-windows/Aimmy2_fzsll0l3_wpftmp.GeneratedMSBuildEditorConfig.editorconfig","Custom-only","Build-or-runtime-review","819",,"3EF9182B52BEC39BB699BFEDA752F9503391A74FEF47E0F28DE1EF6BBECF8217",
"obj/x64/Debug/net8.0-windows/Aimmy2_fzsll0l3_wpftmp.GlobalUsings.g.cs","Custom-only","Build-or-runtime-review","183",,"FE45EA572AADFD1A9B54CF7251405CFA11B748CA88B034F06A724D49758CED2D",
"obj/x64/Debug/net8.0-windows/Aimmy2_g4yzr4qi_wpftmp.AssemblyInfo.cs","Custom-only","Build-or-runtime-review","1174",,"C2EE451CD149B2DEC17A341AD1D3BF0A44858776D43EDF436A126C6AAE80D41C",
"obj/x64/Debug/net8.0-windows/Aimmy2_g4yzr4qi_wpftmp.AssemblyInfoInputs.cache","Custom-only","Build-or-runtime-review","66",,"1FED0A160B24DC1F879F46CA141E0188509F20AA0E1E75E0118772B9216E8C62",
"obj/x64/Debug/net8.0-windows/Aimmy2_g4yzr4qi_wpftmp.assets.cache","Custom-only","Build-or-runtime-review","36246",,"0437C5B7B70ECAC4E589EC0FF045D35D8609F150F2AD8566A622A37E0D939FD4",
"obj/x64/Debug/net8.0-windows/Aimmy2_g4yzr4qi_wpftmp.csproj.BuildWithSkipAnalyzers","Custom-only","Build-or-runtime-review","0",,"E3B0C44298FC1C149AFBF4C8996FB92427AE41E4649B934CA495991B7852B855",
"obj/x64/Debug/net8.0-windows/Aimmy2_g4yzr4qi_wpftmp.GeneratedMSBuildEditorConfig.editorconfig","Custom-only","Build-or-runtime-review","819",,"3EF9182B52BEC39BB699BFEDA752F9503391A74FEF47E0F28DE1EF6BBECF8217",
"obj/x64/Debug/net8.0-windows/Aimmy2_g4yzr4qi_wpftmp.GlobalUsings.g.cs","Custom-only","Build-or-runtime-review","183",,"FE45EA572AADFD1A9B54CF7251405CFA11B748CA88B034F06A724D49758CED2D",
"obj/x64/Debug/net8.0-windows/Aimmy2_g5klfx2i_wpftmp.AssemblyInfo.cs","Custom-only","Build-or-runtime-review","1174",,"C2EE451CD149B2DEC17A341AD1D3BF0A44858776D43EDF436A126C6AAE80D41C",
"obj/x64/Debug/net8.0-windows/Aimmy2_g5klfx2i_wpftmp.AssemblyInfoInputs.cache","Custom-only","Build-or-runtime-review","66",,"1FED0A160B24DC1F879F46CA141E0188509F20AA0E1E75E0118772B9216E8C62",
"obj/x64/Debug/net8.0-windows/Aimmy2_g5klfx2i_wpftmp.assets.cache","Custom-only","Build-or-runtime-review","37798",,"2F69D5EEC22BD7B26EF3392C59FA27C4ABE78BC399BA74DB0EB0D62AAF45B5D5",
"obj/x64/Debug/net8.0-windows/Aimmy2_g5klfx2i_wpftmp.csproj.BuildWithSkipAnalyzers","Custom-only","Build-or-runtime-review","0",,"E3B0C44298FC1C149AFBF4C8996FB92427AE41E4649B934CA495991B7852B855",
"obj/x64/Debug/net8.0-windows/Aimmy2_g5klfx2i_wpftmp.GeneratedMSBuildEditorConfig.editorconfig","Custom-only","Build-or-runtime-review","1174",,"FE31C4AE4F7B5B5748CCFB9197539734FFEDFFECA99EE9C12453C7219560D797",
"obj/x64/Debug/net8.0-windows/Aimmy2_g5klfx2i_wpftmp.GlobalUsings.g.cs","Custom-only","Build-or-runtime-review","183",,"FE45EA572AADFD1A9B54CF7251405CFA11B748CA88B034F06A724D49758CED2D",
"obj/x64/Debug/net8.0-windows/Aimmy2_gbxdjqf4_wpftmp.AssemblyInfo.cs","Custom-only","Build-or-runtime-review","1174",,"C2EE451CD149B2DEC17A341AD1D3BF0A44858776D43EDF436A126C6AAE80D41C",
"obj/x64/Debug/net8.0-windows/Aimmy2_gbxdjqf4_wpftmp.AssemblyInfoInputs.cache","Custom-only","Build-or-runtime-review","66",,"1FED0A160B24DC1F879F46CA141E0188509F20AA0E1E75E0118772B9216E8C62",
"obj/x64/Debug/net8.0-windows/Aimmy2_gbxdjqf4_wpftmp.assets.cache","Custom-only","Build-or-runtime-review","36246",,"4DFB618E00D40DEF8219BA3B933E6A8AC24D7DBE523869C345B17FE47B067E23",
"obj/x64/Debug/net8.0-windows/Aimmy2_gbxdjqf4_wpftmp.csproj.BuildWithSkipAnalyzers","Custom-only","Build-or-runtime-review","0",,"E3B0C44298FC1C149AFBF4C8996FB92427AE41E4649B934CA495991B7852B855",
"obj/x64/Debug/net8.0-windows/Aimmy2_gbxdjqf4_wpftmp.GeneratedMSBuildEditorConfig.editorconfig","Custom-only","Build-or-runtime-review","819",,"3EF9182B52BEC39BB699BFEDA752F9503391A74FEF47E0F28DE1EF6BBECF8217",
"obj/x64/Debug/net8.0-windows/Aimmy2_gbxdjqf4_wpftmp.GlobalUsings.g.cs","Custom-only","Build-or-runtime-review","183",,"FE45EA572AADFD1A9B54CF7251405CFA11B748CA88B034F06A724D49758CED2D",
"obj/x64/Debug/net8.0-windows/Aimmy2_gili24rr_wpftmp.AssemblyInfo.cs","Custom-only","Build-or-runtime-review","1174",,"C2EE451CD149B2DEC17A341AD1D3BF0A44858776D43EDF436A126C6AAE80D41C",
"obj/x64/Debug/net8.0-windows/Aimmy2_gili24rr_wpftmp.AssemblyInfoInputs.cache","Custom-only","Build-or-runtime-review","66",,"1FED0A160B24DC1F879F46CA141E0188509F20AA0E1E75E0118772B9216E8C62",
"obj/x64/Debug/net8.0-windows/Aimmy2_gili24rr_wpftmp.assets.cache","Custom-only","Build-or-runtime-review","36246",,"36D663BE35D250A4A592FAD4FEF52A9E467A4EA49FF8F809FF77A83308492B70",
"obj/x64/Debug/net8.0-windows/Aimmy2_gili24rr_wpftmp.csproj.BuildWithSkipAnalyzers","Custom-only","Build-or-runtime-review","0",,"E3B0C44298FC1C149AFBF4C8996FB92427AE41E4649B934CA495991B7852B855",
"obj/x64/Debug/net8.0-windows/Aimmy2_gili24rr_wpftmp.GeneratedMSBuildEditorConfig.editorconfig","Custom-only","Build-or-runtime-review","819",,"3EF9182B52BEC39BB699BFEDA752F9503391A74FEF47E0F28DE1EF6BBECF8217",
"obj/x64/Debug/net8.0-windows/Aimmy2_gili24rr_wpftmp.GlobalUsings.g.cs","Custom-only","Build-or-runtime-review","183",,"FE45EA572AADFD1A9B54CF7251405CFA11B748CA88B034F06A724D49758CED2D",
"obj/x64/Debug/net8.0-windows/Aimmy2_gjzqvfhd_wpftmp.AssemblyInfo.cs","Custom-only","Build-or-runtime-review","1174",,"C2EE451CD149B2DEC17A341AD1D3BF0A44858776D43EDF436A126C6AAE80D41C",
"obj/x64/Debug/net8.0-windows/Aimmy2_gjzqvfhd_wpftmp.AssemblyInfoInputs.cache","Custom-only","Build-or-runtime-review","66",,"1FED0A160B24DC1F879F46CA141E0188509F20AA0E1E75E0118772B9216E8C62",
"obj/x64/Debug/net8.0-windows/Aimmy2_gjzqvfhd_wpftmp.assets.cache","Custom-only","Build-or-runtime-review","36246",,"227CFE984D1851A8B1FE3E96F6364E322A66BEC56A9DCA5CC4769D12BAFFBD50",
"obj/x64/Debug/net8.0-windows/Aimmy2_gjzqvfhd_wpftmp.csproj.BuildWithSkipAnalyzers","Custom-only","Build-or-runtime-review","0",,"E3B0C44298FC1C149AFBF4C8996FB92427AE41E4649B934CA495991B7852B855",
"obj/x64/Debug/net8.0-windows/Aimmy2_gjzqvfhd_wpftmp.GeneratedMSBuildEditorConfig.editorconfig","Custom-only","Build-or-runtime-review","871",,"7CC96B1D97E6B50EF1F26BFC7BB514E98BE018691CC42CCF7AFC905436532C7A",
"obj/x64/Debug/net8.0-windows/Aimmy2_gjzqvfhd_wpftmp.GlobalUsings.g.cs","Custom-only","Build-or-runtime-review","183",,"FE45EA572AADFD1A9B54CF7251405CFA11B748CA88B034F06A724D49758CED2D",
"obj/x64/Debug/net8.0-windows/Aimmy2_gm3znl5f_wpftmp.AssemblyInfo.cs","Custom-only","Build-or-runtime-review","1174",,"C2EE451CD149B2DEC17A341AD1D3BF0A44858776D43EDF436A126C6AAE80D41C",
"obj/x64/Debug/net8.0-windows/Aimmy2_gm3znl5f_wpftmp.AssemblyInfoInputs.cache","Custom-only","Build-or-runtime-review","66",,"1FED0A160B24DC1F879F46CA141E0188509F20AA0E1E75E0118772B9216E8C62",
"obj/x64/Debug/net8.0-windows/Aimmy2_gm3znl5f_wpftmp.assets.cache","Custom-only","Build-or-runtime-review","37798",,"387FBEDACFEBCA6F178CD7C81AACA4EA023727F6D3234508EFB93186CF44B535",
"obj/x64/Debug/net8.0-windows/Aimmy2_gm3znl5f_wpftmp.csproj.BuildWithSkipAnalyzers","Custom-only","Build-or-runtime-review","0",,"E3B0C44298FC1C149AFBF4C8996FB92427AE41E4649B934CA495991B7852B855",
"obj/x64/Debug/net8.0-windows/Aimmy2_gm3znl5f_wpftmp.GeneratedMSBuildEditorConfig.editorconfig","Custom-only","Build-or-runtime-review","1174",,"6756CDDBE904F2EC3174E57A9127FC0F3475C50D52AA8B79B33E470B7DD648F1",
"obj/x64/Debug/net8.0-windows/Aimmy2_gm3znl5f_wpftmp.GlobalUsings.g.cs","Custom-only","Build-or-runtime-review","183",,"FE45EA572AADFD1A9B54CF7251405CFA11B748CA88B034F06A724D49758CED2D",
"obj/x64/Debug/net8.0-windows/Aimmy2_gpbjybya_wpftmp.AssemblyInfo.cs","Custom-only","Build-or-runtime-review","1174",,"C2EE451CD149B2DEC17A341AD1D3BF0A44858776D43EDF436A126C6AAE80D41C",
"obj/x64/Debug/net8.0-windows/Aimmy2_gpbjybya_wpftmp.AssemblyInfoInputs.cache","Custom-only","Build-or-runtime-review","66",,"1FED0A160B24DC1F879F46CA141E0188509F20AA0E1E75E0118772B9216E8C62",
"obj/x64/Debug/net8.0-windows/Aimmy2_gpbjybya_wpftmp.assets.cache","Custom-only","Build-or-runtime-review","36246",,"64EDC3ACF945D6CF089D3FD7DF0A51DE7236EDA3E0AA12CF91B8C6ED21602055",
"obj/x64/Debug/net8.0-windows/Aimmy2_gpbjybya_wpftmp.csproj.BuildWithSkipAnalyzers","Custom-only","Build-or-runtime-review","0",,"E3B0C44298FC1C149AFBF4C8996FB92427AE41E4649B934CA495991B7852B855",
"obj/x64/Debug/net8.0-windows/Aimmy2_gpbjybya_wpftmp.GeneratedMSBuildEditorConfig.editorconfig","Custom-only","Build-or-runtime-review","1089",,"8E94C47B148DC4DBB0AC29D037D3998E9CEE545092CA8CD5FC42C5CDA7F02323",
"obj/x64/Debug/net8.0-windows/Aimmy2_gpbjybya_wpftmp.GlobalUsings.g.cs","Custom-only","Build-or-runtime-review","183",,"FE45EA572AADFD1A9B54CF7251405CFA11B748CA88B034F06A724D49758CED2D",
"obj/x64/Debug/net8.0-windows/Aimmy2_gr4buhhu_wpftmp.AssemblyInfo.cs","Custom-only","Build-or-runtime-review","1174",,"C2EE451CD149B2DEC17A341AD1D3BF0A44858776D43EDF436A126C6AAE80D41C",
"obj/x64/Debug/net8.0-windows/Aimmy2_gr4buhhu_wpftmp.AssemblyInfoInputs.cache","Custom-only","Build-or-runtime-review","66",,"1FED0A160B24DC1F879F46CA141E0188509F20AA0E1E75E0118772B9216E8C62",
"obj/x64/Debug/net8.0-windows/Aimmy2_gr4buhhu_wpftmp.assets.cache","Custom-only","Build-or-runtime-review","36246",,"EB162FE3591B6D0E00776A17CC87ADC345538D222931443FCAF4DB1DA5A7AAC8",
"obj/x64/Debug/net8.0-windows/Aimmy2_gr4buhhu_wpftmp.csproj.BuildWithSkipAnalyzers","Custom-only","Build-or-runtime-review","0",,"E3B0C44298FC1C149AFBF4C8996FB92427AE41E4649B934CA495991B7852B855",
"obj/x64/Debug/net8.0-windows/Aimmy2_gr4buhhu_wpftmp.GeneratedMSBuildEditorConfig.editorconfig","Custom-only","Build-or-runtime-review","819",,"3EF9182B52BEC39BB699BFEDA752F9503391A74FEF47E0F28DE1EF6BBECF8217",
"obj/x64/Debug/net8.0-windows/Aimmy2_gr4buhhu_wpftmp.GlobalUsings.g.cs","Custom-only","Build-or-runtime-review","183",,"FE45EA572AADFD1A9B54CF7251405CFA11B748CA88B034F06A724D49758CED2D",
"obj/x64/Debug/net8.0-windows/Aimmy2_gsfizehl_wpftmp.AssemblyInfo.cs","Custom-only","Build-or-runtime-review","1174",,"C2EE451CD149B2DEC17A341AD1D3BF0A44858776D43EDF436A126C6AAE80D41C",
"obj/x64/Debug/net8.0-windows/Aimmy2_gsfizehl_wpftmp.AssemblyInfoInputs.cache","Custom-only","Build-or-runtime-review","66",,"1FED0A160B24DC1F879F46CA141E0188509F20AA0E1E75E0118772B9216E8C62",
"obj/x64/Debug/net8.0-windows/Aimmy2_gsfizehl_wpftmp.assets.cache","Custom-only","Build-or-runtime-review","36246",,"F481A068DEBA7DFED08D8F1AABCDB0443D40444A2AF6E886A87A9A719C0F3266",
"obj/x64/Debug/net8.0-windows/Aimmy2_gsfizehl_wpftmp.csproj.BuildWithSkipAnalyzers","Custom-only","Build-or-runtime-review","0",,"E3B0C44298FC1C149AFBF4C8996FB92427AE41E4649B934CA495991B7852B855",
"obj/x64/Debug/net8.0-windows/Aimmy2_gsfizehl_wpftmp.GeneratedMSBuildEditorConfig.editorconfig","Custom-only","Build-or-runtime-review","819",,"3EF9182B52BEC39BB699BFEDA752F9503391A74FEF47E0F28DE1EF6BBECF8217",
"obj/x64/Debug/net8.0-windows/Aimmy2_gsfizehl_wpftmp.GlobalUsings.g.cs","Custom-only","Build-or-runtime-review","183",,"FE45EA572AADFD1A9B54CF7251405CFA11B748CA88B034F06A724D49758CED2D",
"obj/x64/Debug/net8.0-windows/Aimmy2_guuzk1la_wpftmp.AssemblyInfo.cs","Custom-only","Build-or-runtime-review","1174",,"C2EE451CD149B2DEC17A341AD1D3BF0A44858776D43EDF436A126C6AAE80D41C",
"obj/x64/Debug/net8.0-windows/Aimmy2_guuzk1la_wpftmp.AssemblyInfoInputs.cache","Custom-only","Build-or-runtime-review","66",,"1FED0A160B24DC1F879F46CA141E0188509F20AA0E1E75E0118772B9216E8C62",
"obj/x64/Debug/net8.0-windows/Aimmy2_guuzk1la_wpftmp.assets.cache","Custom-only","Build-or-runtime-review","36246",,"D5C615DD557B4DD831B101971F787EF85DC4E56BBBD73A0006618B3147D65567",
"obj/x64/Debug/net8.0-windows/Aimmy2_guuzk1la_wpftmp.csproj.BuildWithSkipAnalyzers","Custom-only","Build-or-runtime-review","0",,"E3B0C44298FC1C149AFBF4C8996FB92427AE41E4649B934CA495991B7852B855",
"obj/x64/Debug/net8.0-windows/Aimmy2_guuzk1la_wpftmp.GeneratedMSBuildEditorConfig.editorconfig","Custom-only","Build-or-runtime-review","1149",,"82A2A9623CDA906D56014E452685D4E9051AC711A515221145F7E6D01B7596D9",
"obj/x64/Debug/net8.0-windows/Aimmy2_guuzk1la_wpftmp.GlobalUsings.g.cs","Custom-only","Build-or-runtime-review","183",,"FE45EA572AADFD1A9B54CF7251405CFA11B748CA88B034F06A724D49758CED2D",
"obj/x64/Debug/net8.0-windows/Aimmy2_gwq5h2tj_wpftmp.AssemblyInfo.cs","Custom-only","Build-or-runtime-review","1174",,"C2EE451CD149B2DEC17A341AD1D3BF0A44858776D43EDF436A126C6AAE80D41C",
"obj/x64/Debug/net8.0-windows/Aimmy2_gwq5h2tj_wpftmp.AssemblyInfoInputs.cache","Custom-only","Build-or-runtime-review","66",,"1FED0A160B24DC1F879F46CA141E0188509F20AA0E1E75E0118772B9216E8C62",
"obj/x64/Debug/net8.0-windows/Aimmy2_gwq5h2tj_wpftmp.assets.cache","Custom-only","Build-or-runtime-review","36246",,"C4BCD6648DA731DDE48CDB1E14DD07519112B8267A22390A45465E93630214B2",
"obj/x64/Debug/net8.0-windows/Aimmy2_gwq5h2tj_wpftmp.csproj.BuildWithSkipAnalyzers","Custom-only","Build-or-runtime-review","0",,"E3B0C44298FC1C149AFBF4C8996FB92427AE41E4649B934CA495991B7852B855",
"obj/x64/Debug/net8.0-windows/Aimmy2_gwq5h2tj_wpftmp.GeneratedMSBuildEditorConfig.editorconfig","Custom-only","Build-or-runtime-review","1087",,"C366639FD103F2DFAF1CEAC8F5F050E5B15FAA45E2DDDF371B29998033B4FDB2",
"obj/x64/Debug/net8.0-windows/Aimmy2_gwq5h2tj_wpftmp.GlobalUsings.g.cs","Custom-only","Build-or-runtime-review","183",,"FE45EA572AADFD1A9B54CF7251405CFA11B748CA88B034F06A724D49758CED2D",
"obj/x64/Debug/net8.0-windows/Aimmy2_gzaatk2y_wpftmp.AssemblyInfo.cs","Custom-only","Build-or-runtime-review","1174",,"C2EE451CD149B2DEC17A341AD1D3BF0A44858776D43EDF436A126C6AAE80D41C",
"obj/x64/Debug/net8.0-windows/Aimmy2_gzaatk2y_wpftmp.AssemblyInfoInputs.cache","Custom-only","Build-or-runtime-review","66",,"1FED0A160B24DC1F879F46CA141E0188509F20AA0E1E75E0118772B9216E8C62",
"obj/x64/Debug/net8.0-windows/Aimmy2_gzaatk2y_wpftmp.assets.cache","Custom-only","Build-or-runtime-review","36246",,"90B9D0BE44FA27213E6AB0132E961941C0934A039627905614F9DF74EC1926DD",
"obj/x64/Debug/net8.0-windows/Aimmy2_gzaatk2y_wpftmp.csproj.BuildWithSkipAnalyzers","Custom-only","Build-or-runtime-review","0",,"E3B0C44298FC1C149AFBF4C8996FB92427AE41E4649B934CA495991B7852B855",
"obj/x64/Debug/net8.0-windows/Aimmy2_gzaatk2y_wpftmp.GeneratedMSBuildEditorConfig.editorconfig","Custom-only","Build-or-runtime-review","1084",,"6CF57F2AD104FF1DECD63B754F5DA77BB1616CA9C458547AD0E30573D593ED85",
"obj/x64/Debug/net8.0-windows/Aimmy2_gzaatk2y_wpftmp.GlobalUsings.g.cs","Custom-only","Build-or-runtime-review","183",,"FE45EA572AADFD1A9B54CF7251405CFA11B748CA88B034F06A724D49758CED2D",
"obj/x64/Debug/net8.0-windows/Aimmy2_h1nbm31b_wpftmp.AssemblyInfo.cs","Custom-only","Build-or-runtime-review","1174",,"C2EE451CD149B2DEC17A341AD1D3BF0A44858776D43EDF436A126C6AAE80D41C",
"obj/x64/Debug/net8.0-windows/Aimmy2_h1nbm31b_wpftmp.AssemblyInfoInputs.cache","Custom-only","Build-or-runtime-review","66",,"1FED0A160B24DC1F879F46CA141E0188509F20AA0E1E75E0118772B9216E8C62",
"obj/x64/Debug/net8.0-windows/Aimmy2_h1nbm31b_wpftmp.assets.cache","Custom-only","Build-or-runtime-review","36246",,"8CE33FB20B548D4A7CC8895FDB94BB4C3C8BC118C1618620B77A1E28ED9BB010",
"obj/x64/Debug/net8.0-windows/Aimmy2_h1nbm31b_wpftmp.csproj.BuildWithSkipAnalyzers","Custom-only","Build-or-runtime-review","0",,"E3B0C44298FC1C149AFBF4C8996FB92427AE41E4649B934CA495991B7852B855",
"obj/x64/Debug/net8.0-windows/Aimmy2_h1nbm31b_wpftmp.GeneratedMSBuildEditorConfig.editorconfig","Custom-only","Build-or-runtime-review","819",,"3EF9182B52BEC39BB699BFEDA752F9503391A74FEF47E0F28DE1EF6BBECF8217",
"obj/x64/Debug/net8.0-windows/Aimmy2_h1nbm31b_wpftmp.GlobalUsings.g.cs","Custom-only","Build-or-runtime-review","183",,"FE45EA572AADFD1A9B54CF7251405CFA11B748CA88B034F06A724D49758CED2D",
"obj/x64/Debug/net8.0-windows/Aimmy2_hdvoxzxk_wpftmp.AssemblyInfo.cs","Custom-only","Build-or-runtime-review","1174",,"C2EE451CD149B2DEC17A341AD1D3BF0A44858776D43EDF436A126C6AAE80D41C",
"obj/x64/Debug/net8.0-windows/Aimmy2_hdvoxzxk_wpftmp.AssemblyInfoInputs.cache","Custom-only","Build-or-runtime-review","66",,"1FED0A160B24DC1F879F46CA141E0188509F20AA0E1E75E0118772B9216E8C62",
"obj/x64/Debug/net8.0-windows/Aimmy2_hdvoxzxk_wpftmp.assets.cache","Custom-only","Build-or-runtime-review","36246",,"F5B67AC907305AD08C4E08F2A3A0DBE32781F62F64EED1C1D08B5062346D4AFC",
"obj/x64/Debug/net8.0-windows/Aimmy2_hdvoxzxk_wpftmp.csproj.BuildWithSkipAnalyzers","Custom-only","Build-or-runtime-review","0",,"E3B0C44298FC1C149AFBF4C8996FB92427AE41E4649B934CA495991B7852B855",
"obj/x64/Debug/net8.0-windows/Aimmy2_hdvoxzxk_wpftmp.GeneratedMSBuildEditorConfig.editorconfig","Custom-only","Build-or-runtime-review","819",,"3EF9182B52BEC39BB699BFEDA752F9503391A74FEF47E0F28DE1EF6BBECF8217",
"obj/x64/Debug/net8.0-windows/Aimmy2_hdvoxzxk_wpftmp.GlobalUsings.g.cs","Custom-only","Build-or-runtime-review","183",,"FE45EA572AADFD1A9B54CF7251405CFA11B748CA88B034F06A724D49758CED2D",
"obj/x64/Debug/net8.0-windows/Aimmy2_hfykjz3c_wpftmp.AssemblyInfo.cs","Custom-only","Build-or-runtime-review","1174",,"C2EE451CD149B2DEC17A341AD1D3BF0A44858776D43EDF436A126C6AAE80D41C",
"obj/x64/Debug/net8.0-windows/Aimmy2_hfykjz3c_wpftmp.AssemblyInfoInputs.cache","Custom-only","Build-or-runtime-review","66",,"1FED0A160B24DC1F879F46CA141E0188509F20AA0E1E75E0118772B9216E8C62",
"obj/x64/Debug/net8.0-windows/Aimmy2_hfykjz3c_wpftmp.assets.cache","Custom-only","Build-or-runtime-review","36246",,"BBEE9F1D38C9D160BAA59346C64E0BDDF42E7BB90B03BF1556A06451BD2C3867",
"obj/x64/Debug/net8.0-windows/Aimmy2_hfykjz3c_wpftmp.csproj.BuildWithSkipAnalyzers","Custom-only","Build-or-runtime-review","0",,"E3B0C44298FC1C149AFBF4C8996FB92427AE41E4649B934CA495991B7852B855",
"obj/x64/Debug/net8.0-windows/Aimmy2_hfykjz3c_wpftmp.GeneratedMSBuildEditorConfig.editorconfig","Custom-only","Build-or-runtime-review","1087",,"C366639FD103F2DFAF1CEAC8F5F050E5B15FAA45E2DDDF371B29998033B4FDB2",
"obj/x64/Debug/net8.0-windows/Aimmy2_hfykjz3c_wpftmp.GlobalUsings.g.cs","Custom-only","Build-or-runtime-review","183",,"FE45EA572AADFD1A9B54CF7251405CFA11B748CA88B034F06A724D49758CED2D",
"obj/x64/Debug/net8.0-windows/Aimmy2_hggtn3an_wpftmp.AssemblyInfo.cs","Custom-only","Build-or-runtime-review","1174",,"C2EE451CD149B2DEC17A341AD1D3BF0A44858776D43EDF436A126C6AAE80D41C",
"obj/x64/Debug/net8.0-windows/Aimmy2_hggtn3an_wpftmp.AssemblyInfoInputs.cache","Custom-only","Build-or-runtime-review","66",,"1FED0A160B24DC1F879F46CA141E0188509F20AA0E1E75E0118772B9216E8C62",
"obj/x64/Debug/net8.0-windows/Aimmy2_hggtn3an_wpftmp.assets.cache","Custom-only","Build-or-runtime-review","36246",,"8CFAFA5D9F4CC5E17CB05157F866F853C84FE0DC5AE346739D4B92A076406121",
"obj/x64/Debug/net8.0-windows/Aimmy2_hggtn3an_wpftmp.csproj.BuildWithSkipAnalyzers","Custom-only","Build-or-runtime-review","0",,"E3B0C44298FC1C149AFBF4C8996FB92427AE41E4649B934CA495991B7852B855",
"obj/x64/Debug/net8.0-windows/Aimmy2_hggtn3an_wpftmp.GeneratedMSBuildEditorConfig.editorconfig","Custom-only","Build-or-runtime-review","819",,"3EF9182B52BEC39BB699BFEDA752F9503391A74FEF47E0F28DE1EF6BBECF8217",
"obj/x64/Debug/net8.0-windows/Aimmy2_hggtn3an_wpftmp.GlobalUsings.g.cs","Custom-only","Build-or-runtime-review","183",,"FE45EA572AADFD1A9B54CF7251405CFA11B748CA88B034F06A724D49758CED2D",
"obj/x64/Debug/net8.0-windows/Aimmy2_hgipexwt_wpftmp.AssemblyInfo.cs","Custom-only","Build-or-runtime-review","1174",,"C2EE451CD149B2DEC17A341AD1D3BF0A44858776D43EDF436A126C6AAE80D41C",
"obj/x64/Debug/net8.0-windows/Aimmy2_hgipexwt_wpftmp.AssemblyInfoInputs.cache","Custom-only","Build-or-runtime-review","66",,"1FED0A160B24DC1F879F46CA141E0188509F20AA0E1E75E0118772B9216E8C62",
"obj/x64/Debug/net8.0-windows/Aimmy2_hgipexwt_wpftmp.assets.cache","Custom-only","Build-or-runtime-review","36246",,"46A8C6482857BDA42734D0CD2329D119E729858CE5DD69A4062858E1F901B383",
"obj/x64/Debug/net8.0-windows/Aimmy2_hgipexwt_wpftmp.csproj.BuildWithSkipAnalyzers","Custom-only","Build-or-runtime-review","0",,"E3B0C44298FC1C149AFBF4C8996FB92427AE41E4649B934CA495991B7852B855",
"obj/x64/Debug/net8.0-windows/Aimmy2_hgipexwt_wpftmp.GeneratedMSBuildEditorConfig.editorconfig","Custom-only","Build-or-runtime-review","819",,"3EF9182B52BEC39BB699BFEDA752F9503391A74FEF47E0F28DE1EF6BBECF8217",
"obj/x64/Debug/net8.0-windows/Aimmy2_hgipexwt_wpftmp.GlobalUsings.g.cs","Custom-only","Build-or-runtime-review","183",,"FE45EA572AADFD1A9B54CF7251405CFA11B748CA88B034F06A724D49758CED2D",
"obj/x64/Debug/net8.0-windows/Aimmy2_hjvdeqvn_wpftmp.AssemblyInfo.cs","Custom-only","Build-or-runtime-review","1174",,"C2EE451CD149B2DEC17A341AD1D3BF0A44858776D43EDF436A126C6AAE80D41C",
"obj/x64/Debug/net8.0-windows/Aimmy2_hjvdeqvn_wpftmp.AssemblyInfoInputs.cache","Custom-only","Build-or-runtime-review","66",,"1FED0A160B24DC1F879F46CA141E0188509F20AA0E1E75E0118772B9216E8C62",
"obj/x64/Debug/net8.0-windows/Aimmy2_hjvdeqvn_wpftmp.assets.cache","Custom-only","Build-or-runtime-review","36246",,"8AAD09AEC636007D6D532F9CE9DF37610410426ACCF67971664232B4C48A525D",
"obj/x64/Debug/net8.0-windows/Aimmy2_hjvdeqvn_wpftmp.csproj.BuildWithSkipAnalyzers","Custom-only","Build-or-runtime-review","0",,"E3B0C44298FC1C149AFBF4C8996FB92427AE41E4649B934CA495991B7852B855",
"obj/x64/Debug/net8.0-windows/Aimmy2_hjvdeqvn_wpftmp.GeneratedMSBuildEditorConfig.editorconfig","Custom-only","Build-or-runtime-review","819",,"3EF9182B52BEC39BB699BFEDA752F9503391A74FEF47E0F28DE1EF6BBECF8217",
"obj/x64/Debug/net8.0-windows/Aimmy2_hjvdeqvn_wpftmp.GlobalUsings.g.cs","Custom-only","Build-or-runtime-review","183",,"FE45EA572AADFD1A9B54CF7251405CFA11B748CA88B034F06A724D49758CED2D",
"obj/x64/Debug/net8.0-windows/Aimmy2_hmuea112_wpftmp.AssemblyInfo.cs","Custom-only","Build-or-runtime-review","1174",,"C2EE451CD149B2DEC17A341AD1D3BF0A44858776D43EDF436A126C6AAE80D41C",
"obj/x64/Debug/net8.0-windows/Aimmy2_hmuea112_wpftmp.AssemblyInfoInputs.cache","Custom-only","Build-or-runtime-review","66",,"1FED0A160B24DC1F879F46CA141E0188509F20AA0E1E75E0118772B9216E8C62",
"obj/x64/Debug/net8.0-windows/Aimmy2_hmuea112_wpftmp.assets.cache","Custom-only","Build-or-runtime-review","37798",,"F42392613CF3212DB3A12A300C42DFD3BDB091CA403395D5DA016F1ADD58CBA4",
"obj/x64/Debug/net8.0-windows/Aimmy2_hmuea112_wpftmp.csproj.BuildWithSkipAnalyzers","Custom-only","Build-or-runtime-review","0",,"E3B0C44298FC1C149AFBF4C8996FB92427AE41E4649B934CA495991B7852B855",
"obj/x64/Debug/net8.0-windows/Aimmy2_hmuea112_wpftmp.GeneratedMSBuildEditorConfig.editorconfig","Custom-only","Build-or-runtime-review","1174",,"6756CDDBE904F2EC3174E57A9127FC0F3475C50D52AA8B79B33E470B7DD648F1",
"obj/x64/Debug/net8.0-windows/Aimmy2_hmuea112_wpftmp.GlobalUsings.g.cs","Custom-only","Build-or-runtime-review","183",,"FE45EA572AADFD1A9B54CF7251405CFA11B748CA88B034F06A724D49758CED2D",
"obj/x64/Debug/net8.0-windows/Aimmy2_hp4dizev_wpftmp.AssemblyInfo.cs","Custom-only","Build-or-runtime-review","1174",,"C2EE451CD149B2DEC17A341AD1D3BF0A44858776D43EDF436A126C6AAE80D41C",
"obj/x64/Debug/net8.0-windows/Aimmy2_hp4dizev_wpftmp.AssemblyInfoInputs.cache","Custom-only","Build-or-runtime-review","66",,"1FED0A160B24DC1F879F46CA141E0188509F20AA0E1E75E0118772B9216E8C62",
"obj/x64/Debug/net8.0-windows/Aimmy2_hp4dizev_wpftmp.assets.cache","Custom-only","Build-or-runtime-review","36246",,"17FAE8A4C72230D23A62E9D6A504B95DC1C8F043EADCB9732CC7399B7CE3B620",
"obj/x64/Debug/net8.0-windows/Aimmy2_hp4dizev_wpftmp.csproj.BuildWithSkipAnalyzers","Custom-only","Build-or-runtime-review","0",,"E3B0C44298FC1C149AFBF4C8996FB92427AE41E4649B934CA495991B7852B855",
"obj/x64/Debug/net8.0-windows/Aimmy2_hp4dizev_wpftmp.GeneratedMSBuildEditorConfig.editorconfig","Custom-only","Build-or-runtime-review","871",,"7CC96B1D97E6B50EF1F26BFC7BB514E98BE018691CC42CCF7AFC905436532C7A",
"obj/x64/Debug/net8.0-windows/Aimmy2_hp4dizev_wpftmp.GlobalUsings.g.cs","Custom-only","Build-or-runtime-review","183",,"FE45EA572AADFD1A9B54CF7251405CFA11B748CA88B034F06A724D49758CED2D",
"obj/x64/Debug/net8.0-windows/Aimmy2_i5yoc4j1_wpftmp.AssemblyInfo.cs","Custom-only","Build-or-runtime-review","1174",,"C2EE451CD149B2DEC17A341AD1D3BF0A44858776D43EDF436A126C6AAE80D41C",
"obj/x64/Debug/net8.0-windows/Aimmy2_i5yoc4j1_wpftmp.AssemblyInfoInputs.cache","Custom-only","Build-or-runtime-review","66",,"1FED0A160B24DC1F879F46CA141E0188509F20AA0E1E75E0118772B9216E8C62",
"obj/x64/Debug/net8.0-windows/Aimmy2_i5yoc4j1_wpftmp.assets.cache","Custom-only","Build-or-runtime-review","36246",,"4563F255365CDC251979FFF4BAE9807FA9BAA2995D13A938DB606D665A6C6EE3",
"obj/x64/Debug/net8.0-windows/Aimmy2_i5yoc4j1_wpftmp.csproj.BuildWithSkipAnalyzers","Custom-only","Build-or-runtime-review","0",,"E3B0C44298FC1C149AFBF4C8996FB92427AE41E4649B934CA495991B7852B855",
"obj/x64/Debug/net8.0-windows/Aimmy2_i5yoc4j1_wpftmp.GeneratedMSBuildEditorConfig.editorconfig","Custom-only","Build-or-runtime-review","1149",,"98176DAE78CCB53DDE88AC657DFBA4937F1E53EC93DE7CDC1361C7885FEA94A9",
"obj/x64/Debug/net8.0-windows/Aimmy2_i5yoc4j1_wpftmp.GlobalUsings.g.cs","Custom-only","Build-or-runtime-review","183",,"FE45EA572AADFD1A9B54CF7251405CFA11B748CA88B034F06A724D49758CED2D",
"obj/x64/Debug/net8.0-windows/Aimmy2_iacey3mg_wpftmp.AssemblyInfo.cs","Custom-only","Build-or-runtime-review","1174",,"C2EE451CD149B2DEC17A341AD1D3BF0A44858776D43EDF436A126C6AAE80D41C",
"obj/x64/Debug/net8.0-windows/Aimmy2_iacey3mg_wpftmp.AssemblyInfoInputs.cache","Custom-only","Build-or-runtime-review","66",,"1FED0A160B24DC1F879F46CA141E0188509F20AA0E1E75E0118772B9216E8C62",
"obj/x64/Debug/net8.0-windows/Aimmy2_iacey3mg_wpftmp.assets.cache","Custom-only","Build-or-runtime-review","36246",,"B7F814021C0915CEDFC1A2B1132BF3094D8E72869CDD944DBC25A00A03E9944B",
"obj/x64/Debug/net8.0-windows/Aimmy2_iacey3mg_wpftmp.csproj.BuildWithSkipAnalyzers","Custom-only","Build-or-runtime-review","0",,"E3B0C44298FC1C149AFBF4C8996FB92427AE41E4649B934CA495991B7852B855",
"obj/x64/Debug/net8.0-windows/Aimmy2_iacey3mg_wpftmp.GeneratedMSBuildEditorConfig.editorconfig","Custom-only","Build-or-runtime-review","1161",,"B4BFC27B4FEF55F4B0082EDA23C4B71CAC9838DD0D517330E1EA0185DA8EF0A3",
"obj/x64/Debug/net8.0-windows/Aimmy2_iacey3mg_wpftmp.GlobalUsings.g.cs","Custom-only","Build-or-runtime-review","183",,"FE45EA572AADFD1A9B54CF7251405CFA11B748CA88B034F06A724D49758CED2D",
"obj/x64/Debug/net8.0-windows/Aimmy2_iegd13uh_wpftmp.AssemblyInfo.cs","Custom-only","Build-or-runtime-review","1174",,"C2EE451CD149B2DEC17A341AD1D3BF0A44858776D43EDF436A126C6AAE80D41C",
"obj/x64/Debug/net8.0-windows/Aimmy2_iegd13uh_wpftmp.AssemblyInfoInputs.cache","Custom-only","Build-or-runtime-review","66",,"1FED0A160B24DC1F879F46CA141E0188509F20AA0E1E75E0118772B9216E8C62",
"obj/x64/Debug/net8.0-windows/Aimmy2_iegd13uh_wpftmp.assets.cache","Custom-only","Build-or-runtime-review","36246",,"ECDCFB3A00186EB23FD94D285767FDBD8DD195FCF1C901E7FAB28F21732481ED",
"obj/x64/Debug/net8.0-windows/Aimmy2_iegd13uh_wpftmp.csproj.BuildWithSkipAnalyzers","Custom-only","Build-or-runtime-review","0",,"E3B0C44298FC1C149AFBF4C8996FB92427AE41E4649B934CA495991B7852B855",
"obj/x64/Debug/net8.0-windows/Aimmy2_iegd13uh_wpftmp.GeneratedMSBuildEditorConfig.editorconfig","Custom-only","Build-or-runtime-review","819",,"3EF9182B52BEC39BB699BFEDA752F9503391A74FEF47E0F28DE1EF6BBECF8217",
"obj/x64/Debug/net8.0-windows/Aimmy2_iegd13uh_wpftmp.GlobalUsings.g.cs","Custom-only","Build-or-runtime-review","183",,"FE45EA572AADFD1A9B54CF7251405CFA11B748CA88B034F06A724D49758CED2D",
"obj/x64/Debug/net8.0-windows/Aimmy2_ihixmwyg_wpftmp.AssemblyInfo.cs","Custom-only","Build-or-runtime-review","1174",,"C2EE451CD149B2DEC17A341AD1D3BF0A44858776D43EDF436A126C6AAE80D41C",
"obj/x64/Debug/net8.0-windows/Aimmy2_ihixmwyg_wpftmp.AssemblyInfoInputs.cache","Custom-only","Build-or-runtime-review","66",,"1FED0A160B24DC1F879F46CA141E0188509F20AA0E1E75E0118772B9216E8C62",
"obj/x64/Debug/net8.0-windows/Aimmy2_ihixmwyg_wpftmp.assets.cache","Custom-only","Build-or-runtime-review","36246",,"9914BECDA233EDA9CF71B97487605477751C975F647849918794DA41B722B35B",
"obj/x64/Debug/net8.0-windows/Aimmy2_ihixmwyg_wpftmp.csproj.BuildWithSkipAnalyzers","Custom-only","Build-or-runtime-review","0",,"E3B0C44298FC1C149AFBF4C8996FB92427AE41E4649B934CA495991B7852B855",
"obj/x64/Debug/net8.0-windows/Aimmy2_ihixmwyg_wpftmp.GeneratedMSBuildEditorConfig.editorconfig","Custom-only","Build-or-runtime-review","819",,"3EF9182B52BEC39BB699BFEDA752F9503391A74FEF47E0F28DE1EF6BBECF8217",
"obj/x64/Debug/net8.0-windows/Aimmy2_ihixmwyg_wpftmp.GlobalUsings.g.cs","Custom-only","Build-or-runtime-review","183",,"FE45EA572AADFD1A9B54CF7251405CFA11B748CA88B034F06A724D49758CED2D",
"obj/x64/Debug/net8.0-windows/Aimmy2_ilalggmn_wpftmp.AssemblyInfo.cs","Custom-only","Build-or-runtime-review","1174",,"C2EE451CD149B2DEC17A341AD1D3BF0A44858776D43EDF436A126C6AAE80D41C",
"obj/x64/Debug/net8.0-windows/Aimmy2_ilalggmn_wpftmp.AssemblyInfoInputs.cache","Custom-only","Build-or-runtime-review","66",,"1FED0A160B24DC1F879F46CA141E0188509F20AA0E1E75E0118772B9216E8C62",
"obj/x64/Debug/net8.0-windows/Aimmy2_ilalggmn_wpftmp.assets.cache","Custom-only","Build-or-runtime-review","37798",,"92116E5E70528C304DBDC697D76A9565778C2D6CA1697DB93085F8E9645E0B97",
"obj/x64/Debug/net8.0-windows/Aimmy2_ilalggmn_wpftmp.csproj.BuildWithSkipAnalyzers","Custom-only","Build-or-runtime-review","0",,"E3B0C44298FC1C149AFBF4C8996FB92427AE41E4649B934CA495991B7852B855",
"obj/x64/Debug/net8.0-windows/Aimmy2_ilalggmn_wpftmp.GeneratedMSBuildEditorConfig.editorconfig","Custom-only","Build-or-runtime-review","1174",,"6756CDDBE904F2EC3174E57A9127FC0F3475C50D52AA8B79B33E470B7DD648F1",
"obj/x64/Debug/net8.0-windows/Aimmy2_ilalggmn_wpftmp.GlobalUsings.g.cs","Custom-only","Build-or-runtime-review","183",,"FE45EA572AADFD1A9B54CF7251405CFA11B748CA88B034F06A724D49758CED2D",
"obj/x64/Debug/net8.0-windows/Aimmy2_irrmcjag_wpftmp.AssemblyInfo.cs","Custom-only","Build-or-runtime-review","1174",,"C2EE451CD149B2DEC17A341AD1D3BF0A44858776D43EDF436A126C6AAE80D41C",
"obj/x64/Debug/net8.0-windows/Aimmy2_irrmcjag_wpftmp.AssemblyInfoInputs.cache","Custom-only","Build-or-runtime-review","66",,"1FED0A160B24DC1F879F46CA141E0188509F20AA0E1E75E0118772B9216E8C62",
"obj/x64/Debug/net8.0-windows/Aimmy2_irrmcjag_wpftmp.assets.cache","Custom-only","Build-or-runtime-review","36246",,"09B233350A6BFF1C00ED7597F89913B7F13B475FF8AEF4EB7F088C851D7DCE3B",
"obj/x64/Debug/net8.0-windows/Aimmy2_irrmcjag_wpftmp.csproj.BuildWithSkipAnalyzers","Custom-only","Build-or-runtime-review","0",,"E3B0C44298FC1C149AFBF4C8996FB92427AE41E4649B934CA495991B7852B855",
"obj/x64/Debug/net8.0-windows/Aimmy2_irrmcjag_wpftmp.GeneratedMSBuildEditorConfig.editorconfig","Custom-only","Build-or-runtime-review","1084",,"6CF57F2AD104FF1DECD63B754F5DA77BB1616CA9C458547AD0E30573D593ED85",
"obj/x64/Debug/net8.0-windows/Aimmy2_irrmcjag_wpftmp.GlobalUsings.g.cs","Custom-only","Build-or-runtime-review","183",,"FE45EA572AADFD1A9B54CF7251405CFA11B748CA88B034F06A724D49758CED2D",
"obj/x64/Debug/net8.0-windows/Aimmy2_ishgvuva_wpftmp.AssemblyInfo.cs","Custom-only","Build-or-runtime-review","1174",,"C2EE451CD149B2DEC17A341AD1D3BF0A44858776D43EDF436A126C6AAE80D41C",
"obj/x64/Debug/net8.0-windows/Aimmy2_ishgvuva_wpftmp.AssemblyInfoInputs.cache","Custom-only","Build-or-runtime-review","66",,"1FED0A160B24DC1F879F46CA141E0188509F20AA0E1E75E0118772B9216E8C62",
"obj/x64/Debug/net8.0-windows/Aimmy2_ishgvuva_wpftmp.assets.cache","Custom-only","Build-or-runtime-review","36246",,"97BCC995EBBD60DC8CD9BE43981DF506EE771B41A635A290E3B4C0F6AEC22460",
"obj/x64/Debug/net8.0-windows/Aimmy2_ishgvuva_wpftmp.csproj.BuildWithSkipAnalyzers","Custom-only","Build-or-runtime-review","0",,"E3B0C44298FC1C149AFBF4C8996FB92427AE41E4649B934CA495991B7852B855",
"obj/x64/Debug/net8.0-windows/Aimmy2_ishgvuva_wpftmp.GeneratedMSBuildEditorConfig.editorconfig","Custom-only","Build-or-runtime-review","1149",,"98176DAE78CCB53DDE88AC657DFBA4937F1E53EC93DE7CDC1361C7885FEA94A9",
"obj/x64/Debug/net8.0-windows/Aimmy2_ishgvuva_wpftmp.GlobalUsings.g.cs","Custom-only","Build-or-runtime-review","183",,"FE45EA572AADFD1A9B54CF7251405CFA11B748CA88B034F06A724D49758CED2D",
"obj/x64/Debug/net8.0-windows/Aimmy2_ixognspv_wpftmp.AssemblyInfo.cs","Custom-only","Build-or-runtime-review","1174",,"C2EE451CD149B2DEC17A341AD1D3BF0A44858776D43EDF436A126C6AAE80D41C",
"obj/x64/Debug/net8.0-windows/Aimmy2_ixognspv_wpftmp.AssemblyInfoInputs.cache","Custom-only","Build-or-runtime-review","66",,"1FED0A160B24DC1F879F46CA141E0188509F20AA0E1E75E0118772B9216E8C62",
"obj/x64/Debug/net8.0-windows/Aimmy2_ixognspv_wpftmp.assets.cache","Custom-only","Build-or-runtime-review","36246",,"4D0632B83628A3E72F92CD8A3D7575467CF0513EA09666A20328D28F031C0A79",
"obj/x64/Debug/net8.0-windows/Aimmy2_ixognspv_wpftmp.csproj.BuildWithSkipAnalyzers","Custom-only","Build-or-runtime-review","0",,"E3B0C44298FC1C149AFBF4C8996FB92427AE41E4649B934CA495991B7852B855",
"obj/x64/Debug/net8.0-windows/Aimmy2_ixognspv_wpftmp.GeneratedMSBuildEditorConfig.editorconfig","Custom-only","Build-or-runtime-review","819",,"3EF9182B52BEC39BB699BFEDA752F9503391A74FEF47E0F28DE1EF6BBECF8217",
"obj/x64/Debug/net8.0-windows/Aimmy2_ixognspv_wpftmp.GlobalUsings.g.cs","Custom-only","Build-or-runtime-review","183",,"FE45EA572AADFD1A9B54CF7251405CFA11B748CA88B034F06A724D49758CED2D",
"obj/x64/Debug/net8.0-windows/Aimmy2_j1i2ycrw_wpftmp.AssemblyInfo.cs","Custom-only","Build-or-runtime-review","1174",,"C2EE451CD149B2DEC17A341AD1D3BF0A44858776D43EDF436A126C6AAE80D41C",
"obj/x64/Debug/net8.0-windows/Aimmy2_j1i2ycrw_wpftmp.AssemblyInfoInputs.cache","Custom-only","Build-or-runtime-review","66",,"1FED0A160B24DC1F879F46CA141E0188509F20AA0E1E75E0118772B9216E8C62",
"obj/x64/Debug/net8.0-windows/Aimmy2_j1i2ycrw_wpftmp.assets.cache","Custom-only","Build-or-runtime-review","36246",,"40DDBF5C44DF6038CE50AE2DE63244EA68881950EBAA10B780985A146D672DF2",
"obj/x64/Debug/net8.0-windows/Aimmy2_j1i2ycrw_wpftmp.csproj.BuildWithSkipAnalyzers","Custom-only","Build-or-runtime-review","0",,"E3B0C44298FC1C149AFBF4C8996FB92427AE41E4649B934CA495991B7852B855",
"obj/x64/Debug/net8.0-windows/Aimmy2_j1i2ycrw_wpftmp.GeneratedMSBuildEditorConfig.editorconfig","Custom-only","Build-or-runtime-review","819",,"3EF9182B52BEC39BB699BFEDA752F9503391A74FEF47E0F28DE1EF6BBECF8217",
"obj/x64/Debug/net8.0-windows/Aimmy2_j1i2ycrw_wpftmp.GlobalUsings.g.cs","Custom-only","Build-or-runtime-review","183",,"FE45EA572AADFD1A9B54CF7251405CFA11B748CA88B034F06A724D49758CED2D",
"obj/x64/Debug/net8.0-windows/Aimmy2_j4o3c25j_wpftmp.AssemblyInfo.cs","Custom-only","Build-or-runtime-review","1174",,"C2EE451CD149B2DEC17A341AD1D3BF0A44858776D43EDF436A126C6AAE80D41C",
"obj/x64/Debug/net8.0-windows/Aimmy2_j4o3c25j_wpftmp.AssemblyInfoInputs.cache","Custom-only","Build-or-runtime-review","66",,"1FED0A160B24DC1F879F46CA141E0188509F20AA0E1E75E0118772B9216E8C62",
"obj/x64/Debug/net8.0-windows/Aimmy2_j4o3c25j_wpftmp.assets.cache","Custom-only","Build-or-runtime-review","36246",,"0FFC22B43814C0AC1B18D147DEA3801B31D45A25A8C2B82CB1A287F7312B3512",
"obj/x64/Debug/net8.0-windows/Aimmy2_j4o3c25j_wpftmp.csproj.BuildWithSkipAnalyzers","Custom-only","Build-or-runtime-review","0",,"E3B0C44298FC1C149AFBF4C8996FB92427AE41E4649B934CA495991B7852B855",
"obj/x64/Debug/net8.0-windows/Aimmy2_j4o3c25j_wpftmp.GeneratedMSBuildEditorConfig.editorconfig","Custom-only","Build-or-runtime-review","1161",,"718D156BF2D88CE893D843DE073867399E659667F6FA919E0FCE404B88F625D1",
"obj/x64/Debug/net8.0-windows/Aimmy2_j4o3c25j_wpftmp.GlobalUsings.g.cs","Custom-only","Build-or-runtime-review","183",,"FE45EA572AADFD1A9B54CF7251405CFA11B748CA88B034F06A724D49758CED2D",
"obj/x64/Debug/net8.0-windows/Aimmy2_jbbbncuo_wpftmp.AssemblyInfo.cs","Custom-only","Build-or-runtime-review","1174",,"C2EE451CD149B2DEC17A341AD1D3BF0A44858776D43EDF436A126C6AAE80D41C",
"obj/x64/Debug/net8.0-windows/Aimmy2_jbbbncuo_wpftmp.AssemblyInfoInputs.cache","Custom-only","Build-or-runtime-review","66",,"1FED0A160B24DC1F879F46CA141E0188509F20AA0E1E75E0118772B9216E8C62",
"obj/x64/Debug/net8.0-windows/Aimmy2_jbbbncuo_wpftmp.assets.cache","Custom-only","Build-or-runtime-review","37798",,"D3098E550B50AE54D6D1EC3E1B3BAEF2AD100D365A5EF8C846C17668AD09EB35",
"obj/x64/Debug/net8.0-windows/Aimmy2_jbbbncuo_wpftmp.csproj.BuildWithSkipAnalyzers","Custom-only","Build-or-runtime-review","0",,"E3B0C44298FC1C149AFBF4C8996FB92427AE41E4649B934CA495991B7852B855",
"obj/x64/Debug/net8.0-windows/Aimmy2_jbbbncuo_wpftmp.GeneratedMSBuildEditorConfig.editorconfig","Custom-only","Build-or-runtime-review","1174",,"6756CDDBE904F2EC3174E57A9127FC0F3475C50D52AA8B79B33E470B7DD648F1",
"obj/x64/Debug/net8.0-windows/Aimmy2_jbbbncuo_wpftmp.GlobalUsings.g.cs","Custom-only","Build-or-runtime-review","183",,"FE45EA572AADFD1A9B54CF7251405CFA11B748CA88B034F06A724D49758CED2D",
"obj/x64/Debug/net8.0-windows/Aimmy2_jjogbhkm_wpftmp.AssemblyInfo.cs","Custom-only","Build-or-runtime-review","1174",,"C2EE451CD149B2DEC17A341AD1D3BF0A44858776D43EDF436A126C6AAE80D41C",
"obj/x64/Debug/net8.0-windows/Aimmy2_jjogbhkm_wpftmp.AssemblyInfoInputs.cache","Custom-only","Build-or-runtime-review","66",,"1FED0A160B24DC1F879F46CA141E0188509F20AA0E1E75E0118772B9216E8C62",
"obj/x64/Debug/net8.0-windows/Aimmy2_jjogbhkm_wpftmp.assets.cache","Custom-only","Build-or-runtime-review","36246",,"83439E194ABE5755850AC1CD998582D1E9AF8593D47D5AE747C781AD0A8ADF7B",
"obj/x64/Debug/net8.0-windows/Aimmy2_jjogbhkm_wpftmp.csproj.BuildWithSkipAnalyzers","Custom-only","Build-or-runtime-review","0",,"E3B0C44298FC1C149AFBF4C8996FB92427AE41E4649B934CA495991B7852B855",
"obj/x64/Debug/net8.0-windows/Aimmy2_jjogbhkm_wpftmp.GeneratedMSBuildEditorConfig.editorconfig","Custom-only","Build-or-runtime-review","1149",,"98176DAE78CCB53DDE88AC657DFBA4937F1E53EC93DE7CDC1361C7885FEA94A9",
"obj/x64/Debug/net8.0-windows/Aimmy2_jjogbhkm_wpftmp.GlobalUsings.g.cs","Custom-only","Build-or-runtime-review","183",,"FE45EA572AADFD1A9B54CF7251405CFA11B748CA88B034F06A724D49758CED2D",
"obj/x64/Debug/net8.0-windows/Aimmy2_jr0nsx2z_wpftmp.AssemblyInfo.cs","Custom-only","Build-or-runtime-review","1174",,"C2EE451CD149B2DEC17A341AD1D3BF0A44858776D43EDF436A126C6AAE80D41C",
"obj/x64/Debug/net8.0-windows/Aimmy2_jr0nsx2z_wpftmp.AssemblyInfoInputs.cache","Custom-only","Build-or-runtime-review","66",,"1FED0A160B24DC1F879F46CA141E0188509F20AA0E1E75E0118772B9216E8C62",
"obj/x64/Debug/net8.0-windows/Aimmy2_jr0nsx2z_wpftmp.assets.cache","Custom-only","Build-or-runtime-review","36246",,"FB216FF923D77F8DC8D08060E7BDE658396BCBE4DB858902C6E879C444FE2D6C",
"obj/x64/Debug/net8.0-windows/Aimmy2_jr0nsx2z_wpftmp.csproj.BuildWithSkipAnalyzers","Custom-only","Build-or-runtime-review","0",,"E3B0C44298FC1C149AFBF4C8996FB92427AE41E4649B934CA495991B7852B855",
"obj/x64/Debug/net8.0-windows/Aimmy2_jr0nsx2z_wpftmp.GeneratedMSBuildEditorConfig.editorconfig","Custom-only","Build-or-runtime-review","1089",,"CC748429AEA0ACF5AEA2FB723D077EF8D4DEE0BE87B2A471315C2527C73E7F58",
"obj/x64/Debug/net8.0-windows/Aimmy2_jr0nsx2z_wpftmp.GlobalUsings.g.cs","Custom-only","Build-or-runtime-review","183",,"FE45EA572AADFD1A9B54CF7251405CFA11B748CA88B034F06A724D49758CED2D",
"obj/x64/Debug/net8.0-windows/Aimmy2_ju4qrb0v_wpftmp.AssemblyInfo.cs","Custom-only","Build-or-runtime-review","1174",,"C2EE451CD149B2DEC17A341AD1D3BF0A44858776D43EDF436A126C6AAE80D41C",
"obj/x64/Debug/net8.0-windows/Aimmy2_ju4qrb0v_wpftmp.AssemblyInfoInputs.cache","Custom-only","Build-or-runtime-review","66",,"1FED0A160B24DC1F879F46CA141E0188509F20AA0E1E75E0118772B9216E8C62",
"obj/x64/Debug/net8.0-windows/Aimmy2_ju4qrb0v_wpftmp.assets.cache","Custom-only","Build-or-runtime-review","36246",,"7BD533E0D5543FD4DD7DD0346E30A248CB84147E82C99590BB056C5B4EE8365B",
"obj/x64/Debug/net8.0-windows/Aimmy2_ju4qrb0v_wpftmp.csproj.BuildWithSkipAnalyzers","Custom-only","Build-or-runtime-review","0",,"E3B0C44298FC1C149AFBF4C8996FB92427AE41E4649B934CA495991B7852B855",
"obj/x64/Debug/net8.0-windows/Aimmy2_ju4qrb0v_wpftmp.GeneratedMSBuildEditorConfig.editorconfig","Custom-only","Build-or-runtime-review","819",,"3EF9182B52BEC39BB699BFEDA752F9503391A74FEF47E0F28DE1EF6BBECF8217",
"obj/x64/Debug/net8.0-windows/Aimmy2_ju4qrb0v_wpftmp.GlobalUsings.g.cs","Custom-only","Build-or-runtime-review","183",,"FE45EA572AADFD1A9B54CF7251405CFA11B748CA88B034F06A724D49758CED2D",
"obj/x64/Debug/net8.0-windows/Aimmy2_jvmkewph_wpftmp.AssemblyInfo.cs","Custom-only","Build-or-runtime-review","1174",,"C2EE451CD149B2DEC17A341AD1D3BF0A44858776D43EDF436A126C6AAE80D41C",
"obj/x64/Debug/net8.0-windows/Aimmy2_jvmkewph_wpftmp.AssemblyInfoInputs.cache","Custom-only","Build-or-runtime-review","66",,"1FED0A160B24DC1F879F46CA141E0188509F20AA0E1E75E0118772B9216E8C62",
"obj/x64/Debug/net8.0-windows/Aimmy2_jvmkewph_wpftmp.assets.cache","Custom-only","Build-or-runtime-review","36246",,"8DB583FFB65CDA43F5F0C695B01B410FCF4118F90A123856AF678F7F061433B5",
"obj/x64/Debug/net8.0-windows/Aimmy2_jvmkewph_wpftmp.GeneratedMSBuildEditorConfig.editorconfig","Custom-only","Build-or-runtime-review","819",,"3EF9182B52BEC39BB699BFEDA752F9503391A74FEF47E0F28DE1EF6BBECF8217",
"obj/x64/Debug/net8.0-windows/Aimmy2_jvmkewph_wpftmp.GlobalUsings.g.cs","Custom-only","Build-or-runtime-review","183",,"FE45EA572AADFD1A9B54CF7251405CFA11B748CA88B034F06A724D49758CED2D",
"obj/x64/Debug/net8.0-windows/Aimmy2_jvyljpch_wpftmp.AssemblyInfo.cs","Custom-only","Build-or-runtime-review","1174",,"C2EE451CD149B2DEC17A341AD1D3BF0A44858776D43EDF436A126C6AAE80D41C",
"obj/x64/Debug/net8.0-windows/Aimmy2_jvyljpch_wpftmp.AssemblyInfoInputs.cache","Custom-only","Build-or-runtime-review","66",,"1FED0A160B24DC1F879F46CA141E0188509F20AA0E1E75E0118772B9216E8C62",
"obj/x64/Debug/net8.0-windows/Aimmy2_jvyljpch_wpftmp.assets.cache","Custom-only","Build-or-runtime-review","36246",,"750EF0580273D114461B2EE7AC159F484ECB92966FBFFCCD83BD08830B65C2A3",
"obj/x64/Debug/net8.0-windows/Aimmy2_jvyljpch_wpftmp.csproj.BuildWithSkipAnalyzers","Custom-only","Build-or-runtime-review","0",,"E3B0C44298FC1C149AFBF4C8996FB92427AE41E4649B934CA495991B7852B855",
"obj/x64/Debug/net8.0-windows/Aimmy2_jvyljpch_wpftmp.GeneratedMSBuildEditorConfig.editorconfig","Custom-only","Build-or-runtime-review","1149",,"98176DAE78CCB53DDE88AC657DFBA4937F1E53EC93DE7CDC1361C7885FEA94A9",
"obj/x64/Debug/net8.0-windows/Aimmy2_jvyljpch_wpftmp.GlobalUsings.g.cs","Custom-only","Build-or-runtime-review","183",,"FE45EA572AADFD1A9B54CF7251405CFA11B748CA88B034F06A724D49758CED2D",
"obj/x64/Debug/net8.0-windows/Aimmy2_jykjobe2_wpftmp.AssemblyInfo.cs","Custom-only","Build-or-runtime-review","1174",,"C2EE451CD149B2DEC17A341AD1D3BF0A44858776D43EDF436A126C6AAE80D41C",
"obj/x64/Debug/net8.0-windows/Aimmy2_jykjobe2_wpftmp.AssemblyInfoInputs.cache","Custom-only","Build-or-runtime-review","66",,"1FED0A160B24DC1F879F46CA141E0188509F20AA0E1E75E0118772B9216E8C62",
"obj/x64/Debug/net8.0-windows/Aimmy2_jykjobe2_wpftmp.assets.cache","Custom-only","Build-or-runtime-review","37798",,"01D991E96CB67CB4191D277252D57DEB5EAAF0F9A813DF57A6DCBE6142382CDA",
"obj/x64/Debug/net8.0-windows/Aimmy2_jykjobe2_wpftmp.csproj.BuildWithSkipAnalyzers","Custom-only","Build-or-runtime-review","0",,"E3B0C44298FC1C149AFBF4C8996FB92427AE41E4649B934CA495991B7852B855",
"obj/x64/Debug/net8.0-windows/Aimmy2_jykjobe2_wpftmp.GeneratedMSBuildEditorConfig.editorconfig","Custom-only","Build-or-runtime-review","1174",,"FE31C4AE4F7B5B5748CCFB9197539734FFEDFFECA99EE9C12453C7219560D797",
"obj/x64/Debug/net8.0-windows/Aimmy2_jykjobe2_wpftmp.GlobalUsings.g.cs","Custom-only","Build-or-runtime-review","183",,"FE45EA572AADFD1A9B54CF7251405CFA11B748CA88B034F06A724D49758CED2D",
"obj/x64/Debug/net8.0-windows/Aimmy2_k32o3rzc_wpftmp.AssemblyInfo.cs","Custom-only","Build-or-runtime-review","1174",,"C2EE451CD149B2DEC17A341AD1D3BF0A44858776D43EDF436A126C6AAE80D41C",
"obj/x64/Debug/net8.0-windows/Aimmy2_k32o3rzc_wpftmp.AssemblyInfoInputs.cache","Custom-only","Build-or-runtime-review","66",,"1FED0A160B24DC1F879F46CA141E0188509F20AA0E1E75E0118772B9216E8C62",
"obj/x64/Debug/net8.0-windows/Aimmy2_k32o3rzc_wpftmp.assets.cache","Custom-only","Build-or-runtime-review","36246",,"65AB574B9A6E78AB3DC5B9576BCAF4E91F55D35935C9393458F3322F32F093D1",
"obj/x64/Debug/net8.0-windows/Aimmy2_k32o3rzc_wpftmp.csproj.BuildWithSkipAnalyzers","Custom-only","Build-or-runtime-review","0",,"E3B0C44298FC1C149AFBF4C8996FB92427AE41E4649B934CA495991B7852B855",
"obj/x64/Debug/net8.0-windows/Aimmy2_k32o3rzc_wpftmp.GeneratedMSBuildEditorConfig.editorconfig","Custom-only","Build-or-runtime-review","819",,"3EF9182B52BEC39BB699BFEDA752F9503391A74FEF47E0F28DE1EF6BBECF8217",
"obj/x64/Debug/net8.0-windows/Aimmy2_k32o3rzc_wpftmp.GlobalUsings.g.cs","Custom-only","Build-or-runtime-review","183",,"FE45EA572AADFD1A9B54CF7251405CFA11B748CA88B034F06A724D49758CED2D",
"obj/x64/Debug/net8.0-windows/Aimmy2_k34lrtcj_wpftmp.AssemblyInfo.cs","Custom-only","Build-or-runtime-review","1174",,"C2EE451CD149B2DEC17A341AD1D3BF0A44858776D43EDF436A126C6AAE80D41C",
"obj/x64/Debug/net8.0-windows/Aimmy2_k34lrtcj_wpftmp.AssemblyInfoInputs.cache","Custom-only","Build-or-runtime-review","66",,"1FED0A160B24DC1F879F46CA141E0188509F20AA0E1E75E0118772B9216E8C62",
"obj/x64/Debug/net8.0-windows/Aimmy2_k34lrtcj_wpftmp.assets.cache","Custom-only","Build-or-runtime-review","36246",,"B3CD9AA38DD6429B810874B72650DB4C6F6AD6DA3E6A5A48AC40A52C3FFB961B",
"obj/x64/Debug/net8.0-windows/Aimmy2_k34lrtcj_wpftmp.csproj.BuildWithSkipAnalyzers","Custom-only","Build-or-runtime-review","0",,"E3B0C44298FC1C149AFBF4C8996FB92427AE41E4649B934CA495991B7852B855",
"obj/x64/Debug/net8.0-windows/Aimmy2_k34lrtcj_wpftmp.GeneratedMSBuildEditorConfig.editorconfig","Custom-only","Build-or-runtime-review","1149",,"98176DAE78CCB53DDE88AC657DFBA4937F1E53EC93DE7CDC1361C7885FEA94A9",
"obj/x64/Debug/net8.0-windows/Aimmy2_k34lrtcj_wpftmp.GlobalUsings.g.cs","Custom-only","Build-or-runtime-review","183",,"FE45EA572AADFD1A9B54CF7251405CFA11B748CA88B034F06A724D49758CED2D",
"obj/x64/Debug/net8.0-windows/Aimmy2_k50xtcqk_wpftmp.AssemblyInfo.cs","Custom-only","Build-or-runtime-review","1174",,"C2EE451CD149B2DEC17A341AD1D3BF0A44858776D43EDF436A126C6AAE80D41C",
"obj/x64/Debug/net8.0-windows/Aimmy2_k50xtcqk_wpftmp.AssemblyInfoInputs.cache","Custom-only","Build-or-runtime-review","66",,"1FED0A160B24DC1F879F46CA141E0188509F20AA0E1E75E0118772B9216E8C62",
"obj/x64/Debug/net8.0-windows/Aimmy2_k50xtcqk_wpftmp.assets.cache","Custom-only","Build-or-runtime-review","36246",,"1736C23C1786733F1D9B37D627BA763EA65BA6A395284792E80AA46E6601A967",
"obj/x64/Debug/net8.0-windows/Aimmy2_k50xtcqk_wpftmp.GeneratedMSBuildEditorConfig.editorconfig","Custom-only","Build-or-runtime-review","819",,"3EF9182B52BEC39BB699BFEDA752F9503391A74FEF47E0F28DE1EF6BBECF8217",
"obj/x64/Debug/net8.0-windows/Aimmy2_k50xtcqk_wpftmp.GlobalUsings.g.cs","Custom-only","Build-or-runtime-review","183",,"FE45EA572AADFD1A9B54CF7251405CFA11B748CA88B034F06A724D49758CED2D",
"obj/x64/Debug/net8.0-windows/Aimmy2_kbovxu2g_wpftmp.AssemblyInfo.cs","Custom-only","Build-or-runtime-review","1174",,"C2EE451CD149B2DEC17A341AD1D3BF0A44858776D43EDF436A126C6AAE80D41C",
"obj/x64/Debug/net8.0-windows/Aimmy2_kbovxu2g_wpftmp.AssemblyInfoInputs.cache","Custom-only","Build-or-runtime-review","66",,"1FED0A160B24DC1F879F46CA141E0188509F20AA0E1E75E0118772B9216E8C62",
"obj/x64/Debug/net8.0-windows/Aimmy2_kbovxu2g_wpftmp.assets.cache","Custom-only","Build-or-runtime-review","36246",,"3DB603FE1ECB30D13D43CDF705C6312D41B01D091E3B3E1D63474D7B5E193A5B",
"obj/x64/Debug/net8.0-windows/Aimmy2_kbovxu2g_wpftmp.csproj.BuildWithSkipAnalyzers","Custom-only","Build-or-runtime-review","0",,"E3B0C44298FC1C149AFBF4C8996FB92427AE41E4649B934CA495991B7852B855",
"obj/x64/Debug/net8.0-windows/Aimmy2_kbovxu2g_wpftmp.GeneratedMSBuildEditorConfig.editorconfig","Custom-only","Build-or-runtime-review","819",,"3EF9182B52BEC39BB699BFEDA752F9503391A74FEF47E0F28DE1EF6BBECF8217",
"obj/x64/Debug/net8.0-windows/Aimmy2_kbovxu2g_wpftmp.GlobalUsings.g.cs","Custom-only","Build-or-runtime-review","183",,"FE45EA572AADFD1A9B54CF7251405CFA11B748CA88B034F06A724D49758CED2D",
"obj/x64/Debug/net8.0-windows/Aimmy2_khj2ejoc_wpftmp.AssemblyInfo.cs","Custom-only","Build-or-runtime-review","1174",,"C2EE451CD149B2DEC17A341AD1D3BF0A44858776D43EDF436A126C6AAE80D41C",
"obj/x64/Debug/net8.0-windows/Aimmy2_khj2ejoc_wpftmp.AssemblyInfoInputs.cache","Custom-only","Build-or-runtime-review","66",,"1FED0A160B24DC1F879F46CA141E0188509F20AA0E1E75E0118772B9216E8C62",
"obj/x64/Debug/net8.0-windows/Aimmy2_khj2ejoc_wpftmp.assets.cache","Custom-only","Build-or-runtime-review","36246",,"486BC3628E40949C6CF3DADC08C911DFA5E1EA02687A703E7687C9B37D7C5710",
"obj/x64/Debug/net8.0-windows/Aimmy2_khj2ejoc_wpftmp.csproj.BuildWithSkipAnalyzers","Custom-only","Build-or-runtime-review","0",,"E3B0C44298FC1C149AFBF4C8996FB92427AE41E4649B934CA495991B7852B855",
"obj/x64/Debug/net8.0-windows/Aimmy2_khj2ejoc_wpftmp.GeneratedMSBuildEditorConfig.editorconfig","Custom-only","Build-or-runtime-review","819",,"3EF9182B52BEC39BB699BFEDA752F9503391A74FEF47E0F28DE1EF6BBECF8217",
"obj/x64/Debug/net8.0-windows/Aimmy2_khj2ejoc_wpftmp.GlobalUsings.g.cs","Custom-only","Build-or-runtime-review","183",,"FE45EA572AADFD1A9B54CF7251405CFA11B748CA88B034F06A724D49758CED2D",
"obj/x64/Debug/net8.0-windows/Aimmy2_kpxa03sx_wpftmp.AssemblyInfo.cs","Custom-only","Build-or-runtime-review","1174",,"C2EE451CD149B2DEC17A341AD1D3BF0A44858776D43EDF436A126C6AAE80D41C",
"obj/x64/Debug/net8.0-windows/Aimmy2_kpxa03sx_wpftmp.AssemblyInfoInputs.cache","Custom-only","Build-or-runtime-review","66",,"1FED0A160B24DC1F879F46CA141E0188509F20AA0E1E75E0118772B9216E8C62",
"obj/x64/Debug/net8.0-windows/Aimmy2_kpxa03sx_wpftmp.assets.cache","Custom-only","Build-or-runtime-review","36246",,"151CF26FB1404963DE5A4B379F814E26D3FE3AB68F1AF3D641CA6CC69F42BC1B",
"obj/x64/Debug/net8.0-windows/Aimmy2_kpxa03sx_wpftmp.csproj.BuildWithSkipAnalyzers","Custom-only","Build-or-runtime-review","0",,"E3B0C44298FC1C149AFBF4C8996FB92427AE41E4649B934CA495991B7852B855",
"obj/x64/Debug/net8.0-windows/Aimmy2_kpxa03sx_wpftmp.GeneratedMSBuildEditorConfig.editorconfig","Custom-only","Build-or-runtime-review","1149",,"98176DAE78CCB53DDE88AC657DFBA4937F1E53EC93DE7CDC1361C7885FEA94A9",
"obj/x64/Debug/net8.0-windows/Aimmy2_kpxa03sx_wpftmp.GlobalUsings.g.cs","Custom-only","Build-or-runtime-review","183",,"FE45EA572AADFD1A9B54CF7251405CFA11B748CA88B034F06A724D49758CED2D",
"obj/x64/Debug/net8.0-windows/Aimmy2_kswi2tj0_wpftmp.AssemblyInfo.cs","Custom-only","Build-or-runtime-review","1174",,"C2EE451CD149B2DEC17A341AD1D3BF0A44858776D43EDF436A126C6AAE80D41C",
"obj/x64/Debug/net8.0-windows/Aimmy2_kswi2tj0_wpftmp.AssemblyInfoInputs.cache","Custom-only","Build-or-runtime-review","66",,"1FED0A160B24DC1F879F46CA141E0188509F20AA0E1E75E0118772B9216E8C62",
"obj/x64/Debug/net8.0-windows/Aimmy2_kswi2tj0_wpftmp.assets.cache","Custom-only","Build-or-runtime-review","36246",,"FF63A4446867779A2A69C93A85FFFB69A85658137627298F847D88E550F50278",
"obj/x64/Debug/net8.0-windows/Aimmy2_kswi2tj0_wpftmp.csproj.BuildWithSkipAnalyzers","Custom-only","Build-or-runtime-review","0",,"E3B0C44298FC1C149AFBF4C8996FB92427AE41E4649B934CA495991B7852B855",
"obj/x64/Debug/net8.0-windows/Aimmy2_kswi2tj0_wpftmp.GeneratedMSBuildEditorConfig.editorconfig","Custom-only","Build-or-runtime-review","819",,"3EF9182B52BEC39BB699BFEDA752F9503391A74FEF47E0F28DE1EF6BBECF8217",
"obj/x64/Debug/net8.0-windows/Aimmy2_kswi2tj0_wpftmp.GlobalUsings.g.cs","Custom-only","Build-or-runtime-review","183",,"FE45EA572AADFD1A9B54CF7251405CFA11B748CA88B034F06A724D49758CED2D",
"obj/x64/Debug/net8.0-windows/Aimmy2_kux2dlfd_wpftmp.AssemblyInfo.cs","Custom-only","Build-or-runtime-review","1134",,"2F8C29215F674C512A34E86826AEF40C8ABD269B7C1C6D14D5B06E834B28541D",
"obj/x64/Debug/net8.0-windows/Aimmy2_kux2dlfd_wpftmp.AssemblyInfoInputs.cache","Custom-only","Build-or-runtime-review","66",,"1FED0A160B24DC1F879F46CA141E0188509F20AA0E1E75E0118772B9216E8C62",
"obj/x64/Debug/net8.0-windows/Aimmy2_kux2dlfd_wpftmp.assets.cache","Custom-only","Build-or-runtime-review","36246",,"1FA714BE2CD8EA78E12F4EDBABD8A30C7CD5CC4DFB971962BAA2A43C17CA0DB8",
"obj/x64/Debug/net8.0-windows/Aimmy2_kux2dlfd_wpftmp.GeneratedMSBuildEditorConfig.editorconfig","Custom-only","Build-or-runtime-review","1087",,"C366639FD103F2DFAF1CEAC8F5F050E5B15FAA45E2DDDF371B29998033B4FDB2",
"obj/x64/Debug/net8.0-windows/Aimmy2_kux2dlfd_wpftmp.GlobalUsings.g.cs","Custom-only","Build-or-runtime-review","183",,"FE45EA572AADFD1A9B54CF7251405CFA11B748CA88B034F06A724D49758CED2D",
"obj/x64/Debug/net8.0-windows/Aimmy2_kzjx1qaq_wpftmp.AssemblyInfo.cs","Custom-only","Build-or-runtime-review","1174",,"C2EE451CD149B2DEC17A341AD1D3BF0A44858776D43EDF436A126C6AAE80D41C",
"obj/x64/Debug/net8.0-windows/Aimmy2_kzjx1qaq_wpftmp.AssemblyInfoInputs.cache","Custom-only","Build-or-runtime-review","66",,"1FED0A160B24DC1F879F46CA141E0188509F20AA0E1E75E0118772B9216E8C62",
"obj/x64/Debug/net8.0-windows/Aimmy2_kzjx1qaq_wpftmp.assets.cache","Custom-only","Build-or-runtime-review","36246",,"D1D5513F3EBEDFB1422972E319149351326F9E9EC1E47EFBA33EF860AF9373BE",
"obj/x64/Debug/net8.0-windows/Aimmy2_kzjx1qaq_wpftmp.csproj.BuildWithSkipAnalyzers","Custom-only","Build-or-runtime-review","0",,"E3B0C44298FC1C149AFBF4C8996FB92427AE41E4649B934CA495991B7852B855",
"obj/x64/Debug/net8.0-windows/Aimmy2_kzjx1qaq_wpftmp.GeneratedMSBuildEditorConfig.editorconfig","Custom-only","Build-or-runtime-review","1149",,"82A2A9623CDA906D56014E452685D4E9051AC711A515221145F7E6D01B7596D9",
"obj/x64/Debug/net8.0-windows/Aimmy2_kzjx1qaq_wpftmp.GlobalUsings.g.cs","Custom-only","Build-or-runtime-review","183",,"FE45EA572AADFD1A9B54CF7251405CFA11B748CA88B034F06A724D49758CED2D",
"obj/x64/Debug/net8.0-windows/Aimmy2_l0fpy2rz_wpftmp.AssemblyInfo.cs","Custom-only","Build-or-runtime-review","1174",,"C2EE451CD149B2DEC17A341AD1D3BF0A44858776D43EDF436A126C6AAE80D41C",
"obj/x64/Debug/net8.0-windows/Aimmy2_l0fpy2rz_wpftmp.AssemblyInfoInputs.cache","Custom-only","Build-or-runtime-review","66",,"1FED0A160B24DC1F879F46CA141E0188509F20AA0E1E75E0118772B9216E8C62",
"obj/x64/Debug/net8.0-windows/Aimmy2_l0fpy2rz_wpftmp.assets.cache","Custom-only","Build-or-runtime-review","36246",,"47C4AD4AF258F7DEF9950EA2FC5220C6C1623212476C310FBE3AB99CE9E8DBC2",
"obj/x64/Debug/net8.0-windows/Aimmy2_l0fpy2rz_wpftmp.csproj.BuildWithSkipAnalyzers","Custom-only","Build-or-runtime-review","0",,"E3B0C44298FC1C149AFBF4C8996FB92427AE41E4649B934CA495991B7852B855",
"obj/x64/Debug/net8.0-windows/Aimmy2_l0fpy2rz_wpftmp.GeneratedMSBuildEditorConfig.editorconfig","Custom-only","Build-or-runtime-review","819",,"3EF9182B52BEC39BB699BFEDA752F9503391A74FEF47E0F28DE1EF6BBECF8217",
"obj/x64/Debug/net8.0-windows/Aimmy2_l0fpy2rz_wpftmp.GlobalUsings.g.cs","Custom-only","Build-or-runtime-review","183",,"FE45EA572AADFD1A9B54CF7251405CFA11B748CA88B034F06A724D49758CED2D",
"obj/x64/Debug/net8.0-windows/Aimmy2_lb5hst4u_wpftmp.AssemblyInfo.cs","Custom-only","Build-or-runtime-review","1174",,"C2EE451CD149B2DEC17A341AD1D3BF0A44858776D43EDF436A126C6AAE80D41C",
"obj/x64/Debug/net8.0-windows/Aimmy2_lb5hst4u_wpftmp.AssemblyInfoInputs.cache","Custom-only","Build-or-runtime-review","66",,"1FED0A160B24DC1F879F46CA141E0188509F20AA0E1E75E0118772B9216E8C62",
"obj/x64/Debug/net8.0-windows/Aimmy2_lb5hst4u_wpftmp.assets.cache","Custom-only","Build-or-runtime-review","36246",,"AE744C99B1409428CB9A9B32DF9C5D364923937B58CE4E441DB6BE5C6C92623F",
"obj/x64/Debug/net8.0-windows/Aimmy2_lb5hst4u_wpftmp.csproj.BuildWithSkipAnalyzers","Custom-only","Build-or-runtime-review","0",,"E3B0C44298FC1C149AFBF4C8996FB92427AE41E4649B934CA495991B7852B855",
"obj/x64/Debug/net8.0-windows/Aimmy2_lb5hst4u_wpftmp.GeneratedMSBuildEditorConfig.editorconfig","Custom-only","Build-or-runtime-review","1149",,"98176DAE78CCB53DDE88AC657DFBA4937F1E53EC93DE7CDC1361C7885FEA94A9",
"obj/x64/Debug/net8.0-windows/Aimmy2_lb5hst4u_wpftmp.GlobalUsings.g.cs","Custom-only","Build-or-runtime-review","183",,"FE45EA572AADFD1A9B54CF7251405CFA11B748CA88B034F06A724D49758CED2D",
"obj/x64/Debug/net8.0-windows/Aimmy2_lfuagagj_wpftmp.AssemblyInfo.cs","Custom-only","Build-or-runtime-review","1174",,"C2EE451CD149B2DEC17A341AD1D3BF0A44858776D43EDF436A126C6AAE80D41C",
"obj/x64/Debug/net8.0-windows/Aimmy2_lfuagagj_wpftmp.AssemblyInfoInputs.cache","Custom-only","Build-or-runtime-review","66",,"1FED0A160B24DC1F879F46CA141E0188509F20AA0E1E75E0118772B9216E8C62",
"obj/x64/Debug/net8.0-windows/Aimmy2_lfuagagj_wpftmp.assets.cache","Custom-only","Build-or-runtime-review","37798",,"25A5488F055360CAC2A34E7FBA1B42E7484BBCA73EAEC67CFD3E68C8FC307B88",
"obj/x64/Debug/net8.0-windows/Aimmy2_lfuagagj_wpftmp.csproj.BuildWithSkipAnalyzers","Custom-only","Build-or-runtime-review","0",,"E3B0C44298FC1C149AFBF4C8996FB92427AE41E4649B934CA495991B7852B855",
"obj/x64/Debug/net8.0-windows/Aimmy2_lfuagagj_wpftmp.GeneratedMSBuildEditorConfig.editorconfig","Custom-only","Build-or-runtime-review","1174",,"6756CDDBE904F2EC3174E57A9127FC0F3475C50D52AA8B79B33E470B7DD648F1",
"obj/x64/Debug/net8.0-windows/Aimmy2_lfuagagj_wpftmp.GlobalUsings.g.cs","Custom-only","Build-or-runtime-review","183",,"FE45EA572AADFD1A9B54CF7251405CFA11B748CA88B034F06A724D49758CED2D",
"obj/x64/Debug/net8.0-windows/Aimmy2_llkilvlr_wpftmp.AssemblyInfo.cs","Custom-only","Build-or-runtime-review","1174",,"C2EE451CD149B2DEC17A341AD1D3BF0A44858776D43EDF436A126C6AAE80D41C",
"obj/x64/Debug/net8.0-windows/Aimmy2_llkilvlr_wpftmp.AssemblyInfoInputs.cache","Custom-only","Build-or-runtime-review","66",,"1FED0A160B24DC1F879F46CA141E0188509F20AA0E1E75E0118772B9216E8C62",
"obj/x64/Debug/net8.0-windows/Aimmy2_llkilvlr_wpftmp.assets.cache","Custom-only","Build-or-runtime-review","36246",,"BB4EA57DE3615C4B22E4A8AEEA7CA6302F212CDC61AFDF7FBC569C68514BACB1",
"obj/x64/Debug/net8.0-windows/Aimmy2_llkilvlr_wpftmp.csproj.BuildWithSkipAnalyzers","Custom-only","Build-or-runtime-review","0",,"E3B0C44298FC1C149AFBF4C8996FB92427AE41E4649B934CA495991B7852B855",
"obj/x64/Debug/net8.0-windows/Aimmy2_llkilvlr_wpftmp.GeneratedMSBuildEditorConfig.editorconfig","Custom-only","Build-or-runtime-review","819",,"3EF9182B52BEC39BB699BFEDA752F9503391A74FEF47E0F28DE1EF6BBECF8217",
"obj/x64/Debug/net8.0-windows/Aimmy2_llkilvlr_wpftmp.GlobalUsings.g.cs","Custom-only","Build-or-runtime-review","183",,"FE45EA572AADFD1A9B54CF7251405CFA11B748CA88B034F06A724D49758CED2D",
"obj/x64/Debug/net8.0-windows/Aimmy2_lmbmgiq4_wpftmp.AssemblyInfo.cs","Custom-only","Build-or-runtime-review","1174",,"C2EE451CD149B2DEC17A341AD1D3BF0A44858776D43EDF436A126C6AAE80D41C",
"obj/x64/Debug/net8.0-windows/Aimmy2_lmbmgiq4_wpftmp.AssemblyInfoInputs.cache","Custom-only","Build-or-runtime-review","66",,"1FED0A160B24DC1F879F46CA141E0188509F20AA0E1E75E0118772B9216E8C62",
"obj/x64/Debug/net8.0-windows/Aimmy2_lmbmgiq4_wpftmp.assets.cache","Custom-only","Build-or-runtime-review","36246",,"1859B3EB6A7641D18535B8E201861DB4182143D1A27CB918F3E802AAF2B465A2",
"obj/x64/Debug/net8.0-windows/Aimmy2_lmbmgiq4_wpftmp.csproj.BuildWithSkipAnalyzers","Custom-only","Build-or-runtime-review","0",,"E3B0C44298FC1C149AFBF4C8996FB92427AE41E4649B934CA495991B7852B855",
"obj/x64/Debug/net8.0-windows/Aimmy2_lmbmgiq4_wpftmp.GeneratedMSBuildEditorConfig.editorconfig","Custom-only","Build-or-runtime-review","1084",,"6CF57F2AD104FF1DECD63B754F5DA77BB1616CA9C458547AD0E30573D593ED85",
"obj/x64/Debug/net8.0-windows/Aimmy2_lmbmgiq4_wpftmp.GlobalUsings.g.cs","Custom-only","Build-or-runtime-review","183",,"FE45EA572AADFD1A9B54CF7251405CFA11B748CA88B034F06A724D49758CED2D",
"obj/x64/Debug/net8.0-windows/Aimmy2_lo04ywto_wpftmp.AssemblyInfo.cs","Custom-only","Build-or-runtime-review","1174",,"C2EE451CD149B2DEC17A341AD1D3BF0A44858776D43EDF436A126C6AAE80D41C",
"obj/x64/Debug/net8.0-windows/Aimmy2_lo04ywto_wpftmp.AssemblyInfoInputs.cache","Custom-only","Build-or-runtime-review","66",,"1FED0A160B24DC1F879F46CA141E0188509F20AA0E1E75E0118772B9216E8C62",
"obj/x64/Debug/net8.0-windows/Aimmy2_lo04ywto_wpftmp.assets.cache","Custom-only","Build-or-runtime-review","36246",,"E038AA3338B9A7DD2A9AFF750CB16E0D5A3624046F489B943DB2A9189C6D2AD3",
"obj/x64/Debug/net8.0-windows/Aimmy2_lo04ywto_wpftmp.csproj.BuildWithSkipAnalyzers","Custom-only","Build-or-runtime-review","0",,"E3B0C44298FC1C149AFBF4C8996FB92427AE41E4649B934CA495991B7852B855",
"obj/x64/Debug/net8.0-windows/Aimmy2_lo04ywto_wpftmp.GeneratedMSBuildEditorConfig.editorconfig","Custom-only","Build-or-runtime-review","819",,"3EF9182B52BEC39BB699BFEDA752F9503391A74FEF47E0F28DE1EF6BBECF8217",
"obj/x64/Debug/net8.0-windows/Aimmy2_lo04ywto_wpftmp.GlobalUsings.g.cs","Custom-only","Build-or-runtime-review","183",,"FE45EA572AADFD1A9B54CF7251405CFA11B748CA88B034F06A724D49758CED2D",
"obj/x64/Debug/net8.0-windows/Aimmy2_lrs0grhc_wpftmp.AssemblyInfo.cs","Custom-only","Build-or-runtime-review","1174",,"C2EE451CD149B2DEC17A341AD1D3BF0A44858776D43EDF436A126C6AAE80D41C",
"obj/x64/Debug/net8.0-windows/Aimmy2_lrs0grhc_wpftmp.AssemblyInfoInputs.cache","Custom-only","Build-or-runtime-review","66",,"1FED0A160B24DC1F879F46CA141E0188509F20AA0E1E75E0118772B9216E8C62",
"obj/x64/Debug/net8.0-windows/Aimmy2_lrs0grhc_wpftmp.assets.cache","Custom-only","Build-or-runtime-review","36246",,"43A4490B0E816A966D028CD1197C95BF756674FF42CBFD1107E98C02FB02E2F4",
"obj/x64/Debug/net8.0-windows/Aimmy2_lrs0grhc_wpftmp.csproj.BuildWithSkipAnalyzers","Custom-only","Build-or-runtime-review","0",,"E3B0C44298FC1C149AFBF4C8996FB92427AE41E4649B934CA495991B7852B855",
"obj/x64/Debug/net8.0-windows/Aimmy2_lrs0grhc_wpftmp.GeneratedMSBuildEditorConfig.editorconfig","Custom-only","Build-or-runtime-review","1084",,"6CF57F2AD104FF1DECD63B754F5DA77BB1616CA9C458547AD0E30573D593ED85",
"obj/x64/Debug/net8.0-windows/Aimmy2_lrs0grhc_wpftmp.GlobalUsings.g.cs","Custom-only","Build-or-runtime-review","183",,"FE45EA572AADFD1A9B54CF7251405CFA11B748CA88B034F06A724D49758CED2D",
"obj/x64/Debug/net8.0-windows/Aimmy2_lukxclgh_wpftmp.AssemblyInfo.cs","Custom-only","Build-or-runtime-review","1174",,"C2EE451CD149B2DEC17A341AD1D3BF0A44858776D43EDF436A126C6AAE80D41C",
"obj/x64/Debug/net8.0-windows/Aimmy2_lukxclgh_wpftmp.AssemblyInfoInputs.cache","Custom-only","Build-or-runtime-review","66",,"1FED0A160B24DC1F879F46CA141E0188509F20AA0E1E75E0118772B9216E8C62",
"obj/x64/Debug/net8.0-windows/Aimmy2_lukxclgh_wpftmp.assets.cache","Custom-only","Build-or-runtime-review","36246",,"FEA14C6C50823C85398F131280C57652245FDC602DBD81341F8FA8798CACA95D",
"obj/x64/Debug/net8.0-windows/Aimmy2_lukxclgh_wpftmp.csproj.BuildWithSkipAnalyzers","Custom-only","Build-or-runtime-review","0",,"E3B0C44298FC1C149AFBF4C8996FB92427AE41E4649B934CA495991B7852B855",
"obj/x64/Debug/net8.0-windows/Aimmy2_lukxclgh_wpftmp.GeneratedMSBuildEditorConfig.editorconfig","Custom-only","Build-or-runtime-review","1089",,"CC748429AEA0ACF5AEA2FB723D077EF8D4DEE0BE87B2A471315C2527C73E7F58",
"obj/x64/Debug/net8.0-windows/Aimmy2_lukxclgh_wpftmp.GlobalUsings.g.cs","Custom-only","Build-or-runtime-review","183",,"FE45EA572AADFD1A9B54CF7251405CFA11B748CA88B034F06A724D49758CED2D",
"obj/x64/Debug/net8.0-windows/Aimmy2_m5i2a4mt_wpftmp.AssemblyInfo.cs","Custom-only","Build-or-runtime-review","1174",,"C2EE451CD149B2DEC17A341AD1D3BF0A44858776D43EDF436A126C6AAE80D41C",
"obj/x64/Debug/net8.0-windows/Aimmy2_m5i2a4mt_wpftmp.AssemblyInfoInputs.cache","Custom-only","Build-or-runtime-review","66",,"1FED0A160B24DC1F879F46CA141E0188509F20AA0E1E75E0118772B9216E8C62",
"obj/x64/Debug/net8.0-windows/Aimmy2_m5i2a4mt_wpftmp.assets.cache","Custom-only","Build-or-runtime-review","36246",,"EE2A6B2D0A099E42E2CCB8ABD49D0C5D4014321A8C8F2EEC5276C94AA16F0E6C",
"obj/x64/Debug/net8.0-windows/Aimmy2_m5i2a4mt_wpftmp.csproj.BuildWithSkipAnalyzers","Custom-only","Build-or-runtime-review","0",,"E3B0C44298FC1C149AFBF4C8996FB92427AE41E4649B934CA495991B7852B855",
"obj/x64/Debug/net8.0-windows/Aimmy2_m5i2a4mt_wpftmp.GeneratedMSBuildEditorConfig.editorconfig","Custom-only","Build-or-runtime-review","1149",,"98176DAE78CCB53DDE88AC657DFBA4937F1E53EC93DE7CDC1361C7885FEA94A9",
"obj/x64/Debug/net8.0-windows/Aimmy2_m5i2a4mt_wpftmp.GlobalUsings.g.cs","Custom-only","Build-or-runtime-review","183",,"FE45EA572AADFD1A9B54CF7251405CFA11B748CA88B034F06A724D49758CED2D",
"obj/x64/Debug/net8.0-windows/Aimmy2_mbny3hun_wpftmp.AssemblyInfo.cs","Custom-only","Build-or-runtime-review","1174",,"C2EE451CD149B2DEC17A341AD1D3BF0A44858776D43EDF436A126C6AAE80D41C",
"obj/x64/Debug/net8.0-windows/Aimmy2_mbny3hun_wpftmp.AssemblyInfoInputs.cache","Custom-only","Build-or-runtime-review","66",,"1FED0A160B24DC1F879F46CA141E0188509F20AA0E1E75E0118772B9216E8C62",
"obj/x64/Debug/net8.0-windows/Aimmy2_mbny3hun_wpftmp.assets.cache","Custom-only","Build-or-runtime-review","36246",,"246F79C92F09815B3D5BBA9DE0533AF7DA1B864F8A8AC2A13C35A32C7737DA53",
"obj/x64/Debug/net8.0-windows/Aimmy2_mbny3hun_wpftmp.csproj.BuildWithSkipAnalyzers","Custom-only","Build-or-runtime-review","0",,"E3B0C44298FC1C149AFBF4C8996FB92427AE41E4649B934CA495991B7852B855",
"obj/x64/Debug/net8.0-windows/Aimmy2_mbny3hun_wpftmp.GeneratedMSBuildEditorConfig.editorconfig","Custom-only","Build-or-runtime-review","1089",,"CC748429AEA0ACF5AEA2FB723D077EF8D4DEE0BE87B2A471315C2527C73E7F58",
"obj/x64/Debug/net8.0-windows/Aimmy2_mbny3hun_wpftmp.GlobalUsings.g.cs","Custom-only","Build-or-runtime-review","183",,"FE45EA572AADFD1A9B54CF7251405CFA11B748CA88B034F06A724D49758CED2D",
"obj/x64/Debug/net8.0-windows/Aimmy2_mccrptjt_wpftmp.AssemblyInfo.cs","Custom-only","Build-or-runtime-review","1174",,"C2EE451CD149B2DEC17A341AD1D3BF0A44858776D43EDF436A126C6AAE80D41C",
"obj/x64/Debug/net8.0-windows/Aimmy2_mccrptjt_wpftmp.AssemblyInfoInputs.cache","Custom-only","Build-or-runtime-review","66",,"1FED0A160B24DC1F879F46CA141E0188509F20AA0E1E75E0118772B9216E8C62",
"obj/x64/Debug/net8.0-windows/Aimmy2_mccrptjt_wpftmp.assets.cache","Custom-only","Build-or-runtime-review","36246",,"6889782E246F9644676040DFC6E180056A98E29163907184766D4E339F0180C8",
"obj/x64/Debug/net8.0-windows/Aimmy2_mccrptjt_wpftmp.csproj.BuildWithSkipAnalyzers","Custom-only","Build-or-runtime-review","0",,"E3B0C44298FC1C149AFBF4C8996FB92427AE41E4649B934CA495991B7852B855",
"obj/x64/Debug/net8.0-windows/Aimmy2_mccrptjt_wpftmp.GeneratedMSBuildEditorConfig.editorconfig","Custom-only","Build-or-runtime-review","819",,"3EF9182B52BEC39BB699BFEDA752F9503391A74FEF47E0F28DE1EF6BBECF8217",
"obj/x64/Debug/net8.0-windows/Aimmy2_mccrptjt_wpftmp.GlobalUsings.g.cs","Custom-only","Build-or-runtime-review","183",,"FE45EA572AADFD1A9B54CF7251405CFA11B748CA88B034F06A724D49758CED2D",
"obj/x64/Debug/net8.0-windows/Aimmy2_mg14jejq_wpftmp.AssemblyInfo.cs","Custom-only","Build-or-runtime-review","1174",,"C2EE451CD149B2DEC17A341AD1D3BF0A44858776D43EDF436A126C6AAE80D41C",
"obj/x64/Debug/net8.0-windows/Aimmy2_mg14jejq_wpftmp.AssemblyInfoInputs.cache","Custom-only","Build-or-runtime-review","66",,"1FED0A160B24DC1F879F46CA141E0188509F20AA0E1E75E0118772B9216E8C62",
"obj/x64/Debug/net8.0-windows/Aimmy2_mg14jejq_wpftmp.assets.cache","Custom-only","Build-or-runtime-review","36246",,"0B3B5EA217AF357A897FFE8629280B99F2C00A81F2F4A506A4CD30711D4DDBE1",
"obj/x64/Debug/net8.0-windows/Aimmy2_mg14jejq_wpftmp.csproj.BuildWithSkipAnalyzers","Custom-only","Build-or-runtime-review","0",,"E3B0C44298FC1C149AFBF4C8996FB92427AE41E4649B934CA495991B7852B855",
"obj/x64/Debug/net8.0-windows/Aimmy2_mg14jejq_wpftmp.GeneratedMSBuildEditorConfig.editorconfig","Custom-only","Build-or-runtime-review","819",,"3EF9182B52BEC39BB699BFEDA752F9503391A74FEF47E0F28DE1EF6BBECF8217",
"obj/x64/Debug/net8.0-windows/Aimmy2_mg14jejq_wpftmp.GlobalUsings.g.cs","Custom-only","Build-or-runtime-review","183",,"FE45EA572AADFD1A9B54CF7251405CFA11B748CA88B034F06A724D49758CED2D",
"obj/x64/Debug/net8.0-windows/Aimmy2_mhyucdox_wpftmp.AssemblyInfo.cs","Custom-only","Build-or-runtime-review","1174",,"C2EE451CD149B2DEC17A341AD1D3BF0A44858776D43EDF436A126C6AAE80D41C",
"obj/x64/Debug/net8.0-windows/Aimmy2_mhyucdox_wpftmp.AssemblyInfoInputs.cache","Custom-only","Build-or-runtime-review","66",,"1FED0A160B24DC1F879F46CA141E0188509F20AA0E1E75E0118772B9216E8C62",
"obj/x64/Debug/net8.0-windows/Aimmy2_mhyucdox_wpftmp.assets.cache","Custom-only","Build-or-runtime-review","36246",,"5E232D10F5805F61997804330FCBF036DF115AE94226848D9F1F141365D5A27B",
"obj/x64/Debug/net8.0-windows/Aimmy2_mhyucdox_wpftmp.csproj.BuildWithSkipAnalyzers","Custom-only","Build-or-runtime-review","0",,"E3B0C44298FC1C149AFBF4C8996FB92427AE41E4649B934CA495991B7852B855",
"obj/x64/Debug/net8.0-windows/Aimmy2_mhyucdox_wpftmp.GeneratedMSBuildEditorConfig.editorconfig","Custom-only","Build-or-runtime-review","819",,"3EF9182B52BEC39BB699BFEDA752F9503391A74FEF47E0F28DE1EF6BBECF8217",
"obj/x64/Debug/net8.0-windows/Aimmy2_mhyucdox_wpftmp.GlobalUsings.g.cs","Custom-only","Build-or-runtime-review","183",,"FE45EA572AADFD1A9B54CF7251405CFA11B748CA88B034F06A724D49758CED2D",
"obj/x64/Debug/net8.0-windows/Aimmy2_mlsv33uk_wpftmp.AssemblyInfo.cs","Custom-only","Build-or-runtime-review","1174",,"C2EE451CD149B2DEC17A341AD1D3BF0A44858776D43EDF436A126C6AAE80D41C",
"obj/x64/Debug/net8.0-windows/Aimmy2_mlsv33uk_wpftmp.AssemblyInfoInputs.cache","Custom-only","Build-or-runtime-review","66",,"1FED0A160B24DC1F879F46CA141E0188509F20AA0E1E75E0118772B9216E8C62",
"obj/x64/Debug/net8.0-windows/Aimmy2_mlsv33uk_wpftmp.assets.cache","Custom-only","Build-or-runtime-review","36246",,"522F4FA81FDF2A47479B96345C520FFDD8F476DD22EEB2079D2ADF4C66FCED4E",
"obj/x64/Debug/net8.0-windows/Aimmy2_mlsv33uk_wpftmp.csproj.BuildWithSkipAnalyzers","Custom-only","Build-or-runtime-review","0",,"E3B0C44298FC1C149AFBF4C8996FB92427AE41E4649B934CA495991B7852B855",
"obj/x64/Debug/net8.0-windows/Aimmy2_mlsv33uk_wpftmp.GeneratedMSBuildEditorConfig.editorconfig","Custom-only","Build-or-runtime-review","819",,"3EF9182B52BEC39BB699BFEDA752F9503391A74FEF47E0F28DE1EF6BBECF8217",
"obj/x64/Debug/net8.0-windows/Aimmy2_mlsv33uk_wpftmp.GlobalUsings.g.cs","Custom-only","Build-or-runtime-review","183",,"FE45EA572AADFD1A9B54CF7251405CFA11B748CA88B034F06A724D49758CED2D",
"obj/x64/Debug/net8.0-windows/Aimmy2_muo2stft_wpftmp.AssemblyInfo.cs","Custom-only","Build-or-runtime-review","1174",,"C2EE451CD149B2DEC17A341AD1D3BF0A44858776D43EDF436A126C6AAE80D41C",
"obj/x64/Debug/net8.0-windows/Aimmy2_muo2stft_wpftmp.AssemblyInfoInputs.cache","Custom-only","Build-or-runtime-review","66",,"1FED0A160B24DC1F879F46CA141E0188509F20AA0E1E75E0118772B9216E8C62",
"obj/x64/Debug/net8.0-windows/Aimmy2_muo2stft_wpftmp.assets.cache","Custom-only","Build-or-runtime-review","36246",,"315DBF70E79A8DC67D7C96F87C308E7B96E603A740AC0A0B7BC0B5B924AF2D0C",
"obj/x64/Debug/net8.0-windows/Aimmy2_muo2stft_wpftmp.csproj.BuildWithSkipAnalyzers","Custom-only","Build-or-runtime-review","0",,"E3B0C44298FC1C149AFBF4C8996FB92427AE41E4649B934CA495991B7852B855",
"obj/x64/Debug/net8.0-windows/Aimmy2_muo2stft_wpftmp.GeneratedMSBuildEditorConfig.editorconfig","Custom-only","Build-or-runtime-review","819",,"3EF9182B52BEC39BB699BFEDA752F9503391A74FEF47E0F28DE1EF6BBECF8217",
"obj/x64/Debug/net8.0-windows/Aimmy2_muo2stft_wpftmp.GlobalUsings.g.cs","Custom-only","Build-or-runtime-review","183",,"FE45EA572AADFD1A9B54CF7251405CFA11B748CA88B034F06A724D49758CED2D",
"obj/x64/Debug/net8.0-windows/Aimmy2_najm4r2o_wpftmp.AssemblyInfo.cs","Custom-only","Build-or-runtime-review","1174",,"C2EE451CD149B2DEC17A341AD1D3BF0A44858776D43EDF436A126C6AAE80D41C",
"obj/x64/Debug/net8.0-windows/Aimmy2_najm4r2o_wpftmp.AssemblyInfoInputs.cache","Custom-only","Build-or-runtime-review","66",,"1FED0A160B24DC1F879F46CA141E0188509F20AA0E1E75E0118772B9216E8C62",
"obj/x64/Debug/net8.0-windows/Aimmy2_najm4r2o_wpftmp.assets.cache","Custom-only","Build-or-runtime-review","36246",,"BECE2907210BC3C38BBC96351DD93AAFAA6E04FD630A2DA9BC266BF5C084FFBC",
"obj/x64/Debug/net8.0-windows/Aimmy2_najm4r2o_wpftmp.csproj.BuildWithSkipAnalyzers","Custom-only","Build-or-runtime-review","0",,"E3B0C44298FC1C149AFBF4C8996FB92427AE41E4649B934CA495991B7852B855",
"obj/x64/Debug/net8.0-windows/Aimmy2_najm4r2o_wpftmp.GeneratedMSBuildEditorConfig.editorconfig","Custom-only","Build-or-runtime-review","819",,"3EF9182B52BEC39BB699BFEDA752F9503391A74FEF47E0F28DE1EF6BBECF8217",
"obj/x64/Debug/net8.0-windows/Aimmy2_najm4r2o_wpftmp.GlobalUsings.g.cs","Custom-only","Build-or-runtime-review","183",,"FE45EA572AADFD1A9B54CF7251405CFA11B748CA88B034F06A724D49758CED2D",
"obj/x64/Debug/net8.0-windows/Aimmy2_ngjhwzs1_wpftmp.AssemblyInfo.cs","Custom-only","Build-or-runtime-review","1174",,"C2EE451CD149B2DEC17A341AD1D3BF0A44858776D43EDF436A126C6AAE80D41C",
"obj/x64/Debug/net8.0-windows/Aimmy2_ngjhwzs1_wpftmp.AssemblyInfoInputs.cache","Custom-only","Build-or-runtime-review","66",,"1FED0A160B24DC1F879F46CA141E0188509F20AA0E1E75E0118772B9216E8C62",
"obj/x64/Debug/net8.0-windows/Aimmy2_ngjhwzs1_wpftmp.assets.cache","Custom-only","Build-or-runtime-review","36246",,"E0966204691FAFB0348DAA7E4C5C70106E8B07E25EC9F0522412DA29E3A97350",
"obj/x64/Debug/net8.0-windows/Aimmy2_ngjhwzs1_wpftmp.GeneratedMSBuildEditorConfig.editorconfig","Custom-only","Build-or-runtime-review","819",,"3EF9182B52BEC39BB699BFEDA752F9503391A74FEF47E0F28DE1EF6BBECF8217",
"obj/x64/Debug/net8.0-windows/Aimmy2_ngjhwzs1_wpftmp.GlobalUsings.g.cs","Custom-only","Build-or-runtime-review","183",,"FE45EA572AADFD1A9B54CF7251405CFA11B748CA88B034F06A724D49758CED2D",
"obj/x64/Debug/net8.0-windows/Aimmy2_nm34gx5b_wpftmp.AssemblyInfo.cs","Custom-only","Build-or-runtime-review","1174",,"C2EE451CD149B2DEC17A341AD1D3BF0A44858776D43EDF436A126C6AAE80D41C",
"obj/x64/Debug/net8.0-windows/Aimmy2_nm34gx5b_wpftmp.AssemblyInfoInputs.cache","Custom-only","Build-or-runtime-review","66",,"1FED0A160B24DC1F879F46CA141E0188509F20AA0E1E75E0118772B9216E8C62",
"obj/x64/Debug/net8.0-windows/Aimmy2_nm34gx5b_wpftmp.assets.cache","Custom-only","Build-or-runtime-review","36246",,"03F8EEBF00E556512654C9F8813FD0B0494D461DEEC6069ED3EEB98B5FF1A582",
"obj/x64/Debug/net8.0-windows/Aimmy2_nm34gx5b_wpftmp.csproj.BuildWithSkipAnalyzers","Custom-only","Build-or-runtime-review","0",,"E3B0C44298FC1C149AFBF4C8996FB92427AE41E4649B934CA495991B7852B855",
"obj/x64/Debug/net8.0-windows/Aimmy2_nm34gx5b_wpftmp.GeneratedMSBuildEditorConfig.editorconfig","Custom-only","Build-or-runtime-review","1087",,"C366639FD103F2DFAF1CEAC8F5F050E5B15FAA45E2DDDF371B29998033B4FDB2",
"obj/x64/Debug/net8.0-windows/Aimmy2_nm34gx5b_wpftmp.GlobalUsings.g.cs","Custom-only","Build-or-runtime-review","183",,"FE45EA572AADFD1A9B54CF7251405CFA11B748CA88B034F06A724D49758CED2D",
"obj/x64/Debug/net8.0-windows/Aimmy2_nmlyqmj1_wpftmp.AssemblyInfo.cs","Custom-only","Build-or-runtime-review","1174",,"C2EE451CD149B2DEC17A341AD1D3BF0A44858776D43EDF436A126C6AAE80D41C",
"obj/x64/Debug/net8.0-windows/Aimmy2_nmlyqmj1_wpftmp.AssemblyInfoInputs.cache","Custom-only","Build-or-runtime-review","66",,"1FED0A160B24DC1F879F46CA141E0188509F20AA0E1E75E0118772B9216E8C62",
"obj/x64/Debug/net8.0-windows/Aimmy2_nmlyqmj1_wpftmp.assets.cache","Custom-only","Build-or-runtime-review","36246",,"AC1753F5C657D50374B1EB6D1029E643EEB5FD37880EB6A274E9A4B275D83E20",
"obj/x64/Debug/net8.0-windows/Aimmy2_nmlyqmj1_wpftmp.csproj.BuildWithSkipAnalyzers","Custom-only","Build-or-runtime-review","0",,"E3B0C44298FC1C149AFBF4C8996FB92427AE41E4649B934CA495991B7852B855",
"obj/x64/Debug/net8.0-windows/Aimmy2_nmlyqmj1_wpftmp.GeneratedMSBuildEditorConfig.editorconfig","Custom-only","Build-or-runtime-review","819",,"3EF9182B52BEC39BB699BFEDA752F9503391A74FEF47E0F28DE1EF6BBECF8217",
"obj/x64/Debug/net8.0-windows/Aimmy2_nmlyqmj1_wpftmp.GlobalUsings.g.cs","Custom-only","Build-or-runtime-review","183",,"FE45EA572AADFD1A9B54CF7251405CFA11B748CA88B034F06A724D49758CED2D",
"obj/x64/Debug/net8.0-windows/Aimmy2_nub0n2mc_wpftmp.AssemblyInfo.cs","Custom-only","Build-or-runtime-review","1174",,"C2EE451CD149B2DEC17A341AD1D3BF0A44858776D43EDF436A126C6AAE80D41C",
"obj/x64/Debug/net8.0-windows/Aimmy2_nub0n2mc_wpftmp.AssemblyInfoInputs.cache","Custom-only","Build-or-runtime-review","66",,"1FED0A160B24DC1F879F46CA141E0188509F20AA0E1E75E0118772B9216E8C62",
"obj/x64/Debug/net8.0-windows/Aimmy2_nub0n2mc_wpftmp.assets.cache","Custom-only","Build-or-runtime-review","36246",,"DFC641AC03976119E20E444F377594F9B93F8C5A5D46F8A2F0E0C74AD4A61DC3",
"obj/x64/Debug/net8.0-windows/Aimmy2_nub0n2mc_wpftmp.csproj.BuildWithSkipAnalyzers","Custom-only","Build-or-runtime-review","0",,"E3B0C44298FC1C149AFBF4C8996FB92427AE41E4649B934CA495991B7852B855",
"obj/x64/Debug/net8.0-windows/Aimmy2_nub0n2mc_wpftmp.GeneratedMSBuildEditorConfig.editorconfig","Custom-only","Build-or-runtime-review","819",,"3EF9182B52BEC39BB699BFEDA752F9503391A74FEF47E0F28DE1EF6BBECF8217",
"obj/x64/Debug/net8.0-windows/Aimmy2_nub0n2mc_wpftmp.GlobalUsings.g.cs","Custom-only","Build-or-runtime-review","183",,"FE45EA572AADFD1A9B54CF7251405CFA11B748CA88B034F06A724D49758CED2D",
"obj/x64/Debug/net8.0-windows/Aimmy2_nuobz1lb_wpftmp.AssemblyInfo.cs","Custom-only","Build-or-runtime-review","1174",,"C2EE451CD149B2DEC17A341AD1D3BF0A44858776D43EDF436A126C6AAE80D41C",
"obj/x64/Debug/net8.0-windows/Aimmy2_nuobz1lb_wpftmp.AssemblyInfoInputs.cache","Custom-only","Build-or-runtime-review","66",,"1FED0A160B24DC1F879F46CA141E0188509F20AA0E1E75E0118772B9216E8C62",
"obj/x64/Debug/net8.0-windows/Aimmy2_nuobz1lb_wpftmp.assets.cache","Custom-only","Build-or-runtime-review","36246",,"C358F1A43A08EF0819D9F4700F7431F434577C0D4D596AB03A3E4F08C2FD4F0E",
"obj/x64/Debug/net8.0-windows/Aimmy2_nuobz1lb_wpftmp.csproj.BuildWithSkipAnalyzers","Custom-only","Build-or-runtime-review","0",,"E3B0C44298FC1C149AFBF4C8996FB92427AE41E4649B934CA495991B7852B855",
"obj/x64/Debug/net8.0-windows/Aimmy2_nuobz1lb_wpftmp.GeneratedMSBuildEditorConfig.editorconfig","Custom-only","Build-or-runtime-review","1089",,"8E94C47B148DC4DBB0AC29D037D3998E9CEE545092CA8CD5FC42C5CDA7F02323",
"obj/x64/Debug/net8.0-windows/Aimmy2_nuobz1lb_wpftmp.GlobalUsings.g.cs","Custom-only","Build-or-runtime-review","183",,"FE45EA572AADFD1A9B54CF7251405CFA11B748CA88B034F06A724D49758CED2D",
"obj/x64/Debug/net8.0-windows/Aimmy2_o0j2zxmz_wpftmp.AssemblyInfo.cs","Custom-only","Build-or-runtime-review","1174",,"C2EE451CD149B2DEC17A341AD1D3BF0A44858776D43EDF436A126C6AAE80D41C",
"obj/x64/Debug/net8.0-windows/Aimmy2_o0j2zxmz_wpftmp.AssemblyInfoInputs.cache","Custom-only","Build-or-runtime-review","66",,"1FED0A160B24DC1F879F46CA141E0188509F20AA0E1E75E0118772B9216E8C62",
"obj/x64/Debug/net8.0-windows/Aimmy2_o0j2zxmz_wpftmp.assets.cache","Custom-only","Build-or-runtime-review","36246",,"0F3DAB506E8C05C10A439EA11C9E4630B494EC9B2BFA1FE41244250EC672F65F",
"obj/x64/Debug/net8.0-windows/Aimmy2_o0j2zxmz_wpftmp.csproj.BuildWithSkipAnalyzers","Custom-only","Build-or-runtime-review","0",,"E3B0C44298FC1C149AFBF4C8996FB92427AE41E4649B934CA495991B7852B855",
"obj/x64/Debug/net8.0-windows/Aimmy2_o0j2zxmz_wpftmp.GeneratedMSBuildEditorConfig.editorconfig","Custom-only","Build-or-runtime-review","819",,"3EF9182B52BEC39BB699BFEDA752F9503391A74FEF47E0F28DE1EF6BBECF8217",
"obj/x64/Debug/net8.0-windows/Aimmy2_o0j2zxmz_wpftmp.GlobalUsings.g.cs","Custom-only","Build-or-runtime-review","183",,"FE45EA572AADFD1A9B54CF7251405CFA11B748CA88B034F06A724D49758CED2D",
"obj/x64/Debug/net8.0-windows/Aimmy2_o2ngk3ny_wpftmp.AssemblyInfo.cs","Custom-only","Build-or-runtime-review","1174",,"C2EE451CD149B2DEC17A341AD1D3BF0A44858776D43EDF436A126C6AAE80D41C",
"obj/x64/Debug/net8.0-windows/Aimmy2_o2ngk3ny_wpftmp.AssemblyInfoInputs.cache","Custom-only","Build-or-runtime-review","66",,"1FED0A160B24DC1F879F46CA141E0188509F20AA0E1E75E0118772B9216E8C62",
"obj/x64/Debug/net8.0-windows/Aimmy2_o2ngk3ny_wpftmp.assets.cache","Custom-only","Build-or-runtime-review","37798",,"3BAF9CE6157338D5BFB46ABE8FB201BC19B468E5549298FA9CFDE8E5CAB885CD",
"obj/x64/Debug/net8.0-windows/Aimmy2_o2ngk3ny_wpftmp.csproj.BuildWithSkipAnalyzers","Custom-only","Build-or-runtime-review","0",,"E3B0C44298FC1C149AFBF4C8996FB92427AE41E4649B934CA495991B7852B855",
"obj/x64/Debug/net8.0-windows/Aimmy2_o2ngk3ny_wpftmp.GeneratedMSBuildEditorConfig.editorconfig","Custom-only","Build-or-runtime-review","1174",,"6756CDDBE904F2EC3174E57A9127FC0F3475C50D52AA8B79B33E470B7DD648F1",
"obj/x64/Debug/net8.0-windows/Aimmy2_o2ngk3ny_wpftmp.GlobalUsings.g.cs","Custom-only","Build-or-runtime-review","183",,"FE45EA572AADFD1A9B54CF7251405CFA11B748CA88B034F06A724D49758CED2D",
"obj/x64/Debug/net8.0-windows/Aimmy2_o3d31yze_wpftmp.AssemblyInfo.cs","Custom-only","Build-or-runtime-review","1174",,"C2EE451CD149B2DEC17A341AD1D3BF0A44858776D43EDF436A126C6AAE80D41C",
"obj/x64/Debug/net8.0-windows/Aimmy2_o3d31yze_wpftmp.AssemblyInfoInputs.cache","Custom-only","Build-or-runtime-review","66",,"1FED0A160B24DC1F879F46CA141E0188509F20AA0E1E75E0118772B9216E8C62",
"obj/x64/Debug/net8.0-windows/Aimmy2_o3d31yze_wpftmp.assets.cache","Custom-only","Build-or-runtime-review","36246",,"B8B97A7A7385144280E3CDD38EF962763F2ED4C46AC693BF044D83396EF909E8",
"obj/x64/Debug/net8.0-windows/Aimmy2_o3d31yze_wpftmp.csproj.BuildWithSkipAnalyzers","Custom-only","Build-or-runtime-review","0",,"E3B0C44298FC1C149AFBF4C8996FB92427AE41E4649B934CA495991B7852B855",
"obj/x64/Debug/net8.0-windows/Aimmy2_o3d31yze_wpftmp.GeneratedMSBuildEditorConfig.editorconfig","Custom-only","Build-or-runtime-review","1084",,"6CF57F2AD104FF1DECD63B754F5DA77BB1616CA9C458547AD0E30573D593ED85",
"obj/x64/Debug/net8.0-windows/Aimmy2_o3d31yze_wpftmp.GlobalUsings.g.cs","Custom-only","Build-or-runtime-review","183",,"FE45EA572AADFD1A9B54CF7251405CFA11B748CA88B034F06A724D49758CED2D",
"obj/x64/Debug/net8.0-windows/Aimmy2_o3pjwi35_wpftmp.AssemblyInfo.cs","Custom-only","Build-or-runtime-review","1174",,"C2EE451CD149B2DEC17A341AD1D3BF0A44858776D43EDF436A126C6AAE80D41C",
"obj/x64/Debug/net8.0-windows/Aimmy2_o3pjwi35_wpftmp.AssemblyInfoInputs.cache","Custom-only","Build-or-runtime-review","66",,"1FED0A160B24DC1F879F46CA141E0188509F20AA0E1E75E0118772B9216E8C62",
"obj/x64/Debug/net8.0-windows/Aimmy2_o3pjwi35_wpftmp.assets.cache","Custom-only","Build-or-runtime-review","36246",,"298CBAB05EDABAA4E4362C9465FF2CE1DC5507BCF9D5115B39C8EF89F6A9404C",
"obj/x64/Debug/net8.0-windows/Aimmy2_o3pjwi35_wpftmp.csproj.BuildWithSkipAnalyzers","Custom-only","Build-or-runtime-review","0",,"E3B0C44298FC1C149AFBF4C8996FB92427AE41E4649B934CA495991B7852B855",
"obj/x64/Debug/net8.0-windows/Aimmy2_o3pjwi35_wpftmp.GeneratedMSBuildEditorConfig.editorconfig","Custom-only","Build-or-runtime-review","819",,"3EF9182B52BEC39BB699BFEDA752F9503391A74FEF47E0F28DE1EF6BBECF8217",
"obj/x64/Debug/net8.0-windows/Aimmy2_o3pjwi35_wpftmp.GlobalUsings.g.cs","Custom-only","Build-or-runtime-review","183",,"FE45EA572AADFD1A9B54CF7251405CFA11B748CA88B034F06A724D49758CED2D",
"obj/x64/Debug/net8.0-windows/Aimmy2_o41qdiui_wpftmp.AssemblyInfo.cs","Custom-only","Build-or-runtime-review","1174",,"C2EE451CD149B2DEC17A341AD1D3BF0A44858776D43EDF436A126C6AAE80D41C",
"obj/x64/Debug/net8.0-windows/Aimmy2_o41qdiui_wpftmp.AssemblyInfoInputs.cache","Custom-only","Build-or-runtime-review","66",,"1FED0A160B24DC1F879F46CA141E0188509F20AA0E1E75E0118772B9216E8C62",
"obj/x64/Debug/net8.0-windows/Aimmy2_o41qdiui_wpftmp.assets.cache","Custom-only","Build-or-runtime-review","36246",,"F8E6A1C4649BDD41140A078C3731EAF27A2D89D193A704952B037ED5290FAE24",
"obj/x64/Debug/net8.0-windows/Aimmy2_o41qdiui_wpftmp.csproj.BuildWithSkipAnalyzers","Custom-only","Build-or-runtime-review","0",,"E3B0C44298FC1C149AFBF4C8996FB92427AE41E4649B934CA495991B7852B855",
"obj/x64/Debug/net8.0-windows/Aimmy2_o41qdiui_wpftmp.GeneratedMSBuildEditorConfig.editorconfig","Custom-only","Build-or-runtime-review","1089",,"1CA322FEC0767C49135114EBD501237764293209ADAE9CFBFA1FD087033D98AB",
"obj/x64/Debug/net8.0-windows/Aimmy2_o41qdiui_wpftmp.GlobalUsings.g.cs","Custom-only","Build-or-runtime-review","183",,"FE45EA572AADFD1A9B54CF7251405CFA11B748CA88B034F06A724D49758CED2D",
"obj/x64/Debug/net8.0-windows/Aimmy2_o4grid5h_wpftmp.AssemblyInfo.cs","Custom-only","Build-or-runtime-review","1174",,"C2EE451CD149B2DEC17A341AD1D3BF0A44858776D43EDF436A126C6AAE80D41C",
"obj/x64/Debug/net8.0-windows/Aimmy2_o4grid5h_wpftmp.AssemblyInfoInputs.cache","Custom-only","Build-or-runtime-review","66",,"1FED0A160B24DC1F879F46CA141E0188509F20AA0E1E75E0118772B9216E8C62",
"obj/x64/Debug/net8.0-windows/Aimmy2_o4grid5h_wpftmp.assets.cache","Custom-only","Build-or-runtime-review","36246",,"E00CAD5426836D811FA701B2B706374387222E67AEC6065D096435D917E0249B",
"obj/x64/Debug/net8.0-windows/Aimmy2_o4grid5h_wpftmp.csproj.BuildWithSkipAnalyzers","Custom-only","Build-or-runtime-review","0",,"E3B0C44298FC1C149AFBF4C8996FB92427AE41E4649B934CA495991B7852B855",
"obj/x64/Debug/net8.0-windows/Aimmy2_o4grid5h_wpftmp.GeneratedMSBuildEditorConfig.editorconfig","Custom-only","Build-or-runtime-review","819",,"3EF9182B52BEC39BB699BFEDA752F9503391A74FEF47E0F28DE1EF6BBECF8217",
"obj/x64/Debug/net8.0-windows/Aimmy2_o4grid5h_wpftmp.GlobalUsings.g.cs","Custom-only","Build-or-runtime-review","183",,"FE45EA572AADFD1A9B54CF7251405CFA11B748CA88B034F06A724D49758CED2D",
"obj/x64/Debug/net8.0-windows/Aimmy2_obijm3bq_wpftmp.AssemblyInfo.cs","Custom-only","Build-or-runtime-review","1174",,"C2EE451CD149B2DEC17A341AD1D3BF0A44858776D43EDF436A126C6AAE80D41C",
"obj/x64/Debug/net8.0-windows/Aimmy2_obijm3bq_wpftmp.AssemblyInfoInputs.cache","Custom-only","Build-or-runtime-review","66",,"1FED0A160B24DC1F879F46CA141E0188509F20AA0E1E75E0118772B9216E8C62",
"obj/x64/Debug/net8.0-windows/Aimmy2_obijm3bq_wpftmp.assets.cache","Custom-only","Build-or-runtime-review","36246",,"7508C9AF8DC145A451240F995C04448CABBA7AD233918B056772F79E5AAB6104",
"obj/x64/Debug/net8.0-windows/Aimmy2_obijm3bq_wpftmp.csproj.BuildWithSkipAnalyzers","Custom-only","Build-or-runtime-review","0",,"E3B0C44298FC1C149AFBF4C8996FB92427AE41E4649B934CA495991B7852B855",
"obj/x64/Debug/net8.0-windows/Aimmy2_obijm3bq_wpftmp.GeneratedMSBuildEditorConfig.editorconfig","Custom-only","Build-or-runtime-review","819",,"3EF9182B52BEC39BB699BFEDA752F9503391A74FEF47E0F28DE1EF6BBECF8217",
"obj/x64/Debug/net8.0-windows/Aimmy2_obijm3bq_wpftmp.GlobalUsings.g.cs","Custom-only","Build-or-runtime-review","183",,"FE45EA572AADFD1A9B54CF7251405CFA11B748CA88B034F06A724D49758CED2D",
"obj/x64/Debug/net8.0-windows/Aimmy2_oesqbjzt_wpftmp.AssemblyInfo.cs","Custom-only","Build-or-runtime-review","1174",,"C2EE451CD149B2DEC17A341AD1D3BF0A44858776D43EDF436A126C6AAE80D41C",
"obj/x64/Debug/net8.0-windows/Aimmy2_oesqbjzt_wpftmp.AssemblyInfoInputs.cache","Custom-only","Build-or-runtime-review","66",,"1FED0A160B24DC1F879F46CA141E0188509F20AA0E1E75E0118772B9216E8C62",
"obj/x64/Debug/net8.0-windows/Aimmy2_oesqbjzt_wpftmp.assets.cache","Custom-only","Build-or-runtime-review","36246",,"2F65DC87557275E1201A9DA5BD35E2AA8E5E4BA93D439EC44BFBB8A7767BE949",
"obj/x64/Debug/net8.0-windows/Aimmy2_oesqbjzt_wpftmp.csproj.BuildWithSkipAnalyzers","Custom-only","Build-or-runtime-review","0",,"E3B0C44298FC1C149AFBF4C8996FB92427AE41E4649B934CA495991B7852B855",
"obj/x64/Debug/net8.0-windows/Aimmy2_oesqbjzt_wpftmp.GeneratedMSBuildEditorConfig.editorconfig","Custom-only","Build-or-runtime-review","819",,"3EF9182B52BEC39BB699BFEDA752F9503391A74FEF47E0F28DE1EF6BBECF8217",
"obj/x64/Debug/net8.0-windows/Aimmy2_oesqbjzt_wpftmp.GlobalUsings.g.cs","Custom-only","Build-or-runtime-review","183",,"FE45EA572AADFD1A9B54CF7251405CFA11B748CA88B034F06A724D49758CED2D",
"obj/x64/Debug/net8.0-windows/Aimmy2_ogtslgl4_wpftmp.AssemblyInfo.cs","Custom-only","Build-or-runtime-review","1174",,"C2EE451CD149B2DEC17A341AD1D3BF0A44858776D43EDF436A126C6AAE80D41C",
"obj/x64/Debug/net8.0-windows/Aimmy2_ogtslgl4_wpftmp.AssemblyInfoInputs.cache","Custom-only","Build-or-runtime-review","66",,"1FED0A160B24DC1F879F46CA141E0188509F20AA0E1E75E0118772B9216E8C62",
"obj/x64/Debug/net8.0-windows/Aimmy2_ogtslgl4_wpftmp.assets.cache","Custom-only","Build-or-runtime-review","36246",,"C6A3811D995A420D3DE31D131FC99E0C1A158B8E57D4DB709547B29DB55E4D00",
"obj/x64/Debug/net8.0-windows/Aimmy2_ogtslgl4_wpftmp.csproj.BuildWithSkipAnalyzers","Custom-only","Build-or-runtime-review","0",,"E3B0C44298FC1C149AFBF4C8996FB92427AE41E4649B934CA495991B7852B855",
"obj/x64/Debug/net8.0-windows/Aimmy2_ogtslgl4_wpftmp.GeneratedMSBuildEditorConfig.editorconfig","Custom-only","Build-or-runtime-review","819",,"3EF9182B52BEC39BB699BFEDA752F9503391A74FEF47E0F28DE1EF6BBECF8217",
"obj/x64/Debug/net8.0-windows/Aimmy2_ogtslgl4_wpftmp.GlobalUsings.g.cs","Custom-only","Build-or-runtime-review","183",,"FE45EA572AADFD1A9B54CF7251405CFA11B748CA88B034F06A724D49758CED2D",
"obj/x64/Debug/net8.0-windows/Aimmy2_ohdmv1vk_wpftmp.AssemblyInfo.cs","Custom-only","Build-or-runtime-review","1174",,"C2EE451CD149B2DEC17A341AD1D3BF0A44858776D43EDF436A126C6AAE80D41C",
"obj/x64/Debug/net8.0-windows/Aimmy2_ohdmv1vk_wpftmp.AssemblyInfoInputs.cache","Custom-only","Build-or-runtime-review","66",,"1FED0A160B24DC1F879F46CA141E0188509F20AA0E1E75E0118772B9216E8C62",
"obj/x64/Debug/net8.0-windows/Aimmy2_ohdmv1vk_wpftmp.assets.cache","Custom-only","Build-or-runtime-review","37798",,"4540F174E776F7DE2E81D8E74B86EB64922715D658BBBF1C3546D4BEEDA6297A",
"obj/x64/Debug/net8.0-windows/Aimmy2_ohdmv1vk_wpftmp.csproj.BuildWithSkipAnalyzers","Custom-only","Build-or-runtime-review","0",,"E3B0C44298FC1C149AFBF4C8996FB92427AE41E4649B934CA495991B7852B855",
"obj/x64/Debug/net8.0-windows/Aimmy2_ohdmv1vk_wpftmp.GeneratedMSBuildEditorConfig.editorconfig","Custom-only","Build-or-runtime-review","1174",,"FE31C4AE4F7B5B5748CCFB9197539734FFEDFFECA99EE9C12453C7219560D797",
"obj/x64/Debug/net8.0-windows/Aimmy2_ohdmv1vk_wpftmp.GlobalUsings.g.cs","Custom-only","Build-or-runtime-review","183",,"FE45EA572AADFD1A9B54CF7251405CFA11B748CA88B034F06A724D49758CED2D",
"obj/x64/Debug/net8.0-windows/Aimmy2_ohjeaxyn_wpftmp.AssemblyInfo.cs","Custom-only","Build-or-runtime-review","1174",,"C2EE451CD149B2DEC17A341AD1D3BF0A44858776D43EDF436A126C6AAE80D41C",
"obj/x64/Debug/net8.0-windows/Aimmy2_ohjeaxyn_wpftmp.AssemblyInfoInputs.cache","Custom-only","Build-or-runtime-review","66",,"1FED0A160B24DC1F879F46CA141E0188509F20AA0E1E75E0118772B9216E8C62",
"obj/x64/Debug/net8.0-windows/Aimmy2_ohjeaxyn_wpftmp.assets.cache","Custom-only","Build-or-runtime-review","36246",,"E74FBC9F6783EA6B384E529970BCB7DA96449655A795C40E058094D064C4037C",
"obj/x64/Debug/net8.0-windows/Aimmy2_ohjeaxyn_wpftmp.csproj.BuildWithSkipAnalyzers","Custom-only","Build-or-runtime-review","0",,"E3B0C44298FC1C149AFBF4C8996FB92427AE41E4649B934CA495991B7852B855",
"obj/x64/Debug/net8.0-windows/Aimmy2_ohjeaxyn_wpftmp.GeneratedMSBuildEditorConfig.editorconfig","Custom-only","Build-or-runtime-review","871",,"7CC96B1D97E6B50EF1F26BFC7BB514E98BE018691CC42CCF7AFC905436532C7A",
"obj/x64/Debug/net8.0-windows/Aimmy2_ohjeaxyn_wpftmp.GlobalUsings.g.cs","Custom-only","Build-or-runtime-review","183",,"FE45EA572AADFD1A9B54CF7251405CFA11B748CA88B034F06A724D49758CED2D",
"obj/x64/Debug/net8.0-windows/Aimmy2_on1juxsx_wpftmp.AssemblyInfo.cs","Custom-only","Build-or-runtime-review","1174",,"C2EE451CD149B2DEC17A341AD1D3BF0A44858776D43EDF436A126C6AAE80D41C",
"obj/x64/Debug/net8.0-windows/Aimmy2_on1juxsx_wpftmp.AssemblyInfoInputs.cache","Custom-only","Build-or-runtime-review","66",,"1FED0A160B24DC1F879F46CA141E0188509F20AA0E1E75E0118772B9216E8C62",
"obj/x64/Debug/net8.0-windows/Aimmy2_on1juxsx_wpftmp.assets.cache","Custom-only","Build-or-runtime-review","36246",,"D77AB0B3276FC44E868FDC9732F8101F6EDF41BDCB63ED220F487D43DC21B321",
"obj/x64/Debug/net8.0-windows/Aimmy2_on1juxsx_wpftmp.csproj.BuildWithSkipAnalyzers","Custom-only","Build-or-runtime-review","0",,"E3B0C44298FC1C149AFBF4C8996FB92427AE41E4649B934CA495991B7852B855",
"obj/x64/Debug/net8.0-windows/Aimmy2_on1juxsx_wpftmp.GeneratedMSBuildEditorConfig.editorconfig","Custom-only","Build-or-runtime-review","1087",,"C366639FD103F2DFAF1CEAC8F5F050E5B15FAA45E2DDDF371B29998033B4FDB2",
"obj/x64/Debug/net8.0-windows/Aimmy2_on1juxsx_wpftmp.GlobalUsings.g.cs","Custom-only","Build-or-runtime-review","183",,"FE45EA572AADFD1A9B54CF7251405CFA11B748CA88B034F06A724D49758CED2D",
"obj/x64/Debug/net8.0-windows/Aimmy2_oojn014g_wpftmp.AssemblyInfo.cs","Custom-only","Build-or-runtime-review","1174",,"C2EE451CD149B2DEC17A341AD1D3BF0A44858776D43EDF436A126C6AAE80D41C",
"obj/x64/Debug/net8.0-windows/Aimmy2_oojn014g_wpftmp.AssemblyInfoInputs.cache","Custom-only","Build-or-runtime-review","66",,"1FED0A160B24DC1F879F46CA141E0188509F20AA0E1E75E0118772B9216E8C62",
"obj/x64/Debug/net8.0-windows/Aimmy2_oojn014g_wpftmp.assets.cache","Custom-only","Build-or-runtime-review","36246",,"B6BFB4D8A38A30A360B8598908DD8734D0F65B2CD9605E9D8CB55A061336278E",
"obj/x64/Debug/net8.0-windows/Aimmy2_oojn014g_wpftmp.csproj.BuildWithSkipAnalyzers","Custom-only","Build-or-runtime-review","0",,"E3B0C44298FC1C149AFBF4C8996FB92427AE41E4649B934CA495991B7852B855",
"obj/x64/Debug/net8.0-windows/Aimmy2_oojn014g_wpftmp.GeneratedMSBuildEditorConfig.editorconfig","Custom-only","Build-or-runtime-review","871",,"7CC96B1D97E6B50EF1F26BFC7BB514E98BE018691CC42CCF7AFC905436532C7A",
"obj/x64/Debug/net8.0-windows/Aimmy2_oojn014g_wpftmp.GlobalUsings.g.cs","Custom-only","Build-or-runtime-review","183",,"FE45EA572AADFD1A9B54CF7251405CFA11B748CA88B034F06A724D49758CED2D",
"obj/x64/Debug/net8.0-windows/Aimmy2_oowqwdc3_wpftmp.AssemblyInfo.cs","Custom-only","Build-or-runtime-review","1174",,"C2EE451CD149B2DEC17A341AD1D3BF0A44858776D43EDF436A126C6AAE80D41C",
"obj/x64/Debug/net8.0-windows/Aimmy2_oowqwdc3_wpftmp.AssemblyInfoInputs.cache","Custom-only","Build-or-runtime-review","66",,"1FED0A160B24DC1F879F46CA141E0188509F20AA0E1E75E0118772B9216E8C62",
"obj/x64/Debug/net8.0-windows/Aimmy2_oowqwdc3_wpftmp.assets.cache","Custom-only","Build-or-runtime-review","36246",,"572B37D647B727EB374E8D1DADD9D322EF1A9505673734806F76376671B26160",
"obj/x64/Debug/net8.0-windows/Aimmy2_oowqwdc3_wpftmp.csproj.BuildWithSkipAnalyzers","Custom-only","Build-or-runtime-review","0",,"E3B0C44298FC1C149AFBF4C8996FB92427AE41E4649B934CA495991B7852B855",
"obj/x64/Debug/net8.0-windows/Aimmy2_oowqwdc3_wpftmp.GeneratedMSBuildEditorConfig.editorconfig","Custom-only","Build-or-runtime-review","819",,"3EF9182B52BEC39BB699BFEDA752F9503391A74FEF47E0F28DE1EF6BBECF8217",
"obj/x64/Debug/net8.0-windows/Aimmy2_oowqwdc3_wpftmp.GlobalUsings.g.cs","Custom-only","Build-or-runtime-review","183",,"FE45EA572AADFD1A9B54CF7251405CFA11B748CA88B034F06A724D49758CED2D",
"obj/x64/Debug/net8.0-windows/Aimmy2_otqfdv0g_wpftmp.AssemblyInfo.cs","Custom-only","Build-or-runtime-review","1174",,"C2EE451CD149B2DEC17A341AD1D3BF0A44858776D43EDF436A126C6AAE80D41C",
"obj/x64/Debug/net8.0-windows/Aimmy2_otqfdv0g_wpftmp.AssemblyInfoInputs.cache","Custom-only","Build-or-runtime-review","66",,"1FED0A160B24DC1F879F46CA141E0188509F20AA0E1E75E0118772B9216E8C62",
"obj/x64/Debug/net8.0-windows/Aimmy2_otqfdv0g_wpftmp.assets.cache","Custom-only","Build-or-runtime-review","36246",,"24CBAF43B703D48BD302375C462BECBCEFC150CE79610684EE5C0C8C01CDAC2D",
"obj/x64/Debug/net8.0-windows/Aimmy2_otqfdv0g_wpftmp.csproj.BuildWithSkipAnalyzers","Custom-only","Build-or-runtime-review","0",,"E3B0C44298FC1C149AFBF4C8996FB92427AE41E4649B934CA495991B7852B855",
"obj/x64/Debug/net8.0-windows/Aimmy2_otqfdv0g_wpftmp.GeneratedMSBuildEditorConfig.editorconfig","Custom-only","Build-or-runtime-review","1089",,"1CA322FEC0767C49135114EBD501237764293209ADAE9CFBFA1FD087033D98AB",
"obj/x64/Debug/net8.0-windows/Aimmy2_otqfdv0g_wpftmp.GlobalUsings.g.cs","Custom-only","Build-or-runtime-review","183",,"FE45EA572AADFD1A9B54CF7251405CFA11B748CA88B034F06A724D49758CED2D",
"obj/x64/Debug/net8.0-windows/Aimmy2_oynvyxom_wpftmp.AssemblyInfo.cs","Custom-only","Build-or-runtime-review","1174",,"C2EE451CD149B2DEC17A341AD1D3BF0A44858776D43EDF436A126C6AAE80D41C",
"obj/x64/Debug/net8.0-windows/Aimmy2_oynvyxom_wpftmp.AssemblyInfoInputs.cache","Custom-only","Build-or-runtime-review","66",,"1FED0A160B24DC1F879F46CA141E0188509F20AA0E1E75E0118772B9216E8C62",
"obj/x64/Debug/net8.0-windows/Aimmy2_oynvyxom_wpftmp.assets.cache","Custom-only","Build-or-runtime-review","36246",,"5818A09FCF8E90899765667535360204B5498029368FCBFFED8DFDF7E4B57851",
"obj/x64/Debug/net8.0-windows/Aimmy2_oynvyxom_wpftmp.csproj.BuildWithSkipAnalyzers","Custom-only","Build-or-runtime-review","0",,"E3B0C44298FC1C149AFBF4C8996FB92427AE41E4649B934CA495991B7852B855",
"obj/x64/Debug/net8.0-windows/Aimmy2_oynvyxom_wpftmp.GeneratedMSBuildEditorConfig.editorconfig","Custom-only","Build-or-runtime-review","1149",,"98176DAE78CCB53DDE88AC657DFBA4937F1E53EC93DE7CDC1361C7885FEA94A9",
"obj/x64/Debug/net8.0-windows/Aimmy2_oynvyxom_wpftmp.GlobalUsings.g.cs","Custom-only","Build-or-runtime-review","183",,"FE45EA572AADFD1A9B54CF7251405CFA11B748CA88B034F06A724D49758CED2D",
"obj/x64/Debug/net8.0-windows/Aimmy2_ozrror5y_wpftmp.AssemblyInfo.cs","Custom-only","Build-or-runtime-review","1174",,"C2EE451CD149B2DEC17A341AD1D3BF0A44858776D43EDF436A126C6AAE80D41C",
"obj/x64/Debug/net8.0-windows/Aimmy2_ozrror5y_wpftmp.AssemblyInfoInputs.cache","Custom-only","Build-or-runtime-review","66",,"1FED0A160B24DC1F879F46CA141E0188509F20AA0E1E75E0118772B9216E8C62",
"obj/x64/Debug/net8.0-windows/Aimmy2_ozrror5y_wpftmp.assets.cache","Custom-only","Build-or-runtime-review","36246",,"A4D00EAB46C95300753474511639C6002C61FACD1E984DB345D606D5E77DCBB7",
"obj/x64/Debug/net8.0-windows/Aimmy2_ozrror5y_wpftmp.csproj.BuildWithSkipAnalyzers","Custom-only","Build-or-runtime-review","0",,"E3B0C44298FC1C149AFBF4C8996FB92427AE41E4649B934CA495991B7852B855",
"obj/x64/Debug/net8.0-windows/Aimmy2_ozrror5y_wpftmp.GeneratedMSBuildEditorConfig.editorconfig","Custom-only","Build-or-runtime-review","1149",,"82A2A9623CDA906D56014E452685D4E9051AC711A515221145F7E6D01B7596D9",
"obj/x64/Debug/net8.0-windows/Aimmy2_ozrror5y_wpftmp.GlobalUsings.g.cs","Custom-only","Build-or-runtime-review","183",,"FE45EA572AADFD1A9B54CF7251405CFA11B748CA88B034F06A724D49758CED2D",
"obj/x64/Debug/net8.0-windows/Aimmy2_p2nun1ud_wpftmp.AssemblyInfo.cs","Custom-only","Build-or-runtime-review","1174",,"C2EE451CD149B2DEC17A341AD1D3BF0A44858776D43EDF436A126C6AAE80D41C",
"obj/x64/Debug/net8.0-windows/Aimmy2_p2nun1ud_wpftmp.AssemblyInfoInputs.cache","Custom-only","Build-or-runtime-review","66",,"1FED0A160B24DC1F879F46CA141E0188509F20AA0E1E75E0118772B9216E8C62",
"obj/x64/Debug/net8.0-windows/Aimmy2_p2nun1ud_wpftmp.assets.cache","Custom-only","Build-or-runtime-review","36246",,"8D1DC591CDA74C4D26AC3BEB1E0A146FF7E29E9CBBD3F3DEDD02C4E49A763346",
"obj/x64/Debug/net8.0-windows/Aimmy2_p2nun1ud_wpftmp.csproj.BuildWithSkipAnalyzers","Custom-only","Build-or-runtime-review","0",,"E3B0C44298FC1C149AFBF4C8996FB92427AE41E4649B934CA495991B7852B855",
"obj/x64/Debug/net8.0-windows/Aimmy2_p2nun1ud_wpftmp.GeneratedMSBuildEditorConfig.editorconfig","Custom-only","Build-or-runtime-review","819",,"3EF9182B52BEC39BB699BFEDA752F9503391A74FEF47E0F28DE1EF6BBECF8217",
"obj/x64/Debug/net8.0-windows/Aimmy2_p2nun1ud_wpftmp.GlobalUsings.g.cs","Custom-only","Build-or-runtime-review","183",,"FE45EA572AADFD1A9B54CF7251405CFA11B748CA88B034F06A724D49758CED2D",
"obj/x64/Debug/net8.0-windows/Aimmy2_p3qk10fs_wpftmp.AssemblyInfo.cs","Custom-only","Build-or-runtime-review","1174",,"C2EE451CD149B2DEC17A341AD1D3BF0A44858776D43EDF436A126C6AAE80D41C",
"obj/x64/Debug/net8.0-windows/Aimmy2_p3qk10fs_wpftmp.AssemblyInfoInputs.cache","Custom-only","Build-or-runtime-review","66",,"1FED0A160B24DC1F879F46CA141E0188509F20AA0E1E75E0118772B9216E8C62",
"obj/x64/Debug/net8.0-windows/Aimmy2_p3qk10fs_wpftmp.assets.cache","Custom-only","Build-or-runtime-review","36246",,"4DDFD5EA976E3A6A610436BCBBA032ABA1D34963371A518CFA4D33DE2DE764E3",
"obj/x64/Debug/net8.0-windows/Aimmy2_p3qk10fs_wpftmp.csproj.BuildWithSkipAnalyzers","Custom-only","Build-or-runtime-review","0",,"E3B0C44298FC1C149AFBF4C8996FB92427AE41E4649B934CA495991B7852B855",
"obj/x64/Debug/net8.0-windows/Aimmy2_p3qk10fs_wpftmp.GeneratedMSBuildEditorConfig.editorconfig","Custom-only","Build-or-runtime-review","819",,"3EF9182B52BEC39BB699BFEDA752F9503391A74FEF47E0F28DE1EF6BBECF8217",
"obj/x64/Debug/net8.0-windows/Aimmy2_p3qk10fs_wpftmp.GlobalUsings.g.cs","Custom-only","Build-or-runtime-review","183",,"FE45EA572AADFD1A9B54CF7251405CFA11B748CA88B034F06A724D49758CED2D",
"obj/x64/Debug/net8.0-windows/Aimmy2_paqydxly_wpftmp.AssemblyInfo.cs","Custom-only","Build-or-runtime-review","1174",,"C2EE451CD149B2DEC17A341AD1D3BF0A44858776D43EDF436A126C6AAE80D41C",
"obj/x64/Debug/net8.0-windows/Aimmy2_paqydxly_wpftmp.AssemblyInfoInputs.cache","Custom-only","Build-or-runtime-review","66",,"1FED0A160B24DC1F879F46CA141E0188509F20AA0E1E75E0118772B9216E8C62",
"obj/x64/Debug/net8.0-windows/Aimmy2_paqydxly_wpftmp.assets.cache","Custom-only","Build-or-runtime-review","36246",,"B79DEE6A2FF6C92413C432A9F822C82331F32A23D5BF0352192477A0390EFD15",
"obj/x64/Debug/net8.0-windows/Aimmy2_paqydxly_wpftmp.csproj.BuildWithSkipAnalyzers","Custom-only","Build-or-runtime-review","0",,"E3B0C44298FC1C149AFBF4C8996FB92427AE41E4649B934CA495991B7852B855",
"obj/x64/Debug/net8.0-windows/Aimmy2_paqydxly_wpftmp.GeneratedMSBuildEditorConfig.editorconfig","Custom-only","Build-or-runtime-review","819",,"3EF9182B52BEC39BB699BFEDA752F9503391A74FEF47E0F28DE1EF6BBECF8217",
"obj/x64/Debug/net8.0-windows/Aimmy2_paqydxly_wpftmp.GlobalUsings.g.cs","Custom-only","Build-or-runtime-review","183",,"FE45EA572AADFD1A9B54CF7251405CFA11B748CA88B034F06A724D49758CED2D",
"obj/x64/Debug/net8.0-windows/Aimmy2_pcn2boen_wpftmp.AssemblyInfo.cs","Custom-only","Build-or-runtime-review","1174",,"C2EE451CD149B2DEC17A341AD1D3BF0A44858776D43EDF436A126C6AAE80D41C",
"obj/x64/Debug/net8.0-windows/Aimmy2_pcn2boen_wpftmp.AssemblyInfoInputs.cache","Custom-only","Build-or-runtime-review","66",,"1FED0A160B24DC1F879F46CA141E0188509F20AA0E1E75E0118772B9216E8C62",
"obj/x64/Debug/net8.0-windows/Aimmy2_pcn2boen_wpftmp.assets.cache","Custom-only","Build-or-runtime-review","36246",,"E0186E1E8CC4FCC8078DB887C53F269A2C533C7AD61AD732AF4D7F2D0677C751",
"obj/x64/Debug/net8.0-windows/Aimmy2_pcn2boen_wpftmp.csproj.BuildWithSkipAnalyzers","Custom-only","Build-or-runtime-review","0",,"E3B0C44298FC1C149AFBF4C8996FB92427AE41E4649B934CA495991B7852B855",
"obj/x64/Debug/net8.0-windows/Aimmy2_pcn2boen_wpftmp.GeneratedMSBuildEditorConfig.editorconfig","Custom-only","Build-or-runtime-review","819",,"3EF9182B52BEC39BB699BFEDA752F9503391A74FEF47E0F28DE1EF6BBECF8217",
"obj/x64/Debug/net8.0-windows/Aimmy2_pcn2boen_wpftmp.GlobalUsings.g.cs","Custom-only","Build-or-runtime-review","183",,"FE45EA572AADFD1A9B54CF7251405CFA11B748CA88B034F06A724D49758CED2D",
"obj/x64/Debug/net8.0-windows/Aimmy2_pf2fbrvj_wpftmp.AssemblyInfo.cs","Custom-only","Build-or-runtime-review","1174",,"C2EE451CD149B2DEC17A341AD1D3BF0A44858776D43EDF436A126C6AAE80D41C",
"obj/x64/Debug/net8.0-windows/Aimmy2_pf2fbrvj_wpftmp.AssemblyInfoInputs.cache","Custom-only","Build-or-runtime-review","66",,"1FED0A160B24DC1F879F46CA141E0188509F20AA0E1E75E0118772B9216E8C62",
"obj/x64/Debug/net8.0-windows/Aimmy2_pf2fbrvj_wpftmp.assets.cache","Custom-only","Build-or-runtime-review","36246",,"08D3641A43A2C3A2C565B9E747ED7A96F8E6B31E18D5F24EEFBB0DF7BFA3594F",
"obj/x64/Debug/net8.0-windows/Aimmy2_pf2fbrvj_wpftmp.csproj.BuildWithSkipAnalyzers","Custom-only","Build-or-runtime-review","0",,"E3B0C44298FC1C149AFBF4C8996FB92427AE41E4649B934CA495991B7852B855",
"obj/x64/Debug/net8.0-windows/Aimmy2_pf2fbrvj_wpftmp.GeneratedMSBuildEditorConfig.editorconfig","Custom-only","Build-or-runtime-review","819",,"3EF9182B52BEC39BB699BFEDA752F9503391A74FEF47E0F28DE1EF6BBECF8217",
"obj/x64/Debug/net8.0-windows/Aimmy2_pf2fbrvj_wpftmp.GlobalUsings.g.cs","Custom-only","Build-or-runtime-review","183",,"FE45EA572AADFD1A9B54CF7251405CFA11B748CA88B034F06A724D49758CED2D",
"obj/x64/Debug/net8.0-windows/Aimmy2_pfwhasum_wpftmp.AssemblyInfo.cs","Custom-only","Build-or-runtime-review","1174",,"C2EE451CD149B2DEC17A341AD1D3BF0A44858776D43EDF436A126C6AAE80D41C",
"obj/x64/Debug/net8.0-windows/Aimmy2_pfwhasum_wpftmp.AssemblyInfoInputs.cache","Custom-only","Build-or-runtime-review","66",,"1FED0A160B24DC1F879F46CA141E0188509F20AA0E1E75E0118772B9216E8C62",
"obj/x64/Debug/net8.0-windows/Aimmy2_pfwhasum_wpftmp.assets.cache","Custom-only","Build-or-runtime-review","36246",,"87D65DC824D931204C901F3AD6EBE7571DADA55C2E047DE227A9ABA2CC36202E",
"obj/x64/Debug/net8.0-windows/Aimmy2_pfwhasum_wpftmp.csproj.BuildWithSkipAnalyzers","Custom-only","Build-or-runtime-review","0",,"E3B0C44298FC1C149AFBF4C8996FB92427AE41E4649B934CA495991B7852B855",
"obj/x64/Debug/net8.0-windows/Aimmy2_pfwhasum_wpftmp.GeneratedMSBuildEditorConfig.editorconfig","Custom-only","Build-or-runtime-review","1149",,"98176DAE78CCB53DDE88AC657DFBA4937F1E53EC93DE7CDC1361C7885FEA94A9",
"obj/x64/Debug/net8.0-windows/Aimmy2_pfwhasum_wpftmp.GlobalUsings.g.cs","Custom-only","Build-or-runtime-review","183",,"FE45EA572AADFD1A9B54CF7251405CFA11B748CA88B034F06A724D49758CED2D",
"obj/x64/Debug/net8.0-windows/Aimmy2_pgbicgbv_wpftmp.AssemblyInfo.cs","Custom-only","Build-or-runtime-review","1174",,"C2EE451CD149B2DEC17A341AD1D3BF0A44858776D43EDF436A126C6AAE80D41C",
"obj/x64/Debug/net8.0-windows/Aimmy2_pgbicgbv_wpftmp.AssemblyInfoInputs.cache","Custom-only","Build-or-runtime-review","66",,"1FED0A160B24DC1F879F46CA141E0188509F20AA0E1E75E0118772B9216E8C62",
"obj/x64/Debug/net8.0-windows/Aimmy2_pgbicgbv_wpftmp.assets.cache","Custom-only","Build-or-runtime-review","37798",,"851A137249BCC66B368500C55F85FCA7C4B2B371D78E8AD216CB3EB12D4B17E4",
"obj/x64/Debug/net8.0-windows/Aimmy2_pgbicgbv_wpftmp.csproj.BuildWithSkipAnalyzers","Custom-only","Build-or-runtime-review","0",,"E3B0C44298FC1C149AFBF4C8996FB92427AE41E4649B934CA495991B7852B855",
"obj/x64/Debug/net8.0-windows/Aimmy2_pgbicgbv_wpftmp.GeneratedMSBuildEditorConfig.editorconfig","Custom-only","Build-or-runtime-review","1174",,"FE31C4AE4F7B5B5748CCFB9197539734FFEDFFECA99EE9C12453C7219560D797",
"obj/x64/Debug/net8.0-windows/Aimmy2_pgbicgbv_wpftmp.GlobalUsings.g.cs","Custom-only","Build-or-runtime-review","183",,"FE45EA572AADFD1A9B54CF7251405CFA11B748CA88B034F06A724D49758CED2D",
"obj/x64/Debug/net8.0-windows/Aimmy2_plbbqrui_wpftmp.AssemblyInfo.cs","Custom-only","Build-or-runtime-review","1174",,"C2EE451CD149B2DEC17A341AD1D3BF0A44858776D43EDF436A126C6AAE80D41C",
"obj/x64/Debug/net8.0-windows/Aimmy2_plbbqrui_wpftmp.AssemblyInfoInputs.cache","Custom-only","Build-or-runtime-review","66",,"1FED0A160B24DC1F879F46CA141E0188509F20AA0E1E75E0118772B9216E8C62",
"obj/x64/Debug/net8.0-windows/Aimmy2_plbbqrui_wpftmp.assets.cache","Custom-only","Build-or-runtime-review","36246",,"CF39FD414D2D5F1072F61806EB7AE992471465297ED763D2CE8C37F4A2B87B99",
"obj/x64/Debug/net8.0-windows/Aimmy2_plbbqrui_wpftmp.csproj.BuildWithSkipAnalyzers","Custom-only","Build-or-runtime-review","0",,"E3B0C44298FC1C149AFBF4C8996FB92427AE41E4649B934CA495991B7852B855",
"obj/x64/Debug/net8.0-windows/Aimmy2_plbbqrui_wpftmp.GeneratedMSBuildEditorConfig.editorconfig","Custom-only","Build-or-runtime-review","819",,"3EF9182B52BEC39BB699BFEDA752F9503391A74FEF47E0F28DE1EF6BBECF8217",
"obj/x64/Debug/net8.0-windows/Aimmy2_plbbqrui_wpftmp.GlobalUsings.g.cs","Custom-only","Build-or-runtime-review","183",,"FE45EA572AADFD1A9B54CF7251405CFA11B748CA88B034F06A724D49758CED2D",
"obj/x64/Debug/net8.0-windows/Aimmy2_plfkjsr0_wpftmp.AssemblyInfo.cs","Custom-only","Build-or-runtime-review","1174",,"C2EE451CD149B2DEC17A341AD1D3BF0A44858776D43EDF436A126C6AAE80D41C",
"obj/x64/Debug/net8.0-windows/Aimmy2_plfkjsr0_wpftmp.AssemblyInfoInputs.cache","Custom-only","Build-or-runtime-review","66",,"1FED0A160B24DC1F879F46CA141E0188509F20AA0E1E75E0118772B9216E8C62",
"obj/x64/Debug/net8.0-windows/Aimmy2_plfkjsr0_wpftmp.assets.cache","Custom-only","Build-or-runtime-review","36246",,"8A2C69A41E4BAE980A9D00BFFB468C1E57BE6E7C707CAA62A2BA5EC57D457BBA",
"obj/x64/Debug/net8.0-windows/Aimmy2_plfkjsr0_wpftmp.csproj.BuildWithSkipAnalyzers","Custom-only","Build-or-runtime-review","0",,"E3B0C44298FC1C149AFBF4C8996FB92427AE41E4649B934CA495991B7852B855",
"obj/x64/Debug/net8.0-windows/Aimmy2_plfkjsr0_wpftmp.GeneratedMSBuildEditorConfig.editorconfig","Custom-only","Build-or-runtime-review","819",,"3EF9182B52BEC39BB699BFEDA752F9503391A74FEF47E0F28DE1EF6BBECF8217",
"obj/x64/Debug/net8.0-windows/Aimmy2_plfkjsr0_wpftmp.GlobalUsings.g.cs","Custom-only","Build-or-runtime-review","183",,"FE45EA572AADFD1A9B54CF7251405CFA11B748CA88B034F06A724D49758CED2D",
"obj/x64/Debug/net8.0-windows/Aimmy2_pmpdn4e0_wpftmp.AssemblyInfo.cs","Custom-only","Build-or-runtime-review","1174",,"C2EE451CD149B2DEC17A341AD1D3BF0A44858776D43EDF436A126C6AAE80D41C",
"obj/x64/Debug/net8.0-windows/Aimmy2_pmpdn4e0_wpftmp.AssemblyInfoInputs.cache","Custom-only","Build-or-runtime-review","66",,"1FED0A160B24DC1F879F46CA141E0188509F20AA0E1E75E0118772B9216E8C62",
"obj/x64/Debug/net8.0-windows/Aimmy2_pmpdn4e0_wpftmp.assets.cache","Custom-only","Build-or-runtime-review","36246",,"C1F02A84CABA2D5DD000C9AEAE8234D423D056C444401CC64C83FE9A21095218",
"obj/x64/Debug/net8.0-windows/Aimmy2_pmpdn4e0_wpftmp.csproj.BuildWithSkipAnalyzers","Custom-only","Build-or-runtime-review","0",,"E3B0C44298FC1C149AFBF4C8996FB92427AE41E4649B934CA495991B7852B855",
"obj/x64/Debug/net8.0-windows/Aimmy2_pmpdn4e0_wpftmp.GeneratedMSBuildEditorConfig.editorconfig","Custom-only","Build-or-runtime-review","1089",,"CC748429AEA0ACF5AEA2FB723D077EF8D4DEE0BE87B2A471315C2527C73E7F58",
"obj/x64/Debug/net8.0-windows/Aimmy2_pmpdn4e0_wpftmp.GlobalUsings.g.cs","Custom-only","Build-or-runtime-review","183",,"FE45EA572AADFD1A9B54CF7251405CFA11B748CA88B034F06A724D49758CED2D",
"obj/x64/Debug/net8.0-windows/Aimmy2_pnaonop4_wpftmp.AssemblyInfo.cs","Custom-only","Build-or-runtime-review","1174",,"C2EE451CD149B2DEC17A341AD1D3BF0A44858776D43EDF436A126C6AAE80D41C",
"obj/x64/Debug/net8.0-windows/Aimmy2_pnaonop4_wpftmp.AssemblyInfoInputs.cache","Custom-only","Build-or-runtime-review","66",,"1FED0A160B24DC1F879F46CA141E0188509F20AA0E1E75E0118772B9216E8C62",
"obj/x64/Debug/net8.0-windows/Aimmy2_pnaonop4_wpftmp.assets.cache","Custom-only","Build-or-runtime-review","36246",,"D2CF6D29AAD216526D93C2F614F4980874B5C3F77D861D20D38E290386F5D1E0",
"obj/x64/Debug/net8.0-windows/Aimmy2_pnaonop4_wpftmp.csproj.BuildWithSkipAnalyzers","Custom-only","Build-or-runtime-review","0",,"E3B0C44298FC1C149AFBF4C8996FB92427AE41E4649B934CA495991B7852B855",
"obj/x64/Debug/net8.0-windows/Aimmy2_pnaonop4_wpftmp.GeneratedMSBuildEditorConfig.editorconfig","Custom-only","Build-or-runtime-review","819",,"3EF9182B52BEC39BB699BFEDA752F9503391A74FEF47E0F28DE1EF6BBECF8217",
"obj/x64/Debug/net8.0-windows/Aimmy2_pnaonop4_wpftmp.GlobalUsings.g.cs","Custom-only","Build-or-runtime-review","183",,"FE45EA572AADFD1A9B54CF7251405CFA11B748CA88B034F06A724D49758CED2D",
"obj/x64/Debug/net8.0-windows/Aimmy2_pnjounzf_wpftmp.AssemblyInfo.cs","Custom-only","Build-or-runtime-review","1174",,"C2EE451CD149B2DEC17A341AD1D3BF0A44858776D43EDF436A126C6AAE80D41C",
"obj/x64/Debug/net8.0-windows/Aimmy2_pnjounzf_wpftmp.AssemblyInfoInputs.cache","Custom-only","Build-or-runtime-review","66",,"1FED0A160B24DC1F879F46CA141E0188509F20AA0E1E75E0118772B9216E8C62",
"obj/x64/Debug/net8.0-windows/Aimmy2_pnjounzf_wpftmp.assets.cache","Custom-only","Build-or-runtime-review","36246",,"92785A467C5FE03ABBDFE4073376F3A0E97B146AC41F61F98675BCC8374C72EA",
"obj/x64/Debug/net8.0-windows/Aimmy2_pnjounzf_wpftmp.csproj.BuildWithSkipAnalyzers","Custom-only","Build-or-runtime-review","0",,"E3B0C44298FC1C149AFBF4C8996FB92427AE41E4649B934CA495991B7852B855",
"obj/x64/Debug/net8.0-windows/Aimmy2_pnjounzf_wpftmp.GeneratedMSBuildEditorConfig.editorconfig","Custom-only","Build-or-runtime-review","819",,"3EF9182B52BEC39BB699BFEDA752F9503391A74FEF47E0F28DE1EF6BBECF8217",
"obj/x64/Debug/net8.0-windows/Aimmy2_pnjounzf_wpftmp.GlobalUsings.g.cs","Custom-only","Build-or-runtime-review","183",,"FE45EA572AADFD1A9B54CF7251405CFA11B748CA88B034F06A724D49758CED2D",
"obj/x64/Debug/net8.0-windows/Aimmy2_ppxjw45i_wpftmp.AssemblyInfo.cs","Custom-only","Build-or-runtime-review","1174",,"C2EE451CD149B2DEC17A341AD1D3BF0A44858776D43EDF436A126C6AAE80D41C",
"obj/x64/Debug/net8.0-windows/Aimmy2_ppxjw45i_wpftmp.AssemblyInfoInputs.cache","Custom-only","Build-or-runtime-review","66",,"1FED0A160B24DC1F879F46CA141E0188509F20AA0E1E75E0118772B9216E8C62",
"obj/x64/Debug/net8.0-windows/Aimmy2_ppxjw45i_wpftmp.assets.cache","Custom-only","Build-or-runtime-review","36246",,"5E84EF667BB12595800E3F3F7809318F8C676493A7FCD4522FC4005FE017910E",
"obj/x64/Debug/net8.0-windows/Aimmy2_ppxjw45i_wpftmp.csproj.BuildWithSkipAnalyzers","Custom-only","Build-or-runtime-review","0",,"E3B0C44298FC1C149AFBF4C8996FB92427AE41E4649B934CA495991B7852B855",
"obj/x64/Debug/net8.0-windows/Aimmy2_ppxjw45i_wpftmp.GeneratedMSBuildEditorConfig.editorconfig","Custom-only","Build-or-runtime-review","1149",,"82A2A9623CDA906D56014E452685D4E9051AC711A515221145F7E6D01B7596D9",
"obj/x64/Debug/net8.0-windows/Aimmy2_ppxjw45i_wpftmp.GlobalUsings.g.cs","Custom-only","Build-or-runtime-review","183",,"FE45EA572AADFD1A9B54CF7251405CFA11B748CA88B034F06A724D49758CED2D",
"obj/x64/Debug/net8.0-windows/Aimmy2_q2grdoob_wpftmp.AssemblyInfo.cs","Custom-only","Build-or-runtime-review","1174",,"C2EE451CD149B2DEC17A341AD1D3BF0A44858776D43EDF436A126C6AAE80D41C",
"obj/x64/Debug/net8.0-windows/Aimmy2_q2grdoob_wpftmp.AssemblyInfoInputs.cache","Custom-only","Build-or-runtime-review","66",,"1FED0A160B24DC1F879F46CA141E0188509F20AA0E1E75E0118772B9216E8C62",
"obj/x64/Debug/net8.0-windows/Aimmy2_q2grdoob_wpftmp.assets.cache","Custom-only","Build-or-runtime-review","36246",,"42E436529B601A00170AFB105355975BED6D06A2921F7E1C118C1431C892102D",
"obj/x64/Debug/net8.0-windows/Aimmy2_q2grdoob_wpftmp.csproj.BuildWithSkipAnalyzers","Custom-only","Build-or-runtime-review","0",,"E3B0C44298FC1C149AFBF4C8996FB92427AE41E4649B934CA495991B7852B855",
"obj/x64/Debug/net8.0-windows/Aimmy2_q2grdoob_wpftmp.GeneratedMSBuildEditorConfig.editorconfig","Custom-only","Build-or-runtime-review","1087",,"C366639FD103F2DFAF1CEAC8F5F050E5B15FAA45E2DDDF371B29998033B4FDB2",
"obj/x64/Debug/net8.0-windows/Aimmy2_q2grdoob_wpftmp.GlobalUsings.g.cs","Custom-only","Build-or-runtime-review","183",,"FE45EA572AADFD1A9B54CF7251405CFA11B748CA88B034F06A724D49758CED2D",
"obj/x64/Debug/net8.0-windows/Aimmy2_q3mnr0ri_wpftmp.AssemblyInfo.cs","Custom-only","Build-or-runtime-review","1174",,"C2EE451CD149B2DEC17A341AD1D3BF0A44858776D43EDF436A126C6AAE80D41C",
"obj/x64/Debug/net8.0-windows/Aimmy2_q3mnr0ri_wpftmp.AssemblyInfoInputs.cache","Custom-only","Build-or-runtime-review","66",,"1FED0A160B24DC1F879F46CA141E0188509F20AA0E1E75E0118772B9216E8C62",
"obj/x64/Debug/net8.0-windows/Aimmy2_q3mnr0ri_wpftmp.assets.cache","Custom-only","Build-or-runtime-review","36246",,"7FB0F7C6E0126A385BF6BE82A182F1A63AB908A155BCBFE41477E088167A9621",
"obj/x64/Debug/net8.0-windows/Aimmy2_q3mnr0ri_wpftmp.csproj.BuildWithSkipAnalyzers","Custom-only","Build-or-runtime-review","0",,"E3B0C44298FC1C149AFBF4C8996FB92427AE41E4649B934CA495991B7852B855",
"obj/x64/Debug/net8.0-windows/Aimmy2_q3mnr0ri_wpftmp.GeneratedMSBuildEditorConfig.editorconfig","Custom-only","Build-or-runtime-review","819",,"3EF9182B52BEC39BB699BFEDA752F9503391A74FEF47E0F28DE1EF6BBECF8217",
"obj/x64/Debug/net8.0-windows/Aimmy2_q3mnr0ri_wpftmp.GlobalUsings.g.cs","Custom-only","Build-or-runtime-review","183",,"FE45EA572AADFD1A9B54CF7251405CFA11B748CA88B034F06A724D49758CED2D",
"obj/x64/Debug/net8.0-windows/Aimmy2_qcihiqvh_wpftmp.AssemblyInfo.cs","Custom-only","Build-or-runtime-review","1174",,"C2EE451CD149B2DEC17A341AD1D3BF0A44858776D43EDF436A126C6AAE80D41C",
"obj/x64/Debug/net8.0-windows/Aimmy2_qcihiqvh_wpftmp.AssemblyInfoInputs.cache","Custom-only","Build-or-runtime-review","66",,"1FED0A160B24DC1F879F46CA141E0188509F20AA0E1E75E0118772B9216E8C62",
"obj/x64/Debug/net8.0-windows/Aimmy2_qcihiqvh_wpftmp.assets.cache","Custom-only","Build-or-runtime-review","36246",,"AF0309BA0E8A1E079C4EF08CCAE3D63D998F92971B041A19FF8181B512D7EF49",
"obj/x64/Debug/net8.0-windows/Aimmy2_qcihiqvh_wpftmp.csproj.BuildWithSkipAnalyzers","Custom-only","Build-or-runtime-review","0",,"E3B0C44298FC1C149AFBF4C8996FB92427AE41E4649B934CA495991B7852B855",
"obj/x64/Debug/net8.0-windows/Aimmy2_qcihiqvh_wpftmp.GeneratedMSBuildEditorConfig.editorconfig","Custom-only","Build-or-runtime-review","819",,"3EF9182B52BEC39BB699BFEDA752F9503391A74FEF47E0F28DE1EF6BBECF8217",
"obj/x64/Debug/net8.0-windows/Aimmy2_qcihiqvh_wpftmp.GlobalUsings.g.cs","Custom-only","Build-or-runtime-review","183",,"FE45EA572AADFD1A9B54CF7251405CFA11B748CA88B034F06A724D49758CED2D",
"obj/x64/Debug/net8.0-windows/Aimmy2_qd0agnhz_wpftmp.AssemblyInfo.cs","Custom-only","Build-or-runtime-review","1174",,"C2EE451CD149B2DEC17A341AD1D3BF0A44858776D43EDF436A126C6AAE80D41C",
"obj/x64/Debug/net8.0-windows/Aimmy2_qd0agnhz_wpftmp.AssemblyInfoInputs.cache","Custom-only","Build-or-runtime-review","66",,"1FED0A160B24DC1F879F46CA141E0188509F20AA0E1E75E0118772B9216E8C62",
"obj/x64/Debug/net8.0-windows/Aimmy2_qd0agnhz_wpftmp.assets.cache","Custom-only","Build-or-runtime-review","36246",,"A66A73397375F66F27EECAE5E50FEACBFFDF5516C054A18704801E23C0BA34B6",
"obj/x64/Debug/net8.0-windows/Aimmy2_qd0agnhz_wpftmp.csproj.BuildWithSkipAnalyzers","Custom-only","Build-or-runtime-review","0",,"E3B0C44298FC1C149AFBF4C8996FB92427AE41E4649B934CA495991B7852B855",
"obj/x64/Debug/net8.0-windows/Aimmy2_qd0agnhz_wpftmp.GeneratedMSBuildEditorConfig.editorconfig","Custom-only","Build-or-runtime-review","1149",,"82A2A9623CDA906D56014E452685D4E9051AC711A515221145F7E6D01B7596D9",
"obj/x64/Debug/net8.0-windows/Aimmy2_qd0agnhz_wpftmp.GlobalUsings.g.cs","Custom-only","Build-or-runtime-review","183",,"FE45EA572AADFD1A9B54CF7251405CFA11B748CA88B034F06A724D49758CED2D",
"obj/x64/Debug/net8.0-windows/Aimmy2_qjeltmke_wpftmp.AssemblyInfo.cs","Custom-only","Build-or-runtime-review","1174",,"C2EE451CD149B2DEC17A341AD1D3BF0A44858776D43EDF436A126C6AAE80D41C",
"obj/x64/Debug/net8.0-windows/Aimmy2_qjeltmke_wpftmp.AssemblyInfoInputs.cache","Custom-only","Build-or-runtime-review","66",,"1FED0A160B24DC1F879F46CA141E0188509F20AA0E1E75E0118772B9216E8C62",
"obj/x64/Debug/net8.0-windows/Aimmy2_qjeltmke_wpftmp.assets.cache","Custom-only","Build-or-runtime-review","37798",,"39EBB6E8992C072FB15D6367F9586CFFA5320A254EE248C011973281C072A763",
"obj/x64/Debug/net8.0-windows/Aimmy2_qjeltmke_wpftmp.csproj.BuildWithSkipAnalyzers","Custom-only","Build-or-runtime-review","0",,"E3B0C44298FC1C149AFBF4C8996FB92427AE41E4649B934CA495991B7852B855",
"obj/x64/Debug/net8.0-windows/Aimmy2_qjeltmke_wpftmp.GeneratedMSBuildEditorConfig.editorconfig","Custom-only","Build-or-runtime-review","1174",,"6756CDDBE904F2EC3174E57A9127FC0F3475C50D52AA8B79B33E470B7DD648F1",
"obj/x64/Debug/net8.0-windows/Aimmy2_qjeltmke_wpftmp.GlobalUsings.g.cs","Custom-only","Build-or-runtime-review","183",,"FE45EA572AADFD1A9B54CF7251405CFA11B748CA88B034F06A724D49758CED2D",
"obj/x64/Debug/net8.0-windows/Aimmy2_qkbjxnqi_wpftmp.AssemblyInfo.cs","Custom-only","Build-or-runtime-review","1174",,"C2EE451CD149B2DEC17A341AD1D3BF0A44858776D43EDF436A126C6AAE80D41C",
"obj/x64/Debug/net8.0-windows/Aimmy2_qkbjxnqi_wpftmp.AssemblyInfoInputs.cache","Custom-only","Build-or-runtime-review","66",,"1FED0A160B24DC1F879F46CA141E0188509F20AA0E1E75E0118772B9216E8C62",
"obj/x64/Debug/net8.0-windows/Aimmy2_qkbjxnqi_wpftmp.assets.cache","Custom-only","Build-or-runtime-review","36246",,"78E91CF9ED14CB63504A816DB3BF7C2CDA3EE27FF7333F3EB8BE0CDB11F34D70",
"obj/x64/Debug/net8.0-windows/Aimmy2_qkbjxnqi_wpftmp.csproj.BuildWithSkipAnalyzers","Custom-only","Build-or-runtime-review","0",,"E3B0C44298FC1C149AFBF4C8996FB92427AE41E4649B934CA495991B7852B855",
"obj/x64/Debug/net8.0-windows/Aimmy2_qkbjxnqi_wpftmp.GeneratedMSBuildEditorConfig.editorconfig","Custom-only","Build-or-runtime-review","819",,"3EF9182B52BEC39BB699BFEDA752F9503391A74FEF47E0F28DE1EF6BBECF8217",
"obj/x64/Debug/net8.0-windows/Aimmy2_qkbjxnqi_wpftmp.GlobalUsings.g.cs","Custom-only","Build-or-runtime-review","183",,"FE45EA572AADFD1A9B54CF7251405CFA11B748CA88B034F06A724D49758CED2D",
"obj/x64/Debug/net8.0-windows/Aimmy2_qlxvw5qb_wpftmp.AssemblyInfo.cs","Custom-only","Build-or-runtime-review","1174",,"C2EE451CD149B2DEC17A341AD1D3BF0A44858776D43EDF436A126C6AAE80D41C",
"obj/x64/Debug/net8.0-windows/Aimmy2_qlxvw5qb_wpftmp.AssemblyInfoInputs.cache","Custom-only","Build-or-runtime-review","66",,"1FED0A160B24DC1F879F46CA141E0188509F20AA0E1E75E0118772B9216E8C62",
"obj/x64/Debug/net8.0-windows/Aimmy2_qlxvw5qb_wpftmp.assets.cache","Custom-only","Build-or-runtime-review","36246",,"7B22070E69E669D39ED340936F04B90BE96AC4C01F4FAA297DB5A9F459BC131D",
"obj/x64/Debug/net8.0-windows/Aimmy2_qlxvw5qb_wpftmp.csproj.BuildWithSkipAnalyzers","Custom-only","Build-or-runtime-review","0",,"E3B0C44298FC1C149AFBF4C8996FB92427AE41E4649B934CA495991B7852B855",
"obj/x64/Debug/net8.0-windows/Aimmy2_qlxvw5qb_wpftmp.GeneratedMSBuildEditorConfig.editorconfig","Custom-only","Build-or-runtime-review","819",,"3EF9182B52BEC39BB699BFEDA752F9503391A74FEF47E0F28DE1EF6BBECF8217",
"obj/x64/Debug/net8.0-windows/Aimmy2_qlxvw5qb_wpftmp.GlobalUsings.g.cs","Custom-only","Build-or-runtime-review","183",,"FE45EA572AADFD1A9B54CF7251405CFA11B748CA88B034F06A724D49758CED2D",
"obj/x64/Debug/net8.0-windows/Aimmy2_qmpkgmli_wpftmp.AssemblyInfo.cs","Custom-only","Build-or-runtime-review","1174",,"C2EE451CD149B2DEC17A341AD1D3BF0A44858776D43EDF436A126C6AAE80D41C",
"obj/x64/Debug/net8.0-windows/Aimmy2_qmpkgmli_wpftmp.AssemblyInfoInputs.cache","Custom-only","Build-or-runtime-review","66",,"1FED0A160B24DC1F879F46CA141E0188509F20AA0E1E75E0118772B9216E8C62",
"obj/x64/Debug/net8.0-windows/Aimmy2_qmpkgmli_wpftmp.assets.cache","Custom-only","Build-or-runtime-review","36246",,"D503133FC429775CF55CE142776795E5D8AF097C1FA5278519840B18D7F89549",
"obj/x64/Debug/net8.0-windows/Aimmy2_qmpkgmli_wpftmp.csproj.BuildWithSkipAnalyzers","Custom-only","Build-or-runtime-review","0",,"E3B0C44298FC1C149AFBF4C8996FB92427AE41E4649B934CA495991B7852B855",
"obj/x64/Debug/net8.0-windows/Aimmy2_qmpkgmli_wpftmp.GeneratedMSBuildEditorConfig.editorconfig","Custom-only","Build-or-runtime-review","819",,"3EF9182B52BEC39BB699BFEDA752F9503391A74FEF47E0F28DE1EF6BBECF8217",
"obj/x64/Debug/net8.0-windows/Aimmy2_qmpkgmli_wpftmp.GlobalUsings.g.cs","Custom-only","Build-or-runtime-review","183",,"FE45EA572AADFD1A9B54CF7251405CFA11B748CA88B034F06A724D49758CED2D",
"obj/x64/Debug/net8.0-windows/Aimmy2_qtb0nobo_wpftmp.AssemblyInfo.cs","Custom-only","Build-or-runtime-review","1174",,"C2EE451CD149B2DEC17A341AD1D3BF0A44858776D43EDF436A126C6AAE80D41C",
"obj/x64/Debug/net8.0-windows/Aimmy2_qtb0nobo_wpftmp.AssemblyInfoInputs.cache","Custom-only","Build-or-runtime-review","66",,"1FED0A160B24DC1F879F46CA141E0188509F20AA0E1E75E0118772B9216E8C62",
"obj/x64/Debug/net8.0-windows/Aimmy2_qtb0nobo_wpftmp.assets.cache","Custom-only","Build-or-runtime-review","36246",,"3A7D14975C914D2BA6D663BC20DDEA14606B676210278890A4CC1D0AB08F1989",
"obj/x64/Debug/net8.0-windows/Aimmy2_qtb0nobo_wpftmp.csproj.BuildWithSkipAnalyzers","Custom-only","Build-or-runtime-review","0",,"E3B0C44298FC1C149AFBF4C8996FB92427AE41E4649B934CA495991B7852B855",
"obj/x64/Debug/net8.0-windows/Aimmy2_qtb0nobo_wpftmp.GeneratedMSBuildEditorConfig.editorconfig","Custom-only","Build-or-runtime-review","819",,"3EF9182B52BEC39BB699BFEDA752F9503391A74FEF47E0F28DE1EF6BBECF8217",
"obj/x64/Debug/net8.0-windows/Aimmy2_qtb0nobo_wpftmp.GlobalUsings.g.cs","Custom-only","Build-or-runtime-review","183",,"FE45EA572AADFD1A9B54CF7251405CFA11B748CA88B034F06A724D49758CED2D",
"obj/x64/Debug/net8.0-windows/Aimmy2_quimf4p3_wpftmp.AssemblyInfo.cs","Custom-only","Build-or-runtime-review","1174",,"C2EE451CD149B2DEC17A341AD1D3BF0A44858776D43EDF436A126C6AAE80D41C",
"obj/x64/Debug/net8.0-windows/Aimmy2_quimf4p3_wpftmp.AssemblyInfoInputs.cache","Custom-only","Build-or-runtime-review","66",,"1FED0A160B24DC1F879F46CA141E0188509F20AA0E1E75E0118772B9216E8C62",
"obj/x64/Debug/net8.0-windows/Aimmy2_quimf4p3_wpftmp.assets.cache","Custom-only","Build-or-runtime-review","36246",,"893128193B8931B645E8ACBFD3F1B25BFDFE432CF50C701EEE459C2096646339",
"obj/x64/Debug/net8.0-windows/Aimmy2_quimf4p3_wpftmp.csproj.BuildWithSkipAnalyzers","Custom-only","Build-or-runtime-review","0",,"E3B0C44298FC1C149AFBF4C8996FB92427AE41E4649B934CA495991B7852B855",
"obj/x64/Debug/net8.0-windows/Aimmy2_quimf4p3_wpftmp.GeneratedMSBuildEditorConfig.editorconfig","Custom-only","Build-or-runtime-review","1149",,"98176DAE78CCB53DDE88AC657DFBA4937F1E53EC93DE7CDC1361C7885FEA94A9",
"obj/x64/Debug/net8.0-windows/Aimmy2_quimf4p3_wpftmp.GlobalUsings.g.cs","Custom-only","Build-or-runtime-review","183",,"FE45EA572AADFD1A9B54CF7251405CFA11B748CA88B034F06A724D49758CED2D",
"obj/x64/Debug/net8.0-windows/Aimmy2_qukymcec_wpftmp.AssemblyInfo.cs","Custom-only","Build-or-runtime-review","1174",,"C2EE451CD149B2DEC17A341AD1D3BF0A44858776D43EDF436A126C6AAE80D41C",
"obj/x64/Debug/net8.0-windows/Aimmy2_qukymcec_wpftmp.AssemblyInfoInputs.cache","Custom-only","Build-or-runtime-review","66",,"1FED0A160B24DC1F879F46CA141E0188509F20AA0E1E75E0118772B9216E8C62",
"obj/x64/Debug/net8.0-windows/Aimmy2_qukymcec_wpftmp.assets.cache","Custom-only","Build-or-runtime-review","36246",,"3F152E7616D11291BE9E1EB01EBD3575AFEBA231915459AAE5872965CF569AC8",
"obj/x64/Debug/net8.0-windows/Aimmy2_qukymcec_wpftmp.csproj.BuildWithSkipAnalyzers","Custom-only","Build-or-runtime-review","0",,"E3B0C44298FC1C149AFBF4C8996FB92427AE41E4649B934CA495991B7852B855",
"obj/x64/Debug/net8.0-windows/Aimmy2_qukymcec_wpftmp.GeneratedMSBuildEditorConfig.editorconfig","Custom-only","Build-or-runtime-review","819",,"3EF9182B52BEC39BB699BFEDA752F9503391A74FEF47E0F28DE1EF6BBECF8217",
"obj/x64/Debug/net8.0-windows/Aimmy2_qukymcec_wpftmp.GlobalUsings.g.cs","Custom-only","Build-or-runtime-review","183",,"FE45EA572AADFD1A9B54CF7251405CFA11B748CA88B034F06A724D49758CED2D",
"obj/x64/Debug/net8.0-windows/Aimmy2_r01rtlvw_wpftmp.AssemblyInfo.cs","Custom-only","Build-or-runtime-review","1174",,"C2EE451CD149B2DEC17A341AD1D3BF0A44858776D43EDF436A126C6AAE80D41C",
"obj/x64/Debug/net8.0-windows/Aimmy2_r01rtlvw_wpftmp.AssemblyInfoInputs.cache","Custom-only","Build-or-runtime-review","66",,"1FED0A160B24DC1F879F46CA141E0188509F20AA0E1E75E0118772B9216E8C62",
"obj/x64/Debug/net8.0-windows/Aimmy2_r01rtlvw_wpftmp.assets.cache","Custom-only","Build-or-runtime-review","36246",,"EDDCDDDDD5F1FA2B8A8D059950DAB6EC1A6F148BB4C09C613A4ED8A7DE390335",
"obj/x64/Debug/net8.0-windows/Aimmy2_r01rtlvw_wpftmp.csproj.BuildWithSkipAnalyzers","Custom-only","Build-or-runtime-review","0",,"E3B0C44298FC1C149AFBF4C8996FB92427AE41E4649B934CA495991B7852B855",
"obj/x64/Debug/net8.0-windows/Aimmy2_r01rtlvw_wpftmp.GeneratedMSBuildEditorConfig.editorconfig","Custom-only","Build-or-runtime-review","819",,"3EF9182B52BEC39BB699BFEDA752F9503391A74FEF47E0F28DE1EF6BBECF8217",
"obj/x64/Debug/net8.0-windows/Aimmy2_r01rtlvw_wpftmp.GlobalUsings.g.cs","Custom-only","Build-or-runtime-review","183",,"FE45EA572AADFD1A9B54CF7251405CFA11B748CA88B034F06A724D49758CED2D",
"obj/x64/Debug/net8.0-windows/Aimmy2_ri15xpv1_wpftmp.AssemblyInfo.cs","Custom-only","Build-or-runtime-review","1174",,"C2EE451CD149B2DEC17A341AD1D3BF0A44858776D43EDF436A126C6AAE80D41C",
"obj/x64/Debug/net8.0-windows/Aimmy2_ri15xpv1_wpftmp.AssemblyInfoInputs.cache","Custom-only","Build-or-runtime-review","66",,"1FED0A160B24DC1F879F46CA141E0188509F20AA0E1E75E0118772B9216E8C62",
"obj/x64/Debug/net8.0-windows/Aimmy2_ri15xpv1_wpftmp.assets.cache","Custom-only","Build-or-runtime-review","36246",,"32D864315B6572C79DC8BFAAF74022FCA9870E1DB889257DE348505D9673BAF7",
"obj/x64/Debug/net8.0-windows/Aimmy2_ri15xpv1_wpftmp.csproj.BuildWithSkipAnalyzers","Custom-only","Build-or-runtime-review","0",,"E3B0C44298FC1C149AFBF4C8996FB92427AE41E4649B934CA495991B7852B855",
"obj/x64/Debug/net8.0-windows/Aimmy2_ri15xpv1_wpftmp.GeneratedMSBuildEditorConfig.editorconfig","Custom-only","Build-or-runtime-review","819",,"3EF9182B52BEC39BB699BFEDA752F9503391A74FEF47E0F28DE1EF6BBECF8217",
"obj/x64/Debug/net8.0-windows/Aimmy2_ri15xpv1_wpftmp.GlobalUsings.g.cs","Custom-only","Build-or-runtime-review","183",,"FE45EA572AADFD1A9B54CF7251405CFA11B748CA88B034F06A724D49758CED2D",
"obj/x64/Debug/net8.0-windows/Aimmy2_rlrjrezp_wpftmp.AssemblyInfo.cs","Custom-only","Build-or-runtime-review","1174",,"C2EE451CD149B2DEC17A341AD1D3BF0A44858776D43EDF436A126C6AAE80D41C",
"obj/x64/Debug/net8.0-windows/Aimmy2_rlrjrezp_wpftmp.AssemblyInfoInputs.cache","Custom-only","Build-or-runtime-review","66",,"1FED0A160B24DC1F879F46CA141E0188509F20AA0E1E75E0118772B9216E8C62",
"obj/x64/Debug/net8.0-windows/Aimmy2_rlrjrezp_wpftmp.assets.cache","Custom-only","Build-or-runtime-review","36246",,"624449CC0CC9A569F54AFAB5FF6BA2BB4A1E7DD2A2A37E35AD884F47BC045328",
"obj/x64/Debug/net8.0-windows/Aimmy2_rlrjrezp_wpftmp.csproj.BuildWithSkipAnalyzers","Custom-only","Build-or-runtime-review","0",,"E3B0C44298FC1C149AFBF4C8996FB92427AE41E4649B934CA495991B7852B855",
"obj/x64/Debug/net8.0-windows/Aimmy2_rlrjrezp_wpftmp.GeneratedMSBuildEditorConfig.editorconfig","Custom-only","Build-or-runtime-review","1084",,"6CF57F2AD104FF1DECD63B754F5DA77BB1616CA9C458547AD0E30573D593ED85",
"obj/x64/Debug/net8.0-windows/Aimmy2_rlrjrezp_wpftmp.GlobalUsings.g.cs","Custom-only","Build-or-runtime-review","183",,"FE45EA572AADFD1A9B54CF7251405CFA11B748CA88B034F06A724D49758CED2D",
"obj/x64/Debug/net8.0-windows/Aimmy2_rmbhx5xs_wpftmp.AssemblyInfo.cs","Custom-only","Build-or-runtime-review","1174",,"C2EE451CD149B2DEC17A341AD1D3BF0A44858776D43EDF436A126C6AAE80D41C",
"obj/x64/Debug/net8.0-windows/Aimmy2_rmbhx5xs_wpftmp.AssemblyInfoInputs.cache","Custom-only","Build-or-runtime-review","66",,"1FED0A160B24DC1F879F46CA141E0188509F20AA0E1E75E0118772B9216E8C62",
"obj/x64/Debug/net8.0-windows/Aimmy2_rmbhx5xs_wpftmp.assets.cache","Custom-only","Build-or-runtime-review","36246",,"A8A2F36473D095B280DC2A916EA32337B436716699EF4D798CF515FCB47C8D93",
"obj/x64/Debug/net8.0-windows/Aimmy2_rmbhx5xs_wpftmp.csproj.BuildWithSkipAnalyzers","Custom-only","Build-or-runtime-review","0",,"E3B0C44298FC1C149AFBF4C8996FB92427AE41E4649B934CA495991B7852B855",
"obj/x64/Debug/net8.0-windows/Aimmy2_rmbhx5xs_wpftmp.GeneratedMSBuildEditorConfig.editorconfig","Custom-only","Build-or-runtime-review","1087",,"C366639FD103F2DFAF1CEAC8F5F050E5B15FAA45E2DDDF371B29998033B4FDB2",
"obj/x64/Debug/net8.0-windows/Aimmy2_rmbhx5xs_wpftmp.GlobalUsings.g.cs","Custom-only","Build-or-runtime-review","183",,"FE45EA572AADFD1A9B54CF7251405CFA11B748CA88B034F06A724D49758CED2D",
"obj/x64/Debug/net8.0-windows/Aimmy2_rosuvgre_wpftmp.AssemblyInfo.cs","Custom-only","Build-or-runtime-review","1174",,"C2EE451CD149B2DEC17A341AD1D3BF0A44858776D43EDF436A126C6AAE80D41C",
"obj/x64/Debug/net8.0-windows/Aimmy2_rosuvgre_wpftmp.AssemblyInfoInputs.cache","Custom-only","Build-or-runtime-review","66",,"1FED0A160B24DC1F879F46CA141E0188509F20AA0E1E75E0118772B9216E8C62",
"obj/x64/Debug/net8.0-windows/Aimmy2_rosuvgre_wpftmp.assets.cache","Custom-only","Build-or-runtime-review","36246",,"16B5D8F1D7FB98DEF48685A78A365503FAE962C546216E5C2F66BD89BD7549D2",
"obj/x64/Debug/net8.0-windows/Aimmy2_rosuvgre_wpftmp.csproj.BuildWithSkipAnalyzers","Custom-only","Build-or-runtime-review","0",,"E3B0C44298FC1C149AFBF4C8996FB92427AE41E4649B934CA495991B7852B855",
"obj/x64/Debug/net8.0-windows/Aimmy2_rosuvgre_wpftmp.GeneratedMSBuildEditorConfig.editorconfig","Custom-only","Build-or-runtime-review","1087",,"C366639FD103F2DFAF1CEAC8F5F050E5B15FAA45E2DDDF371B29998033B4FDB2",
"obj/x64/Debug/net8.0-windows/Aimmy2_rosuvgre_wpftmp.GlobalUsings.g.cs","Custom-only","Build-or-runtime-review","183",,"FE45EA572AADFD1A9B54CF7251405CFA11B748CA88B034F06A724D49758CED2D",
"obj/x64/Debug/net8.0-windows/Aimmy2_rwqdsfjw_wpftmp.AssemblyInfo.cs","Custom-only","Build-or-runtime-review","1174",,"C2EE451CD149B2DEC17A341AD1D3BF0A44858776D43EDF436A126C6AAE80D41C",
"obj/x64/Debug/net8.0-windows/Aimmy2_rwqdsfjw_wpftmp.AssemblyInfoInputs.cache","Custom-only","Build-or-runtime-review","66",,"1FED0A160B24DC1F879F46CA141E0188509F20AA0E1E75E0118772B9216E8C62",
"obj/x64/Debug/net8.0-windows/Aimmy2_rwqdsfjw_wpftmp.assets.cache","Custom-only","Build-or-runtime-review","36246",,"B1526474017EFF71BA3FF376E1753C77B1EFFD3B2A2EDAC405BE4723EFA09421",
"obj/x64/Debug/net8.0-windows/Aimmy2_rwqdsfjw_wpftmp.GeneratedMSBuildEditorConfig.editorconfig","Custom-only","Build-or-runtime-review","819",,"3EF9182B52BEC39BB699BFEDA752F9503391A74FEF47E0F28DE1EF6BBECF8217",
"obj/x64/Debug/net8.0-windows/Aimmy2_rwqdsfjw_wpftmp.GlobalUsings.g.cs","Custom-only","Build-or-runtime-review","183",,"FE45EA572AADFD1A9B54CF7251405CFA11B748CA88B034F06A724D49758CED2D",
"obj/x64/Debug/net8.0-windows/Aimmy2_rwttvmbo_wpftmp.AssemblyInfo.cs","Custom-only","Build-or-runtime-review","1174",,"C2EE451CD149B2DEC17A341AD1D3BF0A44858776D43EDF436A126C6AAE80D41C",
"obj/x64/Debug/net8.0-windows/Aimmy2_rwttvmbo_wpftmp.AssemblyInfoInputs.cache","Custom-only","Build-or-runtime-review","66",,"1FED0A160B24DC1F879F46CA141E0188509F20AA0E1E75E0118772B9216E8C62",
"obj/x64/Debug/net8.0-windows/Aimmy2_rwttvmbo_wpftmp.assets.cache","Custom-only","Build-or-runtime-review","36246",,"6E6830AC5E391213F4D04044BBF1B2A956E11DB1659D75765105C38368D87FFD",
"obj/x64/Debug/net8.0-windows/Aimmy2_rwttvmbo_wpftmp.csproj.BuildWithSkipAnalyzers","Custom-only","Build-or-runtime-review","0",,"E3B0C44298FC1C149AFBF4C8996FB92427AE41E4649B934CA495991B7852B855",
"obj/x64/Debug/net8.0-windows/Aimmy2_rwttvmbo_wpftmp.GeneratedMSBuildEditorConfig.editorconfig","Custom-only","Build-or-runtime-review","1149",,"98176DAE78CCB53DDE88AC657DFBA4937F1E53EC93DE7CDC1361C7885FEA94A9",
"obj/x64/Debug/net8.0-windows/Aimmy2_rwttvmbo_wpftmp.GlobalUsings.g.cs","Custom-only","Build-or-runtime-review","183",,"FE45EA572AADFD1A9B54CF7251405CFA11B748CA88B034F06A724D49758CED2D",
"obj/x64/Debug/net8.0-windows/Aimmy2_salkqs54_wpftmp.AssemblyInfo.cs","Custom-only","Build-or-runtime-review","1174",,"C2EE451CD149B2DEC17A341AD1D3BF0A44858776D43EDF436A126C6AAE80D41C",
"obj/x64/Debug/net8.0-windows/Aimmy2_salkqs54_wpftmp.AssemblyInfoInputs.cache","Custom-only","Build-or-runtime-review","66",,"1FED0A160B24DC1F879F46CA141E0188509F20AA0E1E75E0118772B9216E8C62",
"obj/x64/Debug/net8.0-windows/Aimmy2_salkqs54_wpftmp.assets.cache","Custom-only","Build-or-runtime-review","36246",,"C76F4493F0E0052EE8A5C354186B9BD2D6D99799B8632C50E678FE33E75BA3E8",
"obj/x64/Debug/net8.0-windows/Aimmy2_salkqs54_wpftmp.csproj.BuildWithSkipAnalyzers","Custom-only","Build-or-runtime-review","0",,"E3B0C44298FC1C149AFBF4C8996FB92427AE41E4649B934CA495991B7852B855",
"obj/x64/Debug/net8.0-windows/Aimmy2_salkqs54_wpftmp.GeneratedMSBuildEditorConfig.editorconfig","Custom-only","Build-or-runtime-review","1161",,"718D156BF2D88CE893D843DE073867399E659667F6FA919E0FCE404B88F625D1",
"obj/x64/Debug/net8.0-windows/Aimmy2_salkqs54_wpftmp.GlobalUsings.g.cs","Custom-only","Build-or-runtime-review","183",,"FE45EA572AADFD1A9B54CF7251405CFA11B748CA88B034F06A724D49758CED2D",
"obj/x64/Debug/net8.0-windows/Aimmy2_shvm1jq3_wpftmp.AssemblyInfo.cs","Custom-only","Build-or-runtime-review","1174",,"C2EE451CD149B2DEC17A341AD1D3BF0A44858776D43EDF436A126C6AAE80D41C",
"obj/x64/Debug/net8.0-windows/Aimmy2_shvm1jq3_wpftmp.AssemblyInfoInputs.cache","Custom-only","Build-or-runtime-review","66",,"1FED0A160B24DC1F879F46CA141E0188509F20AA0E1E75E0118772B9216E8C62",
"obj/x64/Debug/net8.0-windows/Aimmy2_shvm1jq3_wpftmp.assets.cache","Custom-only","Build-or-runtime-review","36246",,"F4E1D3F292A05221B5BDE068071834B849EEA09256C1DC26B5B8A11EB287CD53",
"obj/x64/Debug/net8.0-windows/Aimmy2_shvm1jq3_wpftmp.csproj.BuildWithSkipAnalyzers","Custom-only","Build-or-runtime-review","0",,"E3B0C44298FC1C149AFBF4C8996FB92427AE41E4649B934CA495991B7852B855",
"obj/x64/Debug/net8.0-windows/Aimmy2_shvm1jq3_wpftmp.GeneratedMSBuildEditorConfig.editorconfig","Custom-only","Build-or-runtime-review","819",,"3EF9182B52BEC39BB699BFEDA752F9503391A74FEF47E0F28DE1EF6BBECF8217",
"obj/x64/Debug/net8.0-windows/Aimmy2_shvm1jq3_wpftmp.GlobalUsings.g.cs","Custom-only","Build-or-runtime-review","183",,"FE45EA572AADFD1A9B54CF7251405CFA11B748CA88B034F06A724D49758CED2D",
"obj/x64/Debug/net8.0-windows/Aimmy2_syfcyccp_wpftmp.AssemblyInfo.cs","Custom-only","Build-or-runtime-review","1174",,"C2EE451CD149B2DEC17A341AD1D3BF0A44858776D43EDF436A126C6AAE80D41C",
"obj/x64/Debug/net8.0-windows/Aimmy2_syfcyccp_wpftmp.AssemblyInfoInputs.cache","Custom-only","Build-or-runtime-review","66",,"1FED0A160B24DC1F879F46CA141E0188509F20AA0E1E75E0118772B9216E8C62",
"obj/x64/Debug/net8.0-windows/Aimmy2_syfcyccp_wpftmp.assets.cache","Custom-only","Build-or-runtime-review","36246",,"851794B859DC13C4E62AA05EE932AB7CA3446AB8829EE593A6AA00EAB14B2D31",
"obj/x64/Debug/net8.0-windows/Aimmy2_syfcyccp_wpftmp.csproj.BuildWithSkipAnalyzers","Custom-only","Build-or-runtime-review","0",,"E3B0C44298FC1C149AFBF4C8996FB92427AE41E4649B934CA495991B7852B855",
"obj/x64/Debug/net8.0-windows/Aimmy2_syfcyccp_wpftmp.GeneratedMSBuildEditorConfig.editorconfig","Custom-only","Build-or-runtime-review","1149",,"82A2A9623CDA906D56014E452685D4E9051AC711A515221145F7E6D01B7596D9",
"obj/x64/Debug/net8.0-windows/Aimmy2_syfcyccp_wpftmp.GlobalUsings.g.cs","Custom-only","Build-or-runtime-review","183",,"FE45EA572AADFD1A9B54CF7251405CFA11B748CA88B034F06A724D49758CED2D",
"obj/x64/Debug/net8.0-windows/Aimmy2_t0ng3oi1_wpftmp.AssemblyInfo.cs","Custom-only","Build-or-runtime-review","1174",,"C2EE451CD149B2DEC17A341AD1D3BF0A44858776D43EDF436A126C6AAE80D41C",
"obj/x64/Debug/net8.0-windows/Aimmy2_t0ng3oi1_wpftmp.AssemblyInfoInputs.cache","Custom-only","Build-or-runtime-review","66",,"1FED0A160B24DC1F879F46CA141E0188509F20AA0E1E75E0118772B9216E8C62",
"obj/x64/Debug/net8.0-windows/Aimmy2_t0ng3oi1_wpftmp.assets.cache","Custom-only","Build-or-runtime-review","36246",,"B6526CE3B98449D0FA8C01274DAB1C20824C67C6337887489E8684F7CD5E033E",
"obj/x64/Debug/net8.0-windows/Aimmy2_t0ng3oi1_wpftmp.csproj.BuildWithSkipAnalyzers","Custom-only","Build-or-runtime-review","0",,"E3B0C44298FC1C149AFBF4C8996FB92427AE41E4649B934CA495991B7852B855",
"obj/x64/Debug/net8.0-windows/Aimmy2_t0ng3oi1_wpftmp.GeneratedMSBuildEditorConfig.editorconfig","Custom-only","Build-or-runtime-review","1149",,"82A2A9623CDA906D56014E452685D4E9051AC711A515221145F7E6D01B7596D9",
"obj/x64/Debug/net8.0-windows/Aimmy2_t0ng3oi1_wpftmp.GlobalUsings.g.cs","Custom-only","Build-or-runtime-review","183",,"FE45EA572AADFD1A9B54CF7251405CFA11B748CA88B034F06A724D49758CED2D",
"obj/x64/Debug/net8.0-windows/Aimmy2_tcj4sbe2_wpftmp.AssemblyInfo.cs","Custom-only","Build-or-runtime-review","1174",,"C2EE451CD149B2DEC17A341AD1D3BF0A44858776D43EDF436A126C6AAE80D41C",
"obj/x64/Debug/net8.0-windows/Aimmy2_tcj4sbe2_wpftmp.AssemblyInfoInputs.cache","Custom-only","Build-or-runtime-review","66",,"1FED0A160B24DC1F879F46CA141E0188509F20AA0E1E75E0118772B9216E8C62",
"obj/x64/Debug/net8.0-windows/Aimmy2_tcj4sbe2_wpftmp.assets.cache","Custom-only","Build-or-runtime-review","36246",,"F56C766812DC344C013F3401561D17A7492F95AC5E76532D257792C3D9A258CA",
"obj/x64/Debug/net8.0-windows/Aimmy2_tcj4sbe2_wpftmp.csproj.BuildWithSkipAnalyzers","Custom-only","Build-or-runtime-review","0",,"E3B0C44298FC1C149AFBF4C8996FB92427AE41E4649B934CA495991B7852B855",
"obj/x64/Debug/net8.0-windows/Aimmy2_tcj4sbe2_wpftmp.GeneratedMSBuildEditorConfig.editorconfig","Custom-only","Build-or-runtime-review","819",,"3EF9182B52BEC39BB699BFEDA752F9503391A74FEF47E0F28DE1EF6BBECF8217",
"obj/x64/Debug/net8.0-windows/Aimmy2_tcj4sbe2_wpftmp.GlobalUsings.g.cs","Custom-only","Build-or-runtime-review","183",,"FE45EA572AADFD1A9B54CF7251405CFA11B748CA88B034F06A724D49758CED2D",
"obj/x64/Debug/net8.0-windows/Aimmy2_tcsisba5_wpftmp.AssemblyInfo.cs","Custom-only","Build-or-runtime-review","1174",,"C2EE451CD149B2DEC17A341AD1D3BF0A44858776D43EDF436A126C6AAE80D41C",
"obj/x64/Debug/net8.0-windows/Aimmy2_tcsisba5_wpftmp.AssemblyInfoInputs.cache","Custom-only","Build-or-runtime-review","66",,"1FED0A160B24DC1F879F46CA141E0188509F20AA0E1E75E0118772B9216E8C62",
"obj/x64/Debug/net8.0-windows/Aimmy2_tcsisba5_wpftmp.assets.cache","Custom-only","Build-or-runtime-review","36246",,"635DA79174AE1DFCFBF89C1F3891E6DFECD06713BFBB896C81CE17D181EF6013",
"obj/x64/Debug/net8.0-windows/Aimmy2_tcsisba5_wpftmp.csproj.BuildWithSkipAnalyzers","Custom-only","Build-or-runtime-review","0",,"E3B0C44298FC1C149AFBF4C8996FB92427AE41E4649B934CA495991B7852B855",
"obj/x64/Debug/net8.0-windows/Aimmy2_tcsisba5_wpftmp.GeneratedMSBuildEditorConfig.editorconfig","Custom-only","Build-or-runtime-review","1089",,"CC748429AEA0ACF5AEA2FB723D077EF8D4DEE0BE87B2A471315C2527C73E7F58",
"obj/x64/Debug/net8.0-windows/Aimmy2_tcsisba5_wpftmp.GlobalUsings.g.cs","Custom-only","Build-or-runtime-review","183",,"FE45EA572AADFD1A9B54CF7251405CFA11B748CA88B034F06A724D49758CED2D",
"obj/x64/Debug/net8.0-windows/Aimmy2_tlcrszkw_wpftmp.AssemblyInfo.cs","Custom-only","Build-or-runtime-review","1174",,"C2EE451CD149B2DEC17A341AD1D3BF0A44858776D43EDF436A126C6AAE80D41C",
"obj/x64/Debug/net8.0-windows/Aimmy2_tlcrszkw_wpftmp.AssemblyInfoInputs.cache","Custom-only","Build-or-runtime-review","66",,"1FED0A160B24DC1F879F46CA141E0188509F20AA0E1E75E0118772B9216E8C62",
"obj/x64/Debug/net8.0-windows/Aimmy2_tlcrszkw_wpftmp.assets.cache","Custom-only","Build-or-runtime-review","36246",,"49CFD4F6E77A3243B982D0F9329091ADE8FA9FFC7FBF2551DC3344CF3FC0CEC7",
"obj/x64/Debug/net8.0-windows/Aimmy2_tlcrszkw_wpftmp.csproj.BuildWithSkipAnalyzers","Custom-only","Build-or-runtime-review","0",,"E3B0C44298FC1C149AFBF4C8996FB92427AE41E4649B934CA495991B7852B855",
"obj/x64/Debug/net8.0-windows/Aimmy2_tlcrszkw_wpftmp.GeneratedMSBuildEditorConfig.editorconfig","Custom-only","Build-or-runtime-review","819",,"3EF9182B52BEC39BB699BFEDA752F9503391A74FEF47E0F28DE1EF6BBECF8217",
"obj/x64/Debug/net8.0-windows/Aimmy2_tlcrszkw_wpftmp.GlobalUsings.g.cs","Custom-only","Build-or-runtime-review","183",,"FE45EA572AADFD1A9B54CF7251405CFA11B748CA88B034F06A724D49758CED2D",
"obj/x64/Debug/net8.0-windows/Aimmy2_tqmb5bxr_wpftmp.AssemblyInfo.cs","Custom-only","Build-or-runtime-review","1174",,"C2EE451CD149B2DEC17A341AD1D3BF0A44858776D43EDF436A126C6AAE80D41C",
"obj/x64/Debug/net8.0-windows/Aimmy2_tqmb5bxr_wpftmp.AssemblyInfoInputs.cache","Custom-only","Build-or-runtime-review","66",,"1FED0A160B24DC1F879F46CA141E0188509F20AA0E1E75E0118772B9216E8C62",
"obj/x64/Debug/net8.0-windows/Aimmy2_tqmb5bxr_wpftmp.assets.cache","Custom-only","Build-or-runtime-review","36246",,"ACC94B4D2236C4F714CBF3D7C030B450A743067E35E0F6D05256EED3CCFE53D2",
"obj/x64/Debug/net8.0-windows/Aimmy2_tqmb5bxr_wpftmp.csproj.BuildWithSkipAnalyzers","Custom-only","Build-or-runtime-review","0",,"E3B0C44298FC1C149AFBF4C8996FB92427AE41E4649B934CA495991B7852B855",
"obj/x64/Debug/net8.0-windows/Aimmy2_tqmb5bxr_wpftmp.GeneratedMSBuildEditorConfig.editorconfig","Custom-only","Build-or-runtime-review","819",,"3EF9182B52BEC39BB699BFEDA752F9503391A74FEF47E0F28DE1EF6BBECF8217",
"obj/x64/Debug/net8.0-windows/Aimmy2_tqmb5bxr_wpftmp.GlobalUsings.g.cs","Custom-only","Build-or-runtime-review","183",,"FE45EA572AADFD1A9B54CF7251405CFA11B748CA88B034F06A724D49758CED2D",
"obj/x64/Debug/net8.0-windows/Aimmy2_tsj5bpo5_wpftmp.AssemblyInfo.cs","Custom-only","Build-or-runtime-review","1174",,"C2EE451CD149B2DEC17A341AD1D3BF0A44858776D43EDF436A126C6AAE80D41C",
"obj/x64/Debug/net8.0-windows/Aimmy2_tsj5bpo5_wpftmp.AssemblyInfoInputs.cache","Custom-only","Build-or-runtime-review","66",,"1FED0A160B24DC1F879F46CA141E0188509F20AA0E1E75E0118772B9216E8C62",
"obj/x64/Debug/net8.0-windows/Aimmy2_tsj5bpo5_wpftmp.assets.cache","Custom-only","Build-or-runtime-review","36246",,"C72B02F10D14C216B7A3BC67979074606D4E19C6EBBFEAF1BA78934B1896B98D",
"obj/x64/Debug/net8.0-windows/Aimmy2_tsj5bpo5_wpftmp.csproj.BuildWithSkipAnalyzers","Custom-only","Build-or-runtime-review","0",,"E3B0C44298FC1C149AFBF4C8996FB92427AE41E4649B934CA495991B7852B855",
"obj/x64/Debug/net8.0-windows/Aimmy2_tsj5bpo5_wpftmp.GeneratedMSBuildEditorConfig.editorconfig","Custom-only","Build-or-runtime-review","1084",,"6CF57F2AD104FF1DECD63B754F5DA77BB1616CA9C458547AD0E30573D593ED85",
"obj/x64/Debug/net8.0-windows/Aimmy2_tsj5bpo5_wpftmp.GlobalUsings.g.cs","Custom-only","Build-or-runtime-review","183",,"FE45EA572AADFD1A9B54CF7251405CFA11B748CA88B034F06A724D49758CED2D",
"obj/x64/Debug/net8.0-windows/Aimmy2_tvfeqq4t_wpftmp.AssemblyInfo.cs","Custom-only","Build-or-runtime-review","1174",,"C2EE451CD149B2DEC17A341AD1D3BF0A44858776D43EDF436A126C6AAE80D41C",
"obj/x64/Debug/net8.0-windows/Aimmy2_tvfeqq4t_wpftmp.AssemblyInfoInputs.cache","Custom-only","Build-or-runtime-review","66",,"1FED0A160B24DC1F879F46CA141E0188509F20AA0E1E75E0118772B9216E8C62",
"obj/x64/Debug/net8.0-windows/Aimmy2_tvfeqq4t_wpftmp.assets.cache","Custom-only","Build-or-runtime-review","36246",,"A6FD479B4C25FD2DB8D902F93D9ED3613C28F626627764805A30B5229134257F",
"obj/x64/Debug/net8.0-windows/Aimmy2_tvfeqq4t_wpftmp.csproj.BuildWithSkipAnalyzers","Custom-only","Build-or-runtime-review","0",,"E3B0C44298FC1C149AFBF4C8996FB92427AE41E4649B934CA495991B7852B855",
"obj/x64/Debug/net8.0-windows/Aimmy2_tvfeqq4t_wpftmp.GeneratedMSBuildEditorConfig.editorconfig","Custom-only","Build-or-runtime-review","819",,"3EF9182B52BEC39BB699BFEDA752F9503391A74FEF47E0F28DE1EF6BBECF8217",
"obj/x64/Debug/net8.0-windows/Aimmy2_tvfeqq4t_wpftmp.GlobalUsings.g.cs","Custom-only","Build-or-runtime-review","183",,"FE45EA572AADFD1A9B54CF7251405CFA11B748CA88B034F06A724D49758CED2D",
"obj/x64/Debug/net8.0-windows/Aimmy2_tx13pnxq_wpftmp.AssemblyInfo.cs","Custom-only","Build-or-runtime-review","1174",,"C2EE451CD149B2DEC17A341AD1D3BF0A44858776D43EDF436A126C6AAE80D41C",
"obj/x64/Debug/net8.0-windows/Aimmy2_tx13pnxq_wpftmp.AssemblyInfoInputs.cache","Custom-only","Build-or-runtime-review","66",,"1FED0A160B24DC1F879F46CA141E0188509F20AA0E1E75E0118772B9216E8C62",
"obj/x64/Debug/net8.0-windows/Aimmy2_tx13pnxq_wpftmp.assets.cache","Custom-only","Build-or-runtime-review","36246",,"9E38C49C298D078AE4E51E750620E3FA49FBFBE68790B9B4B9D2E77787920B1E",
"obj/x64/Debug/net8.0-windows/Aimmy2_tx13pnxq_wpftmp.csproj.BuildWithSkipAnalyzers","Custom-only","Build-or-runtime-review","0",,"E3B0C44298FC1C149AFBF4C8996FB92427AE41E4649B934CA495991B7852B855",
"obj/x64/Debug/net8.0-windows/Aimmy2_tx13pnxq_wpftmp.GeneratedMSBuildEditorConfig.editorconfig","Custom-only","Build-or-runtime-review","1149",,"98176DAE78CCB53DDE88AC657DFBA4937F1E53EC93DE7CDC1361C7885FEA94A9",
"obj/x64/Debug/net8.0-windows/Aimmy2_tx13pnxq_wpftmp.GlobalUsings.g.cs","Custom-only","Build-or-runtime-review","183",,"FE45EA572AADFD1A9B54CF7251405CFA11B748CA88B034F06A724D49758CED2D",
"obj/x64/Debug/net8.0-windows/Aimmy2_txouiptr_wpftmp.AssemblyInfo.cs","Custom-only","Build-or-runtime-review","1174",,"C2EE451CD149B2DEC17A341AD1D3BF0A44858776D43EDF436A126C6AAE80D41C",
"obj/x64/Debug/net8.0-windows/Aimmy2_txouiptr_wpftmp.AssemblyInfoInputs.cache","Custom-only","Build-or-runtime-review","66",,"1FED0A160B24DC1F879F46CA141E0188509F20AA0E1E75E0118772B9216E8C62",
"obj/x64/Debug/net8.0-windows/Aimmy2_txouiptr_wpftmp.assets.cache","Custom-only","Build-or-runtime-review","36246",,"FA7143B856D7E0715B2389B71873CE29D6FA2E3A7692F6AA49B6325DB53FEE98",
"obj/x64/Debug/net8.0-windows/Aimmy2_txouiptr_wpftmp.csproj.BuildWithSkipAnalyzers","Custom-only","Build-or-runtime-review","0",,"E3B0C44298FC1C149AFBF4C8996FB92427AE41E4649B934CA495991B7852B855",
"obj/x64/Debug/net8.0-windows/Aimmy2_txouiptr_wpftmp.GeneratedMSBuildEditorConfig.editorconfig","Custom-only","Build-or-runtime-review","819",,"3EF9182B52BEC39BB699BFEDA752F9503391A74FEF47E0F28DE1EF6BBECF8217",
"obj/x64/Debug/net8.0-windows/Aimmy2_txouiptr_wpftmp.GlobalUsings.g.cs","Custom-only","Build-or-runtime-review","183",,"FE45EA572AADFD1A9B54CF7251405CFA11B748CA88B034F06A724D49758CED2D",
"obj/x64/Debug/net8.0-windows/Aimmy2_tyslkeuc_wpftmp.AssemblyInfo.cs","Custom-only","Build-or-runtime-review","1174",,"C2EE451CD149B2DEC17A341AD1D3BF0A44858776D43EDF436A126C6AAE80D41C",
"obj/x64/Debug/net8.0-windows/Aimmy2_tyslkeuc_wpftmp.AssemblyInfoInputs.cache","Custom-only","Build-or-runtime-review","66",,"1FED0A160B24DC1F879F46CA141E0188509F20AA0E1E75E0118772B9216E8C62",
"obj/x64/Debug/net8.0-windows/Aimmy2_tyslkeuc_wpftmp.assets.cache","Custom-only","Build-or-runtime-review","36246",,"FC292557D3A2524211F0D745762295FC883EE361764A735309180522E08260EF",
"obj/x64/Debug/net8.0-windows/Aimmy2_tyslkeuc_wpftmp.csproj.BuildWithSkipAnalyzers","Custom-only","Build-or-runtime-review","0",,"E3B0C44298FC1C149AFBF4C8996FB92427AE41E4649B934CA495991B7852B855",
"obj/x64/Debug/net8.0-windows/Aimmy2_tyslkeuc_wpftmp.GeneratedMSBuildEditorConfig.editorconfig","Custom-only","Build-or-runtime-review","1089",,"CC748429AEA0ACF5AEA2FB723D077EF8D4DEE0BE87B2A471315C2527C73E7F58",
"obj/x64/Debug/net8.0-windows/Aimmy2_tyslkeuc_wpftmp.GlobalUsings.g.cs","Custom-only","Build-or-runtime-review","183",,"FE45EA572AADFD1A9B54CF7251405CFA11B748CA88B034F06A724D49758CED2D",
"obj/x64/Debug/net8.0-windows/Aimmy2_u0zb42vv_wpftmp.AssemblyInfo.cs","Custom-only","Build-or-runtime-review","1174",,"C2EE451CD149B2DEC17A341AD1D3BF0A44858776D43EDF436A126C6AAE80D41C",
"obj/x64/Debug/net8.0-windows/Aimmy2_u0zb42vv_wpftmp.AssemblyInfoInputs.cache","Custom-only","Build-or-runtime-review","66",,"1FED0A160B24DC1F879F46CA141E0188509F20AA0E1E75E0118772B9216E8C62",
"obj/x64/Debug/net8.0-windows/Aimmy2_u0zb42vv_wpftmp.assets.cache","Custom-only","Build-or-runtime-review","36246",,"C9B3916ABE1FA5CE18A0317C78DE8B246B2FB90649CD1B6238EECA0D4E001B1F",
"obj/x64/Debug/net8.0-windows/Aimmy2_u0zb42vv_wpftmp.csproj.BuildWithSkipAnalyzers","Custom-only","Build-or-runtime-review","0",,"E3B0C44298FC1C149AFBF4C8996FB92427AE41E4649B934CA495991B7852B855",
"obj/x64/Debug/net8.0-windows/Aimmy2_u0zb42vv_wpftmp.GeneratedMSBuildEditorConfig.editorconfig","Custom-only","Build-or-runtime-review","1172",,"D02EE98B7B8B9971B540080EB9D33645EB21488693B0D1667D3F906A391FC50A",
"obj/x64/Debug/net8.0-windows/Aimmy2_u0zb42vv_wpftmp.GlobalUsings.g.cs","Custom-only","Build-or-runtime-review","183",,"FE45EA572AADFD1A9B54CF7251405CFA11B748CA88B034F06A724D49758CED2D",
"obj/x64/Debug/net8.0-windows/Aimmy2_u2l0zeqs_wpftmp.AssemblyInfo.cs","Custom-only","Build-or-runtime-review","1174",,"C2EE451CD149B2DEC17A341AD1D3BF0A44858776D43EDF436A126C6AAE80D41C",
"obj/x64/Debug/net8.0-windows/Aimmy2_u2l0zeqs_wpftmp.AssemblyInfoInputs.cache","Custom-only","Build-or-runtime-review","66",,"1FED0A160B24DC1F879F46CA141E0188509F20AA0E1E75E0118772B9216E8C62",
"obj/x64/Debug/net8.0-windows/Aimmy2_u2l0zeqs_wpftmp.assets.cache","Custom-only","Build-or-runtime-review","36246",,"CE357993304C8B1D71B083BE09DC979B5A0B40511F5833557CBD5AE9FD0E4EE5",
"obj/x64/Debug/net8.0-windows/Aimmy2_u2l0zeqs_wpftmp.GeneratedMSBuildEditorConfig.editorconfig","Custom-only","Build-or-runtime-review","1084",,"6CF57F2AD104FF1DECD63B754F5DA77BB1616CA9C458547AD0E30573D593ED85",
"obj/x64/Debug/net8.0-windows/Aimmy2_u2l0zeqs_wpftmp.GlobalUsings.g.cs","Custom-only","Build-or-runtime-review","183",,"FE45EA572AADFD1A9B54CF7251405CFA11B748CA88B034F06A724D49758CED2D",
"obj/x64/Debug/net8.0-windows/Aimmy2_u4obyaj4_wpftmp.AssemblyInfo.cs","Custom-only","Build-or-runtime-review","1174",,"C2EE451CD149B2DEC17A341AD1D3BF0A44858776D43EDF436A126C6AAE80D41C",
"obj/x64/Debug/net8.0-windows/Aimmy2_u4obyaj4_wpftmp.AssemblyInfoInputs.cache","Custom-only","Build-or-runtime-review","66",,"1FED0A160B24DC1F879F46CA141E0188509F20AA0E1E75E0118772B9216E8C62",
"obj/x64/Debug/net8.0-windows/Aimmy2_u4obyaj4_wpftmp.assets.cache","Custom-only","Build-or-runtime-review","36246",,"58C4D79B6B815AD66F33AC43C4D6DDB1FA1E3393665FE203896509372528CBE2",
"obj/x64/Debug/net8.0-windows/Aimmy2_u4obyaj4_wpftmp.csproj.BuildWithSkipAnalyzers","Custom-only","Build-or-runtime-review","0",,"E3B0C44298FC1C149AFBF4C8996FB92427AE41E4649B934CA495991B7852B855",
"obj/x64/Debug/net8.0-windows/Aimmy2_u4obyaj4_wpftmp.GeneratedMSBuildEditorConfig.editorconfig","Custom-only","Build-or-runtime-review","819",,"3EF9182B52BEC39BB699BFEDA752F9503391A74FEF47E0F28DE1EF6BBECF8217",
"obj/x64/Debug/net8.0-windows/Aimmy2_u4obyaj4_wpftmp.GlobalUsings.g.cs","Custom-only","Build-or-runtime-review","183",,"FE45EA572AADFD1A9B54CF7251405CFA11B748CA88B034F06A724D49758CED2D",
"obj/x64/Debug/net8.0-windows/Aimmy2_ue55qz45_wpftmp.AssemblyInfo.cs","Custom-only","Build-or-runtime-review","1174",,"C2EE451CD149B2DEC17A341AD1D3BF0A44858776D43EDF436A126C6AAE80D41C",
"obj/x64/Debug/net8.0-windows/Aimmy2_ue55qz45_wpftmp.AssemblyInfoInputs.cache","Custom-only","Build-or-runtime-review","66",,"1FED0A160B24DC1F879F46CA141E0188509F20AA0E1E75E0118772B9216E8C62",
"obj/x64/Debug/net8.0-windows/Aimmy2_ue55qz45_wpftmp.assets.cache","Custom-only","Build-or-runtime-review","36246",,"76B6157AD7E9813C8F699B4CE0139F39662D60BE997085FE93C0A59C5D9D72B9",
"obj/x64/Debug/net8.0-windows/Aimmy2_ue55qz45_wpftmp.csproj.BuildWithSkipAnalyzers","Custom-only","Build-or-runtime-review","0",,"E3B0C44298FC1C149AFBF4C8996FB92427AE41E4649B934CA495991B7852B855",
"obj/x64/Debug/net8.0-windows/Aimmy2_ue55qz45_wpftmp.GeneratedMSBuildEditorConfig.editorconfig","Custom-only","Build-or-runtime-review","1089",,"CC748429AEA0ACF5AEA2FB723D077EF8D4DEE0BE87B2A471315C2527C73E7F58",
"obj/x64/Debug/net8.0-windows/Aimmy2_ue55qz45_wpftmp.GlobalUsings.g.cs","Custom-only","Build-or-runtime-review","183",,"FE45EA572AADFD1A9B54CF7251405CFA11B748CA88B034F06A724D49758CED2D",
"obj/x64/Debug/net8.0-windows/Aimmy2_ug3sy3ul_wpftmp.AssemblyInfo.cs","Custom-only","Build-or-runtime-review","1174",,"C2EE451CD149B2DEC17A341AD1D3BF0A44858776D43EDF436A126C6AAE80D41C",
"obj/x64/Debug/net8.0-windows/Aimmy2_ug3sy3ul_wpftmp.AssemblyInfoInputs.cache","Custom-only","Build-or-runtime-review","66",,"1FED0A160B24DC1F879F46CA141E0188509F20AA0E1E75E0118772B9216E8C62",
"obj/x64/Debug/net8.0-windows/Aimmy2_ug3sy3ul_wpftmp.assets.cache","Custom-only","Build-or-runtime-review","36246",,"E6169A77B7D727021854C0D19A7DDACE791F5675BA184A21E4D15A41EF5BFD42",
"obj/x64/Debug/net8.0-windows/Aimmy2_ug3sy3ul_wpftmp.csproj.BuildWithSkipAnalyzers","Custom-only","Build-or-runtime-review","0",,"E3B0C44298FC1C149AFBF4C8996FB92427AE41E4649B934CA495991B7852B855",
"obj/x64/Debug/net8.0-windows/Aimmy2_ug3sy3ul_wpftmp.GeneratedMSBuildEditorConfig.editorconfig","Custom-only","Build-or-runtime-review","819",,"3EF9182B52BEC39BB699BFEDA752F9503391A74FEF47E0F28DE1EF6BBECF8217",
"obj/x64/Debug/net8.0-windows/Aimmy2_ug3sy3ul_wpftmp.GlobalUsings.g.cs","Custom-only","Build-or-runtime-review","183",,"FE45EA572AADFD1A9B54CF7251405CFA11B748CA88B034F06A724D49758CED2D",
"obj/x64/Debug/net8.0-windows/Aimmy2_ukgibalp_wpftmp.AssemblyInfo.cs","Custom-only","Build-or-runtime-review","1174",,"C2EE451CD149B2DEC17A341AD1D3BF0A44858776D43EDF436A126C6AAE80D41C",
"obj/x64/Debug/net8.0-windows/Aimmy2_ukgibalp_wpftmp.AssemblyInfoInputs.cache","Custom-only","Build-or-runtime-review","66",,"1FED0A160B24DC1F879F46CA141E0188509F20AA0E1E75E0118772B9216E8C62",
"obj/x64/Debug/net8.0-windows/Aimmy2_ukgibalp_wpftmp.assets.cache","Custom-only","Build-or-runtime-review","36246",,"91BCE0F3939DC2C4015F370C95AF7A687996DBAB23CE59E7D968A627E880A955",
"obj/x64/Debug/net8.0-windows/Aimmy2_ukgibalp_wpftmp.csproj.BuildWithSkipAnalyzers","Custom-only","Build-or-runtime-review","0",,"E3B0C44298FC1C149AFBF4C8996FB92427AE41E4649B934CA495991B7852B855",
"obj/x64/Debug/net8.0-windows/Aimmy2_ukgibalp_wpftmp.GeneratedMSBuildEditorConfig.editorconfig","Custom-only","Build-or-runtime-review","1149",,"98176DAE78CCB53DDE88AC657DFBA4937F1E53EC93DE7CDC1361C7885FEA94A9",
"obj/x64/Debug/net8.0-windows/Aimmy2_ukgibalp_wpftmp.GlobalUsings.g.cs","Custom-only","Build-or-runtime-review","183",,"FE45EA572AADFD1A9B54CF7251405CFA11B748CA88B034F06A724D49758CED2D",
"obj/x64/Debug/net8.0-windows/Aimmy2_ukk0w4gq_wpftmp.AssemblyInfo.cs","Custom-only","Build-or-runtime-review","1174",,"C2EE451CD149B2DEC17A341AD1D3BF0A44858776D43EDF436A126C6AAE80D41C",
"obj/x64/Debug/net8.0-windows/Aimmy2_ukk0w4gq_wpftmp.AssemblyInfoInputs.cache","Custom-only","Build-or-runtime-review","66",,"1FED0A160B24DC1F879F46CA141E0188509F20AA0E1E75E0118772B9216E8C62",
"obj/x64/Debug/net8.0-windows/Aimmy2_ukk0w4gq_wpftmp.assets.cache","Custom-only","Build-or-runtime-review","36246",,"6849877F1B52EF3DB3951A95E1E60A8126B9B3A3F6CFC57617263719F9D81EAD",
"obj/x64/Debug/net8.0-windows/Aimmy2_ukk0w4gq_wpftmp.csproj.BuildWithSkipAnalyzers","Custom-only","Build-or-runtime-review","0",,"E3B0C44298FC1C149AFBF4C8996FB92427AE41E4649B934CA495991B7852B855",
"obj/x64/Debug/net8.0-windows/Aimmy2_ukk0w4gq_wpftmp.GeneratedMSBuildEditorConfig.editorconfig","Custom-only","Build-or-runtime-review","819",,"3EF9182B52BEC39BB699BFEDA752F9503391A74FEF47E0F28DE1EF6BBECF8217",
"obj/x64/Debug/net8.0-windows/Aimmy2_ukk0w4gq_wpftmp.GlobalUsings.g.cs","Custom-only","Build-or-runtime-review","183",,"FE45EA572AADFD1A9B54CF7251405CFA11B748CA88B034F06A724D49758CED2D",
"obj/x64/Debug/net8.0-windows/Aimmy2_ulalrqnf_wpftmp.AssemblyInfo.cs","Custom-only","Build-or-runtime-review","1174",,"C2EE451CD149B2DEC17A341AD1D3BF0A44858776D43EDF436A126C6AAE80D41C",
"obj/x64/Debug/net8.0-windows/Aimmy2_ulalrqnf_wpftmp.AssemblyInfoInputs.cache","Custom-only","Build-or-runtime-review","66",,"1FED0A160B24DC1F879F46CA141E0188509F20AA0E1E75E0118772B9216E8C62",
"obj/x64/Debug/net8.0-windows/Aimmy2_ulalrqnf_wpftmp.assets.cache","Custom-only","Build-or-runtime-review","36246",,"100887F4BB2558615E716E7CD1D86830FF537DAB2F38980295ED17729297C956",
"obj/x64/Debug/net8.0-windows/Aimmy2_ulalrqnf_wpftmp.csproj.BuildWithSkipAnalyzers","Custom-only","Build-or-runtime-review","0",,"E3B0C44298FC1C149AFBF4C8996FB92427AE41E4649B934CA495991B7852B855",
"obj/x64/Debug/net8.0-windows/Aimmy2_ulalrqnf_wpftmp.GeneratedMSBuildEditorConfig.editorconfig","Custom-only","Build-or-runtime-review","819",,"3EF9182B52BEC39BB699BFEDA752F9503391A74FEF47E0F28DE1EF6BBECF8217",
"obj/x64/Debug/net8.0-windows/Aimmy2_ulalrqnf_wpftmp.GlobalUsings.g.cs","Custom-only","Build-or-runtime-review","183",,"FE45EA572AADFD1A9B54CF7251405CFA11B748CA88B034F06A724D49758CED2D",
"obj/x64/Debug/net8.0-windows/Aimmy2_unoqu45m_wpftmp.AssemblyInfo.cs","Custom-only","Build-or-runtime-review","1174",,"C2EE451CD149B2DEC17A341AD1D3BF0A44858776D43EDF436A126C6AAE80D41C",
"obj/x64/Debug/net8.0-windows/Aimmy2_unoqu45m_wpftmp.AssemblyInfoInputs.cache","Custom-only","Build-or-runtime-review","66",,"1FED0A160B24DC1F879F46CA141E0188509F20AA0E1E75E0118772B9216E8C62",
"obj/x64/Debug/net8.0-windows/Aimmy2_unoqu45m_wpftmp.assets.cache","Custom-only","Build-or-runtime-review","36246",,"D669EDBA327D7451322E48DA28D0B1C9D320BAB8FA5187B0086FEE14DE92AF3A",
"obj/x64/Debug/net8.0-windows/Aimmy2_unoqu45m_wpftmp.GeneratedMSBuildEditorConfig.editorconfig","Custom-only","Build-or-runtime-review","819",,"3EF9182B52BEC39BB699BFEDA752F9503391A74FEF47E0F28DE1EF6BBECF8217",
"obj/x64/Debug/net8.0-windows/Aimmy2_unoqu45m_wpftmp.GlobalUsings.g.cs","Custom-only","Build-or-runtime-review","183",,"FE45EA572AADFD1A9B54CF7251405CFA11B748CA88B034F06A724D49758CED2D",
"obj/x64/Debug/net8.0-windows/Aimmy2_utcgzz50_wpftmp.AssemblyInfo.cs","Custom-only","Build-or-runtime-review","1174",,"C2EE451CD149B2DEC17A341AD1D3BF0A44858776D43EDF436A126C6AAE80D41C",
"obj/x64/Debug/net8.0-windows/Aimmy2_utcgzz50_wpftmp.AssemblyInfoInputs.cache","Custom-only","Build-or-runtime-review","66",,"1FED0A160B24DC1F879F46CA141E0188509F20AA0E1E75E0118772B9216E8C62",
"obj/x64/Debug/net8.0-windows/Aimmy2_utcgzz50_wpftmp.assets.cache","Custom-only","Build-or-runtime-review","36246",,"B13A7CC6726D4598266B8DD8C35324DC68E3C8E44D479FBE1C179BE7BC645BAF",
"obj/x64/Debug/net8.0-windows/Aimmy2_utcgzz50_wpftmp.csproj.BuildWithSkipAnalyzers","Custom-only","Build-or-runtime-review","0",,"E3B0C44298FC1C149AFBF4C8996FB92427AE41E4649B934CA495991B7852B855",
"obj/x64/Debug/net8.0-windows/Aimmy2_utcgzz50_wpftmp.GeneratedMSBuildEditorConfig.editorconfig","Custom-only","Build-or-runtime-review","1149",,"82A2A9623CDA906D56014E452685D4E9051AC711A515221145F7E6D01B7596D9",
"obj/x64/Debug/net8.0-windows/Aimmy2_utcgzz50_wpftmp.GlobalUsings.g.cs","Custom-only","Build-or-runtime-review","183",,"FE45EA572AADFD1A9B54CF7251405CFA11B748CA88B034F06A724D49758CED2D",
"obj/x64/Debug/net8.0-windows/Aimmy2_utyyzcsb_wpftmp.AssemblyInfo.cs","Custom-only","Build-or-runtime-review","1174",,"C2EE451CD149B2DEC17A341AD1D3BF0A44858776D43EDF436A126C6AAE80D41C",
"obj/x64/Debug/net8.0-windows/Aimmy2_utyyzcsb_wpftmp.AssemblyInfoInputs.cache","Custom-only","Build-or-runtime-review","66",,"1FED0A160B24DC1F879F46CA141E0188509F20AA0E1E75E0118772B9216E8C62",
"obj/x64/Debug/net8.0-windows/Aimmy2_utyyzcsb_wpftmp.assets.cache","Custom-only","Build-or-runtime-review","36246",,"43A440D26E5A4DEFBBAB84B70D7AFED900195011E643B6B721FB9FFC7F5655CD",
"obj/x64/Debug/net8.0-windows/Aimmy2_utyyzcsb_wpftmp.csproj.BuildWithSkipAnalyzers","Custom-only","Build-or-runtime-review","0",,"E3B0C44298FC1C149AFBF4C8996FB92427AE41E4649B934CA495991B7852B855",
"obj/x64/Debug/net8.0-windows/Aimmy2_utyyzcsb_wpftmp.GeneratedMSBuildEditorConfig.editorconfig","Custom-only","Build-or-runtime-review","819",,"3EF9182B52BEC39BB699BFEDA752F9503391A74FEF47E0F28DE1EF6BBECF8217",
"obj/x64/Debug/net8.0-windows/Aimmy2_utyyzcsb_wpftmp.GlobalUsings.g.cs","Custom-only","Build-or-runtime-review","183",,"FE45EA572AADFD1A9B54CF7251405CFA11B748CA88B034F06A724D49758CED2D",
"obj/x64/Debug/net8.0-windows/Aimmy2_uu5a4s52_wpftmp.AssemblyInfo.cs","Custom-only","Build-or-runtime-review","1174",,"C2EE451CD149B2DEC17A341AD1D3BF0A44858776D43EDF436A126C6AAE80D41C",
"obj/x64/Debug/net8.0-windows/Aimmy2_uu5a4s52_wpftmp.AssemblyInfoInputs.cache","Custom-only","Build-or-runtime-review","66",,"1FED0A160B24DC1F879F46CA141E0188509F20AA0E1E75E0118772B9216E8C62",
"obj/x64/Debug/net8.0-windows/Aimmy2_uu5a4s52_wpftmp.assets.cache","Custom-only","Build-or-runtime-review","36246",,"8BE2531F6D3494AA4D9E5A480A7223D31AC26ECD97A0ADE1E9C19E9A6B43B2D7",
"obj/x64/Debug/net8.0-windows/Aimmy2_uu5a4s52_wpftmp.csproj.BuildWithSkipAnalyzers","Custom-only","Build-or-runtime-review","0",,"E3B0C44298FC1C149AFBF4C8996FB92427AE41E4649B934CA495991B7852B855",
"obj/x64/Debug/net8.0-windows/Aimmy2_uu5a4s52_wpftmp.GeneratedMSBuildEditorConfig.editorconfig","Custom-only","Build-or-runtime-review","1089",,"8E94C47B148DC4DBB0AC29D037D3998E9CEE545092CA8CD5FC42C5CDA7F02323",
"obj/x64/Debug/net8.0-windows/Aimmy2_uu5a4s52_wpftmp.GlobalUsings.g.cs","Custom-only","Build-or-runtime-review","183",,"FE45EA572AADFD1A9B54CF7251405CFA11B748CA88B034F06A724D49758CED2D",
"obj/x64/Debug/net8.0-windows/Aimmy2_uwses3wy_wpftmp.AssemblyInfo.cs","Custom-only","Build-or-runtime-review","1174",,"C2EE451CD149B2DEC17A341AD1D3BF0A44858776D43EDF436A126C6AAE80D41C",
"obj/x64/Debug/net8.0-windows/Aimmy2_uwses3wy_wpftmp.AssemblyInfoInputs.cache","Custom-only","Build-or-runtime-review","66",,"1FED0A160B24DC1F879F46CA141E0188509F20AA0E1E75E0118772B9216E8C62",
"obj/x64/Debug/net8.0-windows/Aimmy2_uwses3wy_wpftmp.assets.cache","Custom-only","Build-or-runtime-review","36246",,"BAF1A0D1C7232FFB881594718BC4BCEC53206C1FAE92D9CE135174683122EA35",
"obj/x64/Debug/net8.0-windows/Aimmy2_uwses3wy_wpftmp.csproj.BuildWithSkipAnalyzers","Custom-only","Build-or-runtime-review","0",,"E3B0C44298FC1C149AFBF4C8996FB92427AE41E4649B934CA495991B7852B855",
"obj/x64/Debug/net8.0-windows/Aimmy2_uwses3wy_wpftmp.GeneratedMSBuildEditorConfig.editorconfig","Custom-only","Build-or-runtime-review","819",,"3EF9182B52BEC39BB699BFEDA752F9503391A74FEF47E0F28DE1EF6BBECF8217",
"obj/x64/Debug/net8.0-windows/Aimmy2_uwses3wy_wpftmp.GlobalUsings.g.cs","Custom-only","Build-or-runtime-review","183",,"FE45EA572AADFD1A9B54CF7251405CFA11B748CA88B034F06A724D49758CED2D",
"obj/x64/Debug/net8.0-windows/Aimmy2_v0plehak_wpftmp.AssemblyInfo.cs","Custom-only","Build-or-runtime-review","1174",,"C2EE451CD149B2DEC17A341AD1D3BF0A44858776D43EDF436A126C6AAE80D41C",
"obj/x64/Debug/net8.0-windows/Aimmy2_v0plehak_wpftmp.AssemblyInfoInputs.cache","Custom-only","Build-or-runtime-review","66",,"1FED0A160B24DC1F879F46CA141E0188509F20AA0E1E75E0118772B9216E8C62",
"obj/x64/Debug/net8.0-windows/Aimmy2_v0plehak_wpftmp.assets.cache","Custom-only","Build-or-runtime-review","36246",,"C4414EB93045DB0F16C2512E6175FE2480364F33CBA6A2D428628D63736F6147",
"obj/x64/Debug/net8.0-windows/Aimmy2_v0plehak_wpftmp.csproj.BuildWithSkipAnalyzers","Custom-only","Build-or-runtime-review","0",,"E3B0C44298FC1C149AFBF4C8996FB92427AE41E4649B934CA495991B7852B855",
"obj/x64/Debug/net8.0-windows/Aimmy2_v0plehak_wpftmp.GeneratedMSBuildEditorConfig.editorconfig","Custom-only","Build-or-runtime-review","1089",,"CC748429AEA0ACF5AEA2FB723D077EF8D4DEE0BE87B2A471315C2527C73E7F58",
"obj/x64/Debug/net8.0-windows/Aimmy2_v0plehak_wpftmp.GlobalUsings.g.cs","Custom-only","Build-or-runtime-review","183",,"FE45EA572AADFD1A9B54CF7251405CFA11B748CA88B034F06A724D49758CED2D",
"obj/x64/Debug/net8.0-windows/Aimmy2_v3wqdrow_wpftmp.AssemblyInfo.cs","Custom-only","Build-or-runtime-review","1174",,"C2EE451CD149B2DEC17A341AD1D3BF0A44858776D43EDF436A126C6AAE80D41C",
"obj/x64/Debug/net8.0-windows/Aimmy2_v3wqdrow_wpftmp.AssemblyInfoInputs.cache","Custom-only","Build-or-runtime-review","66",,"1FED0A160B24DC1F879F46CA141E0188509F20AA0E1E75E0118772B9216E8C62",
"obj/x64/Debug/net8.0-windows/Aimmy2_v3wqdrow_wpftmp.assets.cache","Custom-only","Build-or-runtime-review","36246",,"F08027CA52A0AE30DFC51A5DFCCA1389D60F9DA28E8C6E30B7252DCB60BCCDFA",
"obj/x64/Debug/net8.0-windows/Aimmy2_v3wqdrow_wpftmp.csproj.BuildWithSkipAnalyzers","Custom-only","Build-or-runtime-review","0",,"E3B0C44298FC1C149AFBF4C8996FB92427AE41E4649B934CA495991B7852B855",
"obj/x64/Debug/net8.0-windows/Aimmy2_v3wqdrow_wpftmp.GeneratedMSBuildEditorConfig.editorconfig","Custom-only","Build-or-runtime-review","819",,"3EF9182B52BEC39BB699BFEDA752F9503391A74FEF47E0F28DE1EF6BBECF8217",
"obj/x64/Debug/net8.0-windows/Aimmy2_v3wqdrow_wpftmp.GlobalUsings.g.cs","Custom-only","Build-or-runtime-review","183",,"FE45EA572AADFD1A9B54CF7251405CFA11B748CA88B034F06A724D49758CED2D",
"obj/x64/Debug/net8.0-windows/Aimmy2_vqo5bndh_wpftmp.AssemblyInfo.cs","Custom-only","Build-or-runtime-review","1174",,"C2EE451CD149B2DEC17A341AD1D3BF0A44858776D43EDF436A126C6AAE80D41C",
"obj/x64/Debug/net8.0-windows/Aimmy2_vqo5bndh_wpftmp.AssemblyInfoInputs.cache","Custom-only","Build-or-runtime-review","66",,"1FED0A160B24DC1F879F46CA141E0188509F20AA0E1E75E0118772B9216E8C62",
"obj/x64/Debug/net8.0-windows/Aimmy2_vqo5bndh_wpftmp.assets.cache","Custom-only","Build-or-runtime-review","36246",,"C9ACC67D49925EF7E2B7FC6417705A3C0492EB97162414A94A941B45264DA42D",
"obj/x64/Debug/net8.0-windows/Aimmy2_vqo5bndh_wpftmp.csproj.BuildWithSkipAnalyzers","Custom-only","Build-or-runtime-review","0",,"E3B0C44298FC1C149AFBF4C8996FB92427AE41E4649B934CA495991B7852B855",
"obj/x64/Debug/net8.0-windows/Aimmy2_vqo5bndh_wpftmp.GeneratedMSBuildEditorConfig.editorconfig","Custom-only","Build-or-runtime-review","1089",,"CC748429AEA0ACF5AEA2FB723D077EF8D4DEE0BE87B2A471315C2527C73E7F58",
"obj/x64/Debug/net8.0-windows/Aimmy2_vqo5bndh_wpftmp.GlobalUsings.g.cs","Custom-only","Build-or-runtime-review","183",,"FE45EA572AADFD1A9B54CF7251405CFA11B748CA88B034F06A724D49758CED2D",
"obj/x64/Debug/net8.0-windows/Aimmy2_vrp4ufqg_wpftmp.AssemblyInfo.cs","Custom-only","Build-or-runtime-review","1174",,"C2EE451CD149B2DEC17A341AD1D3BF0A44858776D43EDF436A126C6AAE80D41C",
"obj/x64/Debug/net8.0-windows/Aimmy2_vrp4ufqg_wpftmp.AssemblyInfoInputs.cache","Custom-only","Build-or-runtime-review","66",,"1FED0A160B24DC1F879F46CA141E0188509F20AA0E1E75E0118772B9216E8C62",
"obj/x64/Debug/net8.0-windows/Aimmy2_vrp4ufqg_wpftmp.assets.cache","Custom-only","Build-or-runtime-review","36246",,"BC68AFEC29ABC0CCB0F9AF49D3FBB17184AFC943390A22F609E71A4A5D3E1494",
"obj/x64/Debug/net8.0-windows/Aimmy2_vrp4ufqg_wpftmp.csproj.BuildWithSkipAnalyzers","Custom-only","Build-or-runtime-review","0",,"E3B0C44298FC1C149AFBF4C8996FB92427AE41E4649B934CA495991B7852B855",
"obj/x64/Debug/net8.0-windows/Aimmy2_vrp4ufqg_wpftmp.GeneratedMSBuildEditorConfig.editorconfig","Custom-only","Build-or-runtime-review","819",,"3EF9182B52BEC39BB699BFEDA752F9503391A74FEF47E0F28DE1EF6BBECF8217",
"obj/x64/Debug/net8.0-windows/Aimmy2_vrp4ufqg_wpftmp.GlobalUsings.g.cs","Custom-only","Build-or-runtime-review","183",,"FE45EA572AADFD1A9B54CF7251405CFA11B748CA88B034F06A724D49758CED2D",
"obj/x64/Debug/net8.0-windows/Aimmy2_vv0o5k4e_wpftmp.AssemblyInfo.cs","Custom-only","Build-or-runtime-review","1174",,"C2EE451CD149B2DEC17A341AD1D3BF0A44858776D43EDF436A126C6AAE80D41C",
"obj/x64/Debug/net8.0-windows/Aimmy2_vv0o5k4e_wpftmp.AssemblyInfoInputs.cache","Custom-only","Build-or-runtime-review","66",,"1FED0A160B24DC1F879F46CA141E0188509F20AA0E1E75E0118772B9216E8C62",
"obj/x64/Debug/net8.0-windows/Aimmy2_vv0o5k4e_wpftmp.assets.cache","Custom-only","Build-or-runtime-review","36246",,"7416529E17BA595FE9988A235750F2A08E2473D8961EAF2B0DBE30E93259E4B7",
"obj/x64/Debug/net8.0-windows/Aimmy2_vv0o5k4e_wpftmp.csproj.BuildWithSkipAnalyzers","Custom-only","Build-or-runtime-review","0",,"E3B0C44298FC1C149AFBF4C8996FB92427AE41E4649B934CA495991B7852B855",
"obj/x64/Debug/net8.0-windows/Aimmy2_vv0o5k4e_wpftmp.GeneratedMSBuildEditorConfig.editorconfig","Custom-only","Build-or-runtime-review","1089",,"CC748429AEA0ACF5AEA2FB723D077EF8D4DEE0BE87B2A471315C2527C73E7F58",
"obj/x64/Debug/net8.0-windows/Aimmy2_vv0o5k4e_wpftmp.GlobalUsings.g.cs","Custom-only","Build-or-runtime-review","183",,"FE45EA572AADFD1A9B54CF7251405CFA11B748CA88B034F06A724D49758CED2D",
"obj/x64/Debug/net8.0-windows/Aimmy2_vyzpng4e_wpftmp.AssemblyInfo.cs","Custom-only","Build-or-runtime-review","1174",,"C2EE451CD149B2DEC17A341AD1D3BF0A44858776D43EDF436A126C6AAE80D41C",
"obj/x64/Debug/net8.0-windows/Aimmy2_vyzpng4e_wpftmp.AssemblyInfoInputs.cache","Custom-only","Build-or-runtime-review","66",,"1FED0A160B24DC1F879F46CA141E0188509F20AA0E1E75E0118772B9216E8C62",
"obj/x64/Debug/net8.0-windows/Aimmy2_vyzpng4e_wpftmp.assets.cache","Custom-only","Build-or-runtime-review","36246",,"7D5E8408C2614639167E32DFC53A8D9F428E1933B17EFCAEE25023727B650315",
"obj/x64/Debug/net8.0-windows/Aimmy2_vyzpng4e_wpftmp.csproj.BuildWithSkipAnalyzers","Custom-only","Build-or-runtime-review","0",,"E3B0C44298FC1C149AFBF4C8996FB92427AE41E4649B934CA495991B7852B855",
"obj/x64/Debug/net8.0-windows/Aimmy2_vyzpng4e_wpftmp.GeneratedMSBuildEditorConfig.editorconfig","Custom-only","Build-or-runtime-review","819",,"3EF9182B52BEC39BB699BFEDA752F9503391A74FEF47E0F28DE1EF6BBECF8217",
"obj/x64/Debug/net8.0-windows/Aimmy2_vyzpng4e_wpftmp.GlobalUsings.g.cs","Custom-only","Build-or-runtime-review","183",,"FE45EA572AADFD1A9B54CF7251405CFA11B748CA88B034F06A724D49758CED2D",
"obj/x64/Debug/net8.0-windows/Aimmy2_weqbenvu_wpftmp.AssemblyInfo.cs","Custom-only","Build-or-runtime-review","1174",,"C2EE451CD149B2DEC17A341AD1D3BF0A44858776D43EDF436A126C6AAE80D41C",
"obj/x64/Debug/net8.0-windows/Aimmy2_weqbenvu_wpftmp.AssemblyInfoInputs.cache","Custom-only","Build-or-runtime-review","66",,"1FED0A160B24DC1F879F46CA141E0188509F20AA0E1E75E0118772B9216E8C62",
"obj/x64/Debug/net8.0-windows/Aimmy2_weqbenvu_wpftmp.assets.cache","Custom-only","Build-or-runtime-review","36246",,"9E279082FC3AF1D39CC2D53DC0B131CD96649CAF1FCEA90FAF3AF2BF12DECC3B",
"obj/x64/Debug/net8.0-windows/Aimmy2_weqbenvu_wpftmp.GeneratedMSBuildEditorConfig.editorconfig","Custom-only","Build-or-runtime-review","819",,"3EF9182B52BEC39BB699BFEDA752F9503391A74FEF47E0F28DE1EF6BBECF8217",
"obj/x64/Debug/net8.0-windows/Aimmy2_weqbenvu_wpftmp.GlobalUsings.g.cs","Custom-only","Build-or-runtime-review","183",,"FE45EA572AADFD1A9B54CF7251405CFA11B748CA88B034F06A724D49758CED2D",
"obj/x64/Debug/net8.0-windows/Aimmy2_wfqb2ukk_wpftmp.AssemblyInfo.cs","Custom-only","Build-or-runtime-review","1174",,"C2EE451CD149B2DEC17A341AD1D3BF0A44858776D43EDF436A126C6AAE80D41C",
"obj/x64/Debug/net8.0-windows/Aimmy2_wfqb2ukk_wpftmp.AssemblyInfoInputs.cache","Custom-only","Build-or-runtime-review","66",,"1FED0A160B24DC1F879F46CA141E0188509F20AA0E1E75E0118772B9216E8C62",
"obj/x64/Debug/net8.0-windows/Aimmy2_wfqb2ukk_wpftmp.assets.cache","Custom-only","Build-or-runtime-review","36246",,"829659F46F7A393797BE3EF3FB8F9C761C91D06A874FF64653C78D989B14F07B",
"obj/x64/Debug/net8.0-windows/Aimmy2_wfqb2ukk_wpftmp.csproj.BuildWithSkipAnalyzers","Custom-only","Build-or-runtime-review","0",,"E3B0C44298FC1C149AFBF4C8996FB92427AE41E4649B934CA495991B7852B855",
"obj/x64/Debug/net8.0-windows/Aimmy2_wfqb2ukk_wpftmp.GeneratedMSBuildEditorConfig.editorconfig","Custom-only","Build-or-runtime-review","819",,"3EF9182B52BEC39BB699BFEDA752F9503391A74FEF47E0F28DE1EF6BBECF8217",
"obj/x64/Debug/net8.0-windows/Aimmy2_wfqb2ukk_wpftmp.GlobalUsings.g.cs","Custom-only","Build-or-runtime-review","183",,"FE45EA572AADFD1A9B54CF7251405CFA11B748CA88B034F06A724D49758CED2D",
"obj/x64/Debug/net8.0-windows/Aimmy2_wfuzxwup_wpftmp.AssemblyInfo.cs","Custom-only","Build-or-runtime-review","1174",,"C2EE451CD149B2DEC17A341AD1D3BF0A44858776D43EDF436A126C6AAE80D41C",
"obj/x64/Debug/net8.0-windows/Aimmy2_wfuzxwup_wpftmp.AssemblyInfoInputs.cache","Custom-only","Build-or-runtime-review","66",,"1FED0A160B24DC1F879F46CA141E0188509F20AA0E1E75E0118772B9216E8C62",
"obj/x64/Debug/net8.0-windows/Aimmy2_wfuzxwup_wpftmp.assets.cache","Custom-only","Build-or-runtime-review","36246",,"1D22B8D60CB1776091441B25E47730B23824E2630F2C3543B0A2359AC6E7638D",
"obj/x64/Debug/net8.0-windows/Aimmy2_wfuzxwup_wpftmp.csproj.BuildWithSkipAnalyzers","Custom-only","Build-or-runtime-review","0",,"E3B0C44298FC1C149AFBF4C8996FB92427AE41E4649B934CA495991B7852B855",
"obj/x64/Debug/net8.0-windows/Aimmy2_wfuzxwup_wpftmp.GeneratedMSBuildEditorConfig.editorconfig","Custom-only","Build-or-runtime-review","819",,"3EF9182B52BEC39BB699BFEDA752F9503391A74FEF47E0F28DE1EF6BBECF8217",
"obj/x64/Debug/net8.0-windows/Aimmy2_wfuzxwup_wpftmp.GlobalUsings.g.cs","Custom-only","Build-or-runtime-review","183",,"FE45EA572AADFD1A9B54CF7251405CFA11B748CA88B034F06A724D49758CED2D",
"obj/x64/Debug/net8.0-windows/Aimmy2_wohjs2kk_wpftmp.AssemblyInfo.cs","Custom-only","Build-or-runtime-review","1174",,"C2EE451CD149B2DEC17A341AD1D3BF0A44858776D43EDF436A126C6AAE80D41C",
"obj/x64/Debug/net8.0-windows/Aimmy2_wohjs2kk_wpftmp.AssemblyInfoInputs.cache","Custom-only","Build-or-runtime-review","66",,"1FED0A160B24DC1F879F46CA141E0188509F20AA0E1E75E0118772B9216E8C62",
"obj/x64/Debug/net8.0-windows/Aimmy2_wohjs2kk_wpftmp.assets.cache","Custom-only","Build-or-runtime-review","36246",,"F84AD976FA3296C4DBE8DE4548FE7B0EAC3AE2B42A7ADC6373939DD7A98DF9A6",
"obj/x64/Debug/net8.0-windows/Aimmy2_wohjs2kk_wpftmp.csproj.BuildWithSkipAnalyzers","Custom-only","Build-or-runtime-review","0",,"E3B0C44298FC1C149AFBF4C8996FB92427AE41E4649B934CA495991B7852B855",
"obj/x64/Debug/net8.0-windows/Aimmy2_wohjs2kk_wpftmp.GeneratedMSBuildEditorConfig.editorconfig","Custom-only","Build-or-runtime-review","1089",,"CC748429AEA0ACF5AEA2FB723D077EF8D4DEE0BE87B2A471315C2527C73E7F58",
"obj/x64/Debug/net8.0-windows/Aimmy2_wohjs2kk_wpftmp.GlobalUsings.g.cs","Custom-only","Build-or-runtime-review","183",,"FE45EA572AADFD1A9B54CF7251405CFA11B748CA88B034F06A724D49758CED2D",
"obj/x64/Debug/net8.0-windows/Aimmy2_wq2nxlxa_wpftmp.AssemblyInfo.cs","Custom-only","Build-or-runtime-review","1174",,"C2EE451CD149B2DEC17A341AD1D3BF0A44858776D43EDF436A126C6AAE80D41C",
"obj/x64/Debug/net8.0-windows/Aimmy2_wq2nxlxa_wpftmp.AssemblyInfoInputs.cache","Custom-only","Build-or-runtime-review","66",,"1FED0A160B24DC1F879F46CA141E0188509F20AA0E1E75E0118772B9216E8C62",
"obj/x64/Debug/net8.0-windows/Aimmy2_wq2nxlxa_wpftmp.assets.cache","Custom-only","Build-or-runtime-review","36246",,"50CBE35823496764E279B124C794B57D69C55816A5DC24E21F9E7D7D2432C828",
"obj/x64/Debug/net8.0-windows/Aimmy2_wq2nxlxa_wpftmp.csproj.BuildWithSkipAnalyzers","Custom-only","Build-or-runtime-review","0",,"E3B0C44298FC1C149AFBF4C8996FB92427AE41E4649B934CA495991B7852B855",
"obj/x64/Debug/net8.0-windows/Aimmy2_wq2nxlxa_wpftmp.GeneratedMSBuildEditorConfig.editorconfig","Custom-only","Build-or-runtime-review","819",,"3EF9182B52BEC39BB699BFEDA752F9503391A74FEF47E0F28DE1EF6BBECF8217",
"obj/x64/Debug/net8.0-windows/Aimmy2_wq2nxlxa_wpftmp.GlobalUsings.g.cs","Custom-only","Build-or-runtime-review","183",,"FE45EA572AADFD1A9B54CF7251405CFA11B748CA88B034F06A724D49758CED2D",
"obj/x64/Debug/net8.0-windows/Aimmy2_wqyjmswo_wpftmp.AssemblyInfo.cs","Custom-only","Build-or-runtime-review","1174",,"C2EE451CD149B2DEC17A341AD1D3BF0A44858776D43EDF436A126C6AAE80D41C",
"obj/x64/Debug/net8.0-windows/Aimmy2_wqyjmswo_wpftmp.AssemblyInfoInputs.cache","Custom-only","Build-or-runtime-review","66",,"1FED0A160B24DC1F879F46CA141E0188509F20AA0E1E75E0118772B9216E8C62",
"obj/x64/Debug/net8.0-windows/Aimmy2_wqyjmswo_wpftmp.assets.cache","Custom-only","Build-or-runtime-review","36246",,"9402379A5D73877E15C537C2EDBE1342724509A9D032B83467E99E84F0A90292",
"obj/x64/Debug/net8.0-windows/Aimmy2_wqyjmswo_wpftmp.csproj.BuildWithSkipAnalyzers","Custom-only","Build-or-runtime-review","0",,"E3B0C44298FC1C149AFBF4C8996FB92427AE41E4649B934CA495991B7852B855",
"obj/x64/Debug/net8.0-windows/Aimmy2_wqyjmswo_wpftmp.GeneratedMSBuildEditorConfig.editorconfig","Custom-only","Build-or-runtime-review","1149",,"98176DAE78CCB53DDE88AC657DFBA4937F1E53EC93DE7CDC1361C7885FEA94A9",
"obj/x64/Debug/net8.0-windows/Aimmy2_wqyjmswo_wpftmp.GlobalUsings.g.cs","Custom-only","Build-or-runtime-review","183",,"FE45EA572AADFD1A9B54CF7251405CFA11B748CA88B034F06A724D49758CED2D",
"obj/x64/Debug/net8.0-windows/Aimmy2_wsxt3yiy_wpftmp.AssemblyInfo.cs","Custom-only","Build-or-runtime-review","1174",,"C2EE451CD149B2DEC17A341AD1D3BF0A44858776D43EDF436A126C6AAE80D41C",
"obj/x64/Debug/net8.0-windows/Aimmy2_wsxt3yiy_wpftmp.AssemblyInfoInputs.cache","Custom-only","Build-or-runtime-review","66",,"1FED0A160B24DC1F879F46CA141E0188509F20AA0E1E75E0118772B9216E8C62",
"obj/x64/Debug/net8.0-windows/Aimmy2_wsxt3yiy_wpftmp.assets.cache","Custom-only","Build-or-runtime-review","36246",,"6DFA976FC5245A19CFC092086E1D948F220FB8350AD10F662DC7679DE02B58E7",
"obj/x64/Debug/net8.0-windows/Aimmy2_wsxt3yiy_wpftmp.csproj.BuildWithSkipAnalyzers","Custom-only","Build-or-runtime-review","0",,"E3B0C44298FC1C149AFBF4C8996FB92427AE41E4649B934CA495991B7852B855",
"obj/x64/Debug/net8.0-windows/Aimmy2_wsxt3yiy_wpftmp.GeneratedMSBuildEditorConfig.editorconfig","Custom-only","Build-or-runtime-review","819",,"3EF9182B52BEC39BB699BFEDA752F9503391A74FEF47E0F28DE1EF6BBECF8217",
"obj/x64/Debug/net8.0-windows/Aimmy2_wsxt3yiy_wpftmp.GlobalUsings.g.cs","Custom-only","Build-or-runtime-review","183",,"FE45EA572AADFD1A9B54CF7251405CFA11B748CA88B034F06A724D49758CED2D",
"obj/x64/Debug/net8.0-windows/Aimmy2_wuy2ucat_wpftmp.AssemblyInfo.cs","Custom-only","Build-or-runtime-review","1174",,"C2EE451CD149B2DEC17A341AD1D3BF0A44858776D43EDF436A126C6AAE80D41C",
"obj/x64/Debug/net8.0-windows/Aimmy2_wuy2ucat_wpftmp.AssemblyInfoInputs.cache","Custom-only","Build-or-runtime-review","66",,"1FED0A160B24DC1F879F46CA141E0188509F20AA0E1E75E0118772B9216E8C62",
"obj/x64/Debug/net8.0-windows/Aimmy2_wuy2ucat_wpftmp.assets.cache","Custom-only","Build-or-runtime-review","36246",,"351BD151BBC250B1E36FB185E12C881A021F3BBC6A3466819C539576FECFA9C2",
"obj/x64/Debug/net8.0-windows/Aimmy2_wuy2ucat_wpftmp.GeneratedMSBuildEditorConfig.editorconfig","Custom-only","Build-or-runtime-review","819",,"3EF9182B52BEC39BB699BFEDA752F9503391A74FEF47E0F28DE1EF6BBECF8217",
"obj/x64/Debug/net8.0-windows/Aimmy2_wuy2ucat_wpftmp.GlobalUsings.g.cs","Custom-only","Build-or-runtime-review","183",,"FE45EA572AADFD1A9B54CF7251405CFA11B748CA88B034F06A724D49758CED2D",
"obj/x64/Debug/net8.0-windows/Aimmy2_wwedclv5_wpftmp.AssemblyInfo.cs","Custom-only","Build-or-runtime-review","1174",,"C2EE451CD149B2DEC17A341AD1D3BF0A44858776D43EDF436A126C6AAE80D41C",
"obj/x64/Debug/net8.0-windows/Aimmy2_wwedclv5_wpftmp.AssemblyInfoInputs.cache","Custom-only","Build-or-runtime-review","66",,"1FED0A160B24DC1F879F46CA141E0188509F20AA0E1E75E0118772B9216E8C62",
"obj/x64/Debug/net8.0-windows/Aimmy2_wwedclv5_wpftmp.assets.cache","Custom-only","Build-or-runtime-review","36246",,"966FDC2B76175AC3386241BDCF49162C602A1214E7462DD6BF1614F17E0E8E59",
"obj/x64/Debug/net8.0-windows/Aimmy2_wwedclv5_wpftmp.csproj.BuildWithSkipAnalyzers","Custom-only","Build-or-runtime-review","0",,"E3B0C44298FC1C149AFBF4C8996FB92427AE41E4649B934CA495991B7852B855",
"obj/x64/Debug/net8.0-windows/Aimmy2_wwedclv5_wpftmp.GeneratedMSBuildEditorConfig.editorconfig","Custom-only","Build-or-runtime-review","1087",,"C366639FD103F2DFAF1CEAC8F5F050E5B15FAA45E2DDDF371B29998033B4FDB2",
"obj/x64/Debug/net8.0-windows/Aimmy2_wwedclv5_wpftmp.GlobalUsings.g.cs","Custom-only","Build-or-runtime-review","183",,"FE45EA572AADFD1A9B54CF7251405CFA11B748CA88B034F06A724D49758CED2D",
"obj/x64/Debug/net8.0-windows/Aimmy2_x105dlnw_wpftmp.AssemblyInfo.cs","Custom-only","Build-or-runtime-review","1174",,"C2EE451CD149B2DEC17A341AD1D3BF0A44858776D43EDF436A126C6AAE80D41C",
"obj/x64/Debug/net8.0-windows/Aimmy2_x105dlnw_wpftmp.AssemblyInfoInputs.cache","Custom-only","Build-or-runtime-review","66",,"1FED0A160B24DC1F879F46CA141E0188509F20AA0E1E75E0118772B9216E8C62",
"obj/x64/Debug/net8.0-windows/Aimmy2_x105dlnw_wpftmp.assets.cache","Custom-only","Build-or-runtime-review","36246",,"BD7AEFBB00AF5F21EA3D34F5ED78357E7B01BED3D50686E018836BE83A04D71C",
"obj/x64/Debug/net8.0-windows/Aimmy2_x105dlnw_wpftmp.csproj.BuildWithSkipAnalyzers","Custom-only","Build-or-runtime-review","0",,"E3B0C44298FC1C149AFBF4C8996FB92427AE41E4649B934CA495991B7852B855",
"obj/x64/Debug/net8.0-windows/Aimmy2_x105dlnw_wpftmp.GeneratedMSBuildEditorConfig.editorconfig","Custom-only","Build-or-runtime-review","1089",,"1CA322FEC0767C49135114EBD501237764293209ADAE9CFBFA1FD087033D98AB",
"obj/x64/Debug/net8.0-windows/Aimmy2_x105dlnw_wpftmp.GlobalUsings.g.cs","Custom-only","Build-or-runtime-review","183",,"FE45EA572AADFD1A9B54CF7251405CFA11B748CA88B034F06A724D49758CED2D",
"obj/x64/Debug/net8.0-windows/Aimmy2_x3aq4to3_wpftmp.AssemblyInfo.cs","Custom-only","Build-or-runtime-review","1174",,"C2EE451CD149B2DEC17A341AD1D3BF0A44858776D43EDF436A126C6AAE80D41C",
"obj/x64/Debug/net8.0-windows/Aimmy2_x3aq4to3_wpftmp.AssemblyInfoInputs.cache","Custom-only","Build-or-runtime-review","66",,"1FED0A160B24DC1F879F46CA141E0188509F20AA0E1E75E0118772B9216E8C62",
"obj/x64/Debug/net8.0-windows/Aimmy2_x3aq4to3_wpftmp.assets.cache","Custom-only","Build-or-runtime-review","36246",,"E132D3511C684A8CAFE561E481AD3E6120E790E51259765651CA903A2FA979FE",
"obj/x64/Debug/net8.0-windows/Aimmy2_x3aq4to3_wpftmp.csproj.BuildWithSkipAnalyzers","Custom-only","Build-or-runtime-review","0",,"E3B0C44298FC1C149AFBF4C8996FB92427AE41E4649B934CA495991B7852B855",
"obj/x64/Debug/net8.0-windows/Aimmy2_x3aq4to3_wpftmp.GeneratedMSBuildEditorConfig.editorconfig","Custom-only","Build-or-runtime-review","1089",,"CC748429AEA0ACF5AEA2FB723D077EF8D4DEE0BE87B2A471315C2527C73E7F58",
"obj/x64/Debug/net8.0-windows/Aimmy2_x3aq4to3_wpftmp.GlobalUsings.g.cs","Custom-only","Build-or-runtime-review","183",,"FE45EA572AADFD1A9B54CF7251405CFA11B748CA88B034F06A724D49758CED2D",
"obj/x64/Debug/net8.0-windows/Aimmy2_x5qu2smy_wpftmp.AssemblyInfo.cs","Custom-only","Build-or-runtime-review","1174",,"C2EE451CD149B2DEC17A341AD1D3BF0A44858776D43EDF436A126C6AAE80D41C",
"obj/x64/Debug/net8.0-windows/Aimmy2_x5qu2smy_wpftmp.AssemblyInfoInputs.cache","Custom-only","Build-or-runtime-review","66",,"1FED0A160B24DC1F879F46CA141E0188509F20AA0E1E75E0118772B9216E8C62",
"obj/x64/Debug/net8.0-windows/Aimmy2_x5qu2smy_wpftmp.assets.cache","Custom-only","Build-or-runtime-review","36246",,"6D3D79E68A8261AE63256FD03E5A443CCF0EC1B828DDFDB21BB92AF3ADD92C80",
"obj/x64/Debug/net8.0-windows/Aimmy2_x5qu2smy_wpftmp.csproj.BuildWithSkipAnalyzers","Custom-only","Build-or-runtime-review","0",,"E3B0C44298FC1C149AFBF4C8996FB92427AE41E4649B934CA495991B7852B855",
"obj/x64/Debug/net8.0-windows/Aimmy2_x5qu2smy_wpftmp.GeneratedMSBuildEditorConfig.editorconfig","Custom-only","Build-or-runtime-review","1089",,"CC748429AEA0ACF5AEA2FB723D077EF8D4DEE0BE87B2A471315C2527C73E7F58",
"obj/x64/Debug/net8.0-windows/Aimmy2_x5qu2smy_wpftmp.GlobalUsings.g.cs","Custom-only","Build-or-runtime-review","183",,"FE45EA572AADFD1A9B54CF7251405CFA11B748CA88B034F06A724D49758CED2D",
"obj/x64/Debug/net8.0-windows/Aimmy2_xadvl1a0_wpftmp.AssemblyInfo.cs","Custom-only","Build-or-runtime-review","1174",,"C2EE451CD149B2DEC17A341AD1D3BF0A44858776D43EDF436A126C6AAE80D41C",
"obj/x64/Debug/net8.0-windows/Aimmy2_xadvl1a0_wpftmp.AssemblyInfoInputs.cache","Custom-only","Build-or-runtime-review","66",,"1FED0A160B24DC1F879F46CA141E0188509F20AA0E1E75E0118772B9216E8C62",
"obj/x64/Debug/net8.0-windows/Aimmy2_xadvl1a0_wpftmp.assets.cache","Custom-only","Build-or-runtime-review","36246",,"AC25C2192E79A88A3A625EBE18E91070206644A24670A97CBFA0C44ECB64EAE1",
"obj/x64/Debug/net8.0-windows/Aimmy2_xadvl1a0_wpftmp.csproj.BuildWithSkipAnalyzers","Custom-only","Build-or-runtime-review","0",,"E3B0C44298FC1C149AFBF4C8996FB92427AE41E4649B934CA495991B7852B855",
"obj/x64/Debug/net8.0-windows/Aimmy2_xadvl1a0_wpftmp.GeneratedMSBuildEditorConfig.editorconfig","Custom-only","Build-or-runtime-review","819",,"3EF9182B52BEC39BB699BFEDA752F9503391A74FEF47E0F28DE1EF6BBECF8217",
"obj/x64/Debug/net8.0-windows/Aimmy2_xadvl1a0_wpftmp.GlobalUsings.g.cs","Custom-only","Build-or-runtime-review","183",,"FE45EA572AADFD1A9B54CF7251405CFA11B748CA88B034F06A724D49758CED2D",
"obj/x64/Debug/net8.0-windows/Aimmy2_xc0455ls_wpftmp.AssemblyInfo.cs","Custom-only","Build-or-runtime-review","1174",,"C2EE451CD149B2DEC17A341AD1D3BF0A44858776D43EDF436A126C6AAE80D41C",
"obj/x64/Debug/net8.0-windows/Aimmy2_xc0455ls_wpftmp.AssemblyInfoInputs.cache","Custom-only","Build-or-runtime-review","66",,"1FED0A160B24DC1F879F46CA141E0188509F20AA0E1E75E0118772B9216E8C62",
"obj/x64/Debug/net8.0-windows/Aimmy2_xc0455ls_wpftmp.assets.cache","Custom-only","Build-or-runtime-review","36246",,"517081FA8C1BEC65451628B1404EB08077A95C914DBB68995398A21AA08660AD",
"obj/x64/Debug/net8.0-windows/Aimmy2_xc0455ls_wpftmp.csproj.BuildWithSkipAnalyzers","Custom-only","Build-or-runtime-review","0",,"E3B0C44298FC1C149AFBF4C8996FB92427AE41E4649B934CA495991B7852B855",
"obj/x64/Debug/net8.0-windows/Aimmy2_xc0455ls_wpftmp.GeneratedMSBuildEditorConfig.editorconfig","Custom-only","Build-or-runtime-review","819",,"3EF9182B52BEC39BB699BFEDA752F9503391A74FEF47E0F28DE1EF6BBECF8217",
"obj/x64/Debug/net8.0-windows/Aimmy2_xc0455ls_wpftmp.GlobalUsings.g.cs","Custom-only","Build-or-runtime-review","183",,"FE45EA572AADFD1A9B54CF7251405CFA11B748CA88B034F06A724D49758CED2D",
"obj/x64/Debug/net8.0-windows/Aimmy2_xf2zhtet_wpftmp.AssemblyInfo.cs","Custom-only","Build-or-runtime-review","1174",,"C2EE451CD149B2DEC17A341AD1D3BF0A44858776D43EDF436A126C6AAE80D41C",
"obj/x64/Debug/net8.0-windows/Aimmy2_xf2zhtet_wpftmp.AssemblyInfoInputs.cache","Custom-only","Build-or-runtime-review","66",,"1FED0A160B24DC1F879F46CA141E0188509F20AA0E1E75E0118772B9216E8C62",
"obj/x64/Debug/net8.0-windows/Aimmy2_xf2zhtet_wpftmp.assets.cache","Custom-only","Build-or-runtime-review","36246",,"6C019443C9C6CBD9F1212D8152724FAC4169C78A51C96FF7C9128DC94FF0E53E",
"obj/x64/Debug/net8.0-windows/Aimmy2_xf2zhtet_wpftmp.csproj.BuildWithSkipAnalyzers","Custom-only","Build-or-runtime-review","0",,"E3B0C44298FC1C149AFBF4C8996FB92427AE41E4649B934CA495991B7852B855",
"obj/x64/Debug/net8.0-windows/Aimmy2_xf2zhtet_wpftmp.GeneratedMSBuildEditorConfig.editorconfig","Custom-only","Build-or-runtime-review","1149",,"98176DAE78CCB53DDE88AC657DFBA4937F1E53EC93DE7CDC1361C7885FEA94A9",
"obj/x64/Debug/net8.0-windows/Aimmy2_xf2zhtet_wpftmp.GlobalUsings.g.cs","Custom-only","Build-or-runtime-review","183",,"FE45EA572AADFD1A9B54CF7251405CFA11B748CA88B034F06A724D49758CED2D",
"obj/x64/Debug/net8.0-windows/Aimmy2_xgilztav_wpftmp.AssemblyInfo.cs","Custom-only","Build-or-runtime-review","1174",,"C2EE451CD149B2DEC17A341AD1D3BF0A44858776D43EDF436A126C6AAE80D41C",
"obj/x64/Debug/net8.0-windows/Aimmy2_xgilztav_wpftmp.AssemblyInfoInputs.cache","Custom-only","Build-or-runtime-review","66",,"1FED0A160B24DC1F879F46CA141E0188509F20AA0E1E75E0118772B9216E8C62",
"obj/x64/Debug/net8.0-windows/Aimmy2_xgilztav_wpftmp.assets.cache","Custom-only","Build-or-runtime-review","36246",,"5272CE8ECC0B3AD00269FCF3CA83AE36DF2923D75712CD5BC3083438B5E230A9",
"obj/x64/Debug/net8.0-windows/Aimmy2_xgilztav_wpftmp.csproj.BuildWithSkipAnalyzers","Custom-only","Build-or-runtime-review","0",,"E3B0C44298FC1C149AFBF4C8996FB92427AE41E4649B934CA495991B7852B855",
"obj/x64/Debug/net8.0-windows/Aimmy2_xgilztav_wpftmp.GeneratedMSBuildEditorConfig.editorconfig","Custom-only","Build-or-runtime-review","819",,"3EF9182B52BEC39BB699BFEDA752F9503391A74FEF47E0F28DE1EF6BBECF8217",
"obj/x64/Debug/net8.0-windows/Aimmy2_xgilztav_wpftmp.GlobalUsings.g.cs","Custom-only","Build-or-runtime-review","183",,"FE45EA572AADFD1A9B54CF7251405CFA11B748CA88B034F06A724D49758CED2D",
"obj/x64/Debug/net8.0-windows/Aimmy2_xidnya2a_wpftmp.AssemblyInfo.cs","Custom-only","Build-or-runtime-review","1134",,"2F8C29215F674C512A34E86826AEF40C8ABD269B7C1C6D14D5B06E834B28541D",
"obj/x64/Debug/net8.0-windows/Aimmy2_xidnya2a_wpftmp.AssemblyInfoInputs.cache","Custom-only","Build-or-runtime-review","66",,"1FED0A160B24DC1F879F46CA141E0188509F20AA0E1E75E0118772B9216E8C62",
"obj/x64/Debug/net8.0-windows/Aimmy2_xidnya2a_wpftmp.assets.cache","Custom-only","Build-or-runtime-review","36246",,"BF01D0BDEE71CACE85BDFF0E95DCF23D3F1F414FF444FAEC45D65867B3C16F94",
"obj/x64/Debug/net8.0-windows/Aimmy2_xidnya2a_wpftmp.GeneratedMSBuildEditorConfig.editorconfig","Custom-only","Build-or-runtime-review","1087",,"C366639FD103F2DFAF1CEAC8F5F050E5B15FAA45E2DDDF371B29998033B4FDB2",
"obj/x64/Debug/net8.0-windows/Aimmy2_xidnya2a_wpftmp.GlobalUsings.g.cs","Custom-only","Build-or-runtime-review","183",,"FE45EA572AADFD1A9B54CF7251405CFA11B748CA88B034F06A724D49758CED2D",
"obj/x64/Debug/net8.0-windows/Aimmy2_xpl3ebyj_wpftmp.AssemblyInfo.cs","Custom-only","Build-or-runtime-review","1174",,"C2EE451CD149B2DEC17A341AD1D3BF0A44858776D43EDF436A126C6AAE80D41C",
"obj/x64/Debug/net8.0-windows/Aimmy2_xpl3ebyj_wpftmp.AssemblyInfoInputs.cache","Custom-only","Build-or-runtime-review","66",,"1FED0A160B24DC1F879F46CA141E0188509F20AA0E1E75E0118772B9216E8C62",
"obj/x64/Debug/net8.0-windows/Aimmy2_xpl3ebyj_wpftmp.assets.cache","Custom-only","Build-or-runtime-review","36246",,"FAB96DAF6534CC6C5220B7117F175934431038CD94C898A74097094B18D9BA6A",
"obj/x64/Debug/net8.0-windows/Aimmy2_xpl3ebyj_wpftmp.csproj.BuildWithSkipAnalyzers","Custom-only","Build-or-runtime-review","0",,"E3B0C44298FC1C149AFBF4C8996FB92427AE41E4649B934CA495991B7852B855",
"obj/x64/Debug/net8.0-windows/Aimmy2_xpl3ebyj_wpftmp.GeneratedMSBuildEditorConfig.editorconfig","Custom-only","Build-or-runtime-review","819",,"3EF9182B52BEC39BB699BFEDA752F9503391A74FEF47E0F28DE1EF6BBECF8217",
"obj/x64/Debug/net8.0-windows/Aimmy2_xpl3ebyj_wpftmp.GlobalUsings.g.cs","Custom-only","Build-or-runtime-review","183",,"FE45EA572AADFD1A9B54CF7251405CFA11B748CA88B034F06A724D49758CED2D",
"obj/x64/Debug/net8.0-windows/Aimmy2_xqiwzfd3_wpftmp.AssemblyInfo.cs","Custom-only","Build-or-runtime-review","1174",,"C2EE451CD149B2DEC17A341AD1D3BF0A44858776D43EDF436A126C6AAE80D41C",
"obj/x64/Debug/net8.0-windows/Aimmy2_xqiwzfd3_wpftmp.AssemblyInfoInputs.cache","Custom-only","Build-or-runtime-review","66",,"1FED0A160B24DC1F879F46CA141E0188509F20AA0E1E75E0118772B9216E8C62",
"obj/x64/Debug/net8.0-windows/Aimmy2_xqiwzfd3_wpftmp.assets.cache","Custom-only","Build-or-runtime-review","36246",,"3B74E553D8F46A696E765B52C8FC320875C47B8B65611939DE61BE0C8F03B31F",
"obj/x64/Debug/net8.0-windows/Aimmy2_xqiwzfd3_wpftmp.csproj.BuildWithSkipAnalyzers","Custom-only","Build-or-runtime-review","0",,"E3B0C44298FC1C149AFBF4C8996FB92427AE41E4649B934CA495991B7852B855",
"obj/x64/Debug/net8.0-windows/Aimmy2_xqiwzfd3_wpftmp.GeneratedMSBuildEditorConfig.editorconfig","Custom-only","Build-or-runtime-review","819",,"3EF9182B52BEC39BB699BFEDA752F9503391A74FEF47E0F28DE1EF6BBECF8217",
"obj/x64/Debug/net8.0-windows/Aimmy2_xqiwzfd3_wpftmp.GlobalUsings.g.cs","Custom-only","Build-or-runtime-review","183",,"FE45EA572AADFD1A9B54CF7251405CFA11B748CA88B034F06A724D49758CED2D",
"obj/x64/Debug/net8.0-windows/Aimmy2_y1tsfpjp_wpftmp.AssemblyInfo.cs","Custom-only","Build-or-runtime-review","1174",,"C2EE451CD149B2DEC17A341AD1D3BF0A44858776D43EDF436A126C6AAE80D41C",
"obj/x64/Debug/net8.0-windows/Aimmy2_y1tsfpjp_wpftmp.AssemblyInfoInputs.cache","Custom-only","Build-or-runtime-review","66",,"1FED0A160B24DC1F879F46CA141E0188509F20AA0E1E75E0118772B9216E8C62",
"obj/x64/Debug/net8.0-windows/Aimmy2_y1tsfpjp_wpftmp.assets.cache","Custom-only","Build-or-runtime-review","36246",,"3216E28593D15E401C2F4F912D3183A118696EB7E71F811F2A5A4E168A5E8EED",
"obj/x64/Debug/net8.0-windows/Aimmy2_y1tsfpjp_wpftmp.csproj.BuildWithSkipAnalyzers","Custom-only","Build-or-runtime-review","0",,"E3B0C44298FC1C149AFBF4C8996FB92427AE41E4649B934CA495991B7852B855",
"obj/x64/Debug/net8.0-windows/Aimmy2_y1tsfpjp_wpftmp.GeneratedMSBuildEditorConfig.editorconfig","Custom-only","Build-or-runtime-review","819",,"3EF9182B52BEC39BB699BFEDA752F9503391A74FEF47E0F28DE1EF6BBECF8217",
"obj/x64/Debug/net8.0-windows/Aimmy2_y1tsfpjp_wpftmp.GlobalUsings.g.cs","Custom-only","Build-or-runtime-review","183",,"FE45EA572AADFD1A9B54CF7251405CFA11B748CA88B034F06A724D49758CED2D",
"obj/x64/Debug/net8.0-windows/Aimmy2_y3az5csw_wpftmp.AssemblyInfo.cs","Custom-only","Build-or-runtime-review","1174",,"C2EE451CD149B2DEC17A341AD1D3BF0A44858776D43EDF436A126C6AAE80D41C",
"obj/x64/Debug/net8.0-windows/Aimmy2_y3az5csw_wpftmp.AssemblyInfoInputs.cache","Custom-only","Build-or-runtime-review","66",,"1FED0A160B24DC1F879F46CA141E0188509F20AA0E1E75E0118772B9216E8C62",
"obj/x64/Debug/net8.0-windows/Aimmy2_y3az5csw_wpftmp.assets.cache","Custom-only","Build-or-runtime-review","36246",,"583FA16C62960C7BEFE2C073924264C7206557D4A572B0AD03C08C1C48BFFBD8",
"obj/x64/Debug/net8.0-windows/Aimmy2_y3az5csw_wpftmp.csproj.BuildWithSkipAnalyzers","Custom-only","Build-or-runtime-review","0",,"E3B0C44298FC1C149AFBF4C8996FB92427AE41E4649B934CA495991B7852B855",
"obj/x64/Debug/net8.0-windows/Aimmy2_y3az5csw_wpftmp.GeneratedMSBuildEditorConfig.editorconfig","Custom-only","Build-or-runtime-review","819",,"3EF9182B52BEC39BB699BFEDA752F9503391A74FEF47E0F28DE1EF6BBECF8217",
"obj/x64/Debug/net8.0-windows/Aimmy2_y3az5csw_wpftmp.GlobalUsings.g.cs","Custom-only","Build-or-runtime-review","183",,"FE45EA572AADFD1A9B54CF7251405CFA11B748CA88B034F06A724D49758CED2D",
"obj/x64/Debug/net8.0-windows/Aimmy2_y4ko0wus_wpftmp.AssemblyInfo.cs","Custom-only","Build-or-runtime-review","1174",,"C2EE451CD149B2DEC17A341AD1D3BF0A44858776D43EDF436A126C6AAE80D41C",
"obj/x64/Debug/net8.0-windows/Aimmy2_y4ko0wus_wpftmp.AssemblyInfoInputs.cache","Custom-only","Build-or-runtime-review","66",,"1FED0A160B24DC1F879F46CA141E0188509F20AA0E1E75E0118772B9216E8C62",
"obj/x64/Debug/net8.0-windows/Aimmy2_y4ko0wus_wpftmp.assets.cache","Custom-only","Build-or-runtime-review","36246",,"A91A4F3EFFEDDE5FC90F997234E9D98ECE88DFE73D02987206AD669606169E13",
"obj/x64/Debug/net8.0-windows/Aimmy2_y4ko0wus_wpftmp.csproj.BuildWithSkipAnalyzers","Custom-only","Build-or-runtime-review","0",,"E3B0C44298FC1C149AFBF4C8996FB92427AE41E4649B934CA495991B7852B855",
"obj/x64/Debug/net8.0-windows/Aimmy2_y4ko0wus_wpftmp.GeneratedMSBuildEditorConfig.editorconfig","Custom-only","Build-or-runtime-review","819",,"3EF9182B52BEC39BB699BFEDA752F9503391A74FEF47E0F28DE1EF6BBECF8217",
"obj/x64/Debug/net8.0-windows/Aimmy2_y4ko0wus_wpftmp.GlobalUsings.g.cs","Custom-only","Build-or-runtime-review","183",,"FE45EA572AADFD1A9B54CF7251405CFA11B748CA88B034F06A724D49758CED2D",
"obj/x64/Debug/net8.0-windows/Aimmy2_yajikwea_wpftmp.AssemblyInfo.cs","Custom-only","Build-or-runtime-review","1174",,"C2EE451CD149B2DEC17A341AD1D3BF0A44858776D43EDF436A126C6AAE80D41C",
"obj/x64/Debug/net8.0-windows/Aimmy2_yajikwea_wpftmp.AssemblyInfoInputs.cache","Custom-only","Build-or-runtime-review","66",,"1FED0A160B24DC1F879F46CA141E0188509F20AA0E1E75E0118772B9216E8C62",
"obj/x64/Debug/net8.0-windows/Aimmy2_yajikwea_wpftmp.assets.cache","Custom-only","Build-or-runtime-review","36246",,"EF455C20DBE0F4199311E09C615C164E3869A007C80E3F686842AA6BCE856FCD",
"obj/x64/Debug/net8.0-windows/Aimmy2_yajikwea_wpftmp.csproj.BuildWithSkipAnalyzers","Custom-only","Build-or-runtime-review","0",,"E3B0C44298FC1C149AFBF4C8996FB92427AE41E4649B934CA495991B7852B855",
"obj/x64/Debug/net8.0-windows/Aimmy2_yajikwea_wpftmp.GeneratedMSBuildEditorConfig.editorconfig","Custom-only","Build-or-runtime-review","1149",,"98176DAE78CCB53DDE88AC657DFBA4937F1E53EC93DE7CDC1361C7885FEA94A9",
"obj/x64/Debug/net8.0-windows/Aimmy2_yajikwea_wpftmp.GlobalUsings.g.cs","Custom-only","Build-or-runtime-review","183",,"FE45EA572AADFD1A9B54CF7251405CFA11B748CA88B034F06A724D49758CED2D",
"obj/x64/Debug/net8.0-windows/Aimmy2_ybzq4dcf_wpftmp.AssemblyInfo.cs","Custom-only","Build-or-runtime-review","1174",,"C2EE451CD149B2DEC17A341AD1D3BF0A44858776D43EDF436A126C6AAE80D41C",
"obj/x64/Debug/net8.0-windows/Aimmy2_ybzq4dcf_wpftmp.AssemblyInfoInputs.cache","Custom-only","Build-or-runtime-review","66",,"1FED0A160B24DC1F879F46CA141E0188509F20AA0E1E75E0118772B9216E8C62",
"obj/x64/Debug/net8.0-windows/Aimmy2_ybzq4dcf_wpftmp.assets.cache","Custom-only","Build-or-runtime-review","36246",,"2D08994DB07545D36063CB7F09DD0F12FAEFDD836615B46216495FC3921AB4B9",
"obj/x64/Debug/net8.0-windows/Aimmy2_ybzq4dcf_wpftmp.csproj.BuildWithSkipAnalyzers","Custom-only","Build-or-runtime-review","0",,"E3B0C44298FC1C149AFBF4C8996FB92427AE41E4649B934CA495991B7852B855",
"obj/x64/Debug/net8.0-windows/Aimmy2_ybzq4dcf_wpftmp.GeneratedMSBuildEditorConfig.editorconfig","Custom-only","Build-or-runtime-review","1089",,"1CA322FEC0767C49135114EBD501237764293209ADAE9CFBFA1FD087033D98AB",
"obj/x64/Debug/net8.0-windows/Aimmy2_ybzq4dcf_wpftmp.GlobalUsings.g.cs","Custom-only","Build-or-runtime-review","183",,"FE45EA572AADFD1A9B54CF7251405CFA11B748CA88B034F06A724D49758CED2D",
"obj/x64/Debug/net8.0-windows/Aimmy2_yhaijedo_wpftmp.AssemblyInfo.cs","Custom-only","Build-or-runtime-review","1174",,"C2EE451CD149B2DEC17A341AD1D3BF0A44858776D43EDF436A126C6AAE80D41C",
"obj/x64/Debug/net8.0-windows/Aimmy2_yhaijedo_wpftmp.AssemblyInfoInputs.cache","Custom-only","Build-or-runtime-review","66",,"1FED0A160B24DC1F879F46CA141E0188509F20AA0E1E75E0118772B9216E8C62",
"obj/x64/Debug/net8.0-windows/Aimmy2_yhaijedo_wpftmp.assets.cache","Custom-only","Build-or-runtime-review","36246",,"D6D47FC4B4D0C21631439C8DE734C3F3E5CEDF3CB831299044E2083662453412",
"obj/x64/Debug/net8.0-windows/Aimmy2_yhaijedo_wpftmp.csproj.BuildWithSkipAnalyzers","Custom-only","Build-or-runtime-review","0",,"E3B0C44298FC1C149AFBF4C8996FB92427AE41E4649B934CA495991B7852B855",
"obj/x64/Debug/net8.0-windows/Aimmy2_yhaijedo_wpftmp.GeneratedMSBuildEditorConfig.editorconfig","Custom-only","Build-or-runtime-review","1149",,"82A2A9623CDA906D56014E452685D4E9051AC711A515221145F7E6D01B7596D9",
"obj/x64/Debug/net8.0-windows/Aimmy2_yhaijedo_wpftmp.GlobalUsings.g.cs","Custom-only","Build-or-runtime-review","183",,"FE45EA572AADFD1A9B54CF7251405CFA11B748CA88B034F06A724D49758CED2D",
"obj/x64/Debug/net8.0-windows/Aimmy2_yil04z4k_wpftmp.AssemblyInfo.cs","Custom-only","Build-or-runtime-review","1174",,"C2EE451CD149B2DEC17A341AD1D3BF0A44858776D43EDF436A126C6AAE80D41C",
"obj/x64/Debug/net8.0-windows/Aimmy2_yil04z4k_wpftmp.AssemblyInfoInputs.cache","Custom-only","Build-or-runtime-review","66",,"1FED0A160B24DC1F879F46CA141E0188509F20AA0E1E75E0118772B9216E8C62",
"obj/x64/Debug/net8.0-windows/Aimmy2_yil04z4k_wpftmp.assets.cache","Custom-only","Build-or-runtime-review","36246",,"2C57E07B259D63B8CE287BD9EC78B5361FE80C21361B27FCABCD3CFE6F86247B",
"obj/x64/Debug/net8.0-windows/Aimmy2_yil04z4k_wpftmp.csproj.BuildWithSkipAnalyzers","Custom-only","Build-or-runtime-review","0",,"E3B0C44298FC1C149AFBF4C8996FB92427AE41E4649B934CA495991B7852B855",
"obj/x64/Debug/net8.0-windows/Aimmy2_yil04z4k_wpftmp.GeneratedMSBuildEditorConfig.editorconfig","Custom-only","Build-or-runtime-review","1087",,"C366639FD103F2DFAF1CEAC8F5F050E5B15FAA45E2DDDF371B29998033B4FDB2",
"obj/x64/Debug/net8.0-windows/Aimmy2_yil04z4k_wpftmp.GlobalUsings.g.cs","Custom-only","Build-or-runtime-review","183",,"FE45EA572AADFD1A9B54CF7251405CFA11B748CA88B034F06A724D49758CED2D",
"obj/x64/Debug/net8.0-windows/Aimmy2_ylhhb4py_wpftmp.AssemblyInfo.cs","Custom-only","Build-or-runtime-review","1174",,"C2EE451CD149B2DEC17A341AD1D3BF0A44858776D43EDF436A126C6AAE80D41C",
"obj/x64/Debug/net8.0-windows/Aimmy2_ylhhb4py_wpftmp.AssemblyInfoInputs.cache","Custom-only","Build-or-runtime-review","66",,"1FED0A160B24DC1F879F46CA141E0188509F20AA0E1E75E0118772B9216E8C62",
"obj/x64/Debug/net8.0-windows/Aimmy2_ylhhb4py_wpftmp.assets.cache","Custom-only","Build-or-runtime-review","36246",,"DA9A51FCAFD9B674F38114078F36B5DDED5014F5243D8BB87524CB58927301C7",
"obj/x64/Debug/net8.0-windows/Aimmy2_ylhhb4py_wpftmp.GeneratedMSBuildEditorConfig.editorconfig","Custom-only","Build-or-runtime-review","871",,"7CC96B1D97E6B50EF1F26BFC7BB514E98BE018691CC42CCF7AFC905436532C7A",
"obj/x64/Debug/net8.0-windows/Aimmy2_ylhhb4py_wpftmp.GlobalUsings.g.cs","Custom-only","Build-or-runtime-review","183",,"FE45EA572AADFD1A9B54CF7251405CFA11B748CA88B034F06A724D49758CED2D",
"obj/x64/Debug/net8.0-windows/Aimmy2_yrlu1qlr_wpftmp.AssemblyInfo.cs","Custom-only","Build-or-runtime-review","1174",,"C2EE451CD149B2DEC17A341AD1D3BF0A44858776D43EDF436A126C6AAE80D41C",
"obj/x64/Debug/net8.0-windows/Aimmy2_yrlu1qlr_wpftmp.AssemblyInfoInputs.cache","Custom-only","Build-or-runtime-review","66",,"1FED0A160B24DC1F879F46CA141E0188509F20AA0E1E75E0118772B9216E8C62",
"obj/x64/Debug/net8.0-windows/Aimmy2_yrlu1qlr_wpftmp.assets.cache","Custom-only","Build-or-runtime-review","36246",,"5E5E162A2EA62BFEED22EF3899947CD4310F96D3F5BA9E034FEAED5F0117DC69",
"obj/x64/Debug/net8.0-windows/Aimmy2_yrlu1qlr_wpftmp.csproj.BuildWithSkipAnalyzers","Custom-only","Build-or-runtime-review","0",,"E3B0C44298FC1C149AFBF4C8996FB92427AE41E4649B934CA495991B7852B855",
"obj/x64/Debug/net8.0-windows/Aimmy2_yrlu1qlr_wpftmp.GeneratedMSBuildEditorConfig.editorconfig","Custom-only","Build-or-runtime-review","819",,"3EF9182B52BEC39BB699BFEDA752F9503391A74FEF47E0F28DE1EF6BBECF8217",
"obj/x64/Debug/net8.0-windows/Aimmy2_yrlu1qlr_wpftmp.GlobalUsings.g.cs","Custom-only","Build-or-runtime-review","183",,"FE45EA572AADFD1A9B54CF7251405CFA11B748CA88B034F06A724D49758CED2D",
"obj/x64/Debug/net8.0-windows/Aimmy2_ysiri2au_wpftmp.AssemblyInfo.cs","Custom-only","Build-or-runtime-review","1174",,"C2EE451CD149B2DEC17A341AD1D3BF0A44858776D43EDF436A126C6AAE80D41C",
"obj/x64/Debug/net8.0-windows/Aimmy2_ysiri2au_wpftmp.AssemblyInfoInputs.cache","Custom-only","Build-or-runtime-review","66",,"1FED0A160B24DC1F879F46CA141E0188509F20AA0E1E75E0118772B9216E8C62",
"obj/x64/Debug/net8.0-windows/Aimmy2_ysiri2au_wpftmp.assets.cache","Custom-only","Build-or-runtime-review","36246",,"CC15B5374A24A87DAFB1AB6F9C019320FE22FE92D96D5A51D84E35617B4AB0F7",
"obj/x64/Debug/net8.0-windows/Aimmy2_ysiri2au_wpftmp.csproj.BuildWithSkipAnalyzers","Custom-only","Build-or-runtime-review","0",,"E3B0C44298FC1C149AFBF4C8996FB92427AE41E4649B934CA495991B7852B855",
"obj/x64/Debug/net8.0-windows/Aimmy2_ysiri2au_wpftmp.GeneratedMSBuildEditorConfig.editorconfig","Custom-only","Build-or-runtime-review","819",,"3EF9182B52BEC39BB699BFEDA752F9503391A74FEF47E0F28DE1EF6BBECF8217",
"obj/x64/Debug/net8.0-windows/Aimmy2_ysiri2au_wpftmp.GlobalUsings.g.cs","Custom-only","Build-or-runtime-review","183",,"FE45EA572AADFD1A9B54CF7251405CFA11B748CA88B034F06A724D49758CED2D",
"obj/x64/Debug/net8.0-windows/Aimmy2_yyibqxet_wpftmp.AssemblyInfo.cs","Custom-only","Build-or-runtime-review","1174",,"C2EE451CD149B2DEC17A341AD1D3BF0A44858776D43EDF436A126C6AAE80D41C",
"obj/x64/Debug/net8.0-windows/Aimmy2_yyibqxet_wpftmp.AssemblyInfoInputs.cache","Custom-only","Build-or-runtime-review","66",,"1FED0A160B24DC1F879F46CA141E0188509F20AA0E1E75E0118772B9216E8C62",
"obj/x64/Debug/net8.0-windows/Aimmy2_yyibqxet_wpftmp.assets.cache","Custom-only","Build-or-runtime-review","36246",,"86E677331772FD82388FC55CBBEB949311DECF167D8083C6D5FCEC5E6F4F88BC",
"obj/x64/Debug/net8.0-windows/Aimmy2_yyibqxet_wpftmp.csproj.BuildWithSkipAnalyzers","Custom-only","Build-or-runtime-review","0",,"E3B0C44298FC1C149AFBF4C8996FB92427AE41E4649B934CA495991B7852B855",
"obj/x64/Debug/net8.0-windows/Aimmy2_yyibqxet_wpftmp.GeneratedMSBuildEditorConfig.editorconfig","Custom-only","Build-or-runtime-review","819",,"3EF9182B52BEC39BB699BFEDA752F9503391A74FEF47E0F28DE1EF6BBECF8217",
"obj/x64/Debug/net8.0-windows/Aimmy2_yyibqxet_wpftmp.GlobalUsings.g.cs","Custom-only","Build-or-runtime-review","183",,"FE45EA572AADFD1A9B54CF7251405CFA11B748CA88B034F06A724D49758CED2D",
"obj/x64/Debug/net8.0-windows/Aimmy2_z3kd20jf_wpftmp.AssemblyInfo.cs","Custom-only","Build-or-runtime-review","1174",,"C2EE451CD149B2DEC17A341AD1D3BF0A44858776D43EDF436A126C6AAE80D41C",
"obj/x64/Debug/net8.0-windows/Aimmy2_z3kd20jf_wpftmp.AssemblyInfoInputs.cache","Custom-only","Build-or-runtime-review","66",,"1FED0A160B24DC1F879F46CA141E0188509F20AA0E1E75E0118772B9216E8C62",
"obj/x64/Debug/net8.0-windows/Aimmy2_z3kd20jf_wpftmp.assets.cache","Custom-only","Build-or-runtime-review","36246",,"F29DE312F033801BAFF63F9C8D6B10C80A31CA23214DF7F569EE5E8F62B1B5E4",
"obj/x64/Debug/net8.0-windows/Aimmy2_z3kd20jf_wpftmp.csproj.BuildWithSkipAnalyzers","Custom-only","Build-or-runtime-review","0",,"E3B0C44298FC1C149AFBF4C8996FB92427AE41E4649B934CA495991B7852B855",
"obj/x64/Debug/net8.0-windows/Aimmy2_z3kd20jf_wpftmp.GeneratedMSBuildEditorConfig.editorconfig","Custom-only","Build-or-runtime-review","819",,"3EF9182B52BEC39BB699BFEDA752F9503391A74FEF47E0F28DE1EF6BBECF8217",
"obj/x64/Debug/net8.0-windows/Aimmy2_z3kd20jf_wpftmp.GlobalUsings.g.cs","Custom-only","Build-or-runtime-review","183",,"FE45EA572AADFD1A9B54CF7251405CFA11B748CA88B034F06A724D49758CED2D",
"obj/x64/Debug/net8.0-windows/Aimmy2_zfzoghxt_wpftmp.AssemblyInfo.cs","Custom-only","Build-or-runtime-review","1174",,"C2EE451CD149B2DEC17A341AD1D3BF0A44858776D43EDF436A126C6AAE80D41C",
"obj/x64/Debug/net8.0-windows/Aimmy2_zfzoghxt_wpftmp.AssemblyInfoInputs.cache","Custom-only","Build-or-runtime-review","66",,"1FED0A160B24DC1F879F46CA141E0188509F20AA0E1E75E0118772B9216E8C62",
"obj/x64/Debug/net8.0-windows/Aimmy2_zfzoghxt_wpftmp.assets.cache","Custom-only","Build-or-runtime-review","36246",,"76FBCF0012C64A5B316789E7F60C3281A36CFC1B460DA92AAB0A9BA5C1A225E5",
"obj/x64/Debug/net8.0-windows/Aimmy2_zfzoghxt_wpftmp.csproj.BuildWithSkipAnalyzers","Custom-only","Build-or-runtime-review","0",,"E3B0C44298FC1C149AFBF4C8996FB92427AE41E4649B934CA495991B7852B855",
"obj/x64/Debug/net8.0-windows/Aimmy2_zfzoghxt_wpftmp.GeneratedMSBuildEditorConfig.editorconfig","Custom-only","Build-or-runtime-review","1149",,"98176DAE78CCB53DDE88AC657DFBA4937F1E53EC93DE7CDC1361C7885FEA94A9",
"obj/x64/Debug/net8.0-windows/Aimmy2_zfzoghxt_wpftmp.GlobalUsings.g.cs","Custom-only","Build-or-runtime-review","183",,"FE45EA572AADFD1A9B54CF7251405CFA11B748CA88B034F06A724D49758CED2D",
"obj/x64/Debug/net8.0-windows/Aimmy2_zl04tv1l_wpftmp.AssemblyInfo.cs","Custom-only","Build-or-runtime-review","1174",,"C2EE451CD149B2DEC17A341AD1D3BF0A44858776D43EDF436A126C6AAE80D41C",
"obj/x64/Debug/net8.0-windows/Aimmy2_zl04tv1l_wpftmp.AssemblyInfoInputs.cache","Custom-only","Build-or-runtime-review","66",,"1FED0A160B24DC1F879F46CA141E0188509F20AA0E1E75E0118772B9216E8C62",
"obj/x64/Debug/net8.0-windows/Aimmy2_zl04tv1l_wpftmp.assets.cache","Custom-only","Build-or-runtime-review","36246",,"2C29FB934EDDE758E1FDDC065AB601F83182D897D313D020CC3F08254651EF6A",
"obj/x64/Debug/net8.0-windows/Aimmy2_zl04tv1l_wpftmp.csproj.BuildWithSkipAnalyzers","Custom-only","Build-or-runtime-review","0",,"E3B0C44298FC1C149AFBF4C8996FB92427AE41E4649B934CA495991B7852B855",
"obj/x64/Debug/net8.0-windows/Aimmy2_zl04tv1l_wpftmp.GeneratedMSBuildEditorConfig.editorconfig","Custom-only","Build-or-runtime-review","819",,"3EF9182B52BEC39BB699BFEDA752F9503391A74FEF47E0F28DE1EF6BBECF8217",
"obj/x64/Debug/net8.0-windows/Aimmy2_zl04tv1l_wpftmp.GlobalUsings.g.cs","Custom-only","Build-or-runtime-review","183",,"FE45EA572AADFD1A9B54CF7251405CFA11B748CA88B034F06A724D49758CED2D",
"obj/x64/Debug/net8.0-windows/Aimmy2_zp2w2ujl_wpftmp.AssemblyInfo.cs","Custom-only","Build-or-runtime-review","1174",,"C2EE451CD149B2DEC17A341AD1D3BF0A44858776D43EDF436A126C6AAE80D41C",
"obj/x64/Debug/net8.0-windows/Aimmy2_zp2w2ujl_wpftmp.AssemblyInfoInputs.cache","Custom-only","Build-or-runtime-review","66",,"1FED0A160B24DC1F879F46CA141E0188509F20AA0E1E75E0118772B9216E8C62",
"obj/x64/Debug/net8.0-windows/Aimmy2_zp2w2ujl_wpftmp.assets.cache","Custom-only","Build-or-runtime-review","36246",,"11A2356D5CF5FA1E78EDA05234151441BE5C8EB1F3C9954E712491BC2A007DF1",
"obj/x64/Debug/net8.0-windows/Aimmy2_zp2w2ujl_wpftmp.csproj.BuildWithSkipAnalyzers","Custom-only","Build-or-runtime-review","0",,"E3B0C44298FC1C149AFBF4C8996FB92427AE41E4649B934CA495991B7852B855",
"obj/x64/Debug/net8.0-windows/Aimmy2_zp2w2ujl_wpftmp.GeneratedMSBuildEditorConfig.editorconfig","Custom-only","Build-or-runtime-review","1087",,"C366639FD103F2DFAF1CEAC8F5F050E5B15FAA45E2DDDF371B29998033B4FDB2",
"obj/x64/Debug/net8.0-windows/Aimmy2_zp2w2ujl_wpftmp.GlobalUsings.g.cs","Custom-only","Build-or-runtime-review","183",,"FE45EA572AADFD1A9B54CF7251405CFA11B748CA88B034F06A724D49758CED2D",
"obj/x64/Debug/net8.0-windows/Aimmy2_zs2dr22v_wpftmp.AssemblyInfo.cs","Custom-only","Build-or-runtime-review","1174",,"C2EE451CD149B2DEC17A341AD1D3BF0A44858776D43EDF436A126C6AAE80D41C",
"obj/x64/Debug/net8.0-windows/Aimmy2_zs2dr22v_wpftmp.AssemblyInfoInputs.cache","Custom-only","Build-or-runtime-review","66",,"1FED0A160B24DC1F879F46CA141E0188509F20AA0E1E75E0118772B9216E8C62",
"obj/x64/Debug/net8.0-windows/Aimmy2_zs2dr22v_wpftmp.assets.cache","Custom-only","Build-or-runtime-review","36246",,"F1F11611CA7B96EE19BE73C2127E0E6AD4BFFC0B9783FC8C9066663182150916",
"obj/x64/Debug/net8.0-windows/Aimmy2_zs2dr22v_wpftmp.GeneratedMSBuildEditorConfig.editorconfig","Custom-only","Build-or-runtime-review","819",,"3EF9182B52BEC39BB699BFEDA752F9503391A74FEF47E0F28DE1EF6BBECF8217",
"obj/x64/Debug/net8.0-windows/Aimmy2_zs2dr22v_wpftmp.GlobalUsings.g.cs","Custom-only","Build-or-runtime-review","183",,"FE45EA572AADFD1A9B54CF7251405CFA11B748CA88B034F06A724D49758CED2D",
"obj/x64/Debug/net8.0-windows/Aimmy2_zxbsxsib_wpftmp.AssemblyInfo.cs","Custom-only","Build-or-runtime-review","1174",,"C2EE451CD149B2DEC17A341AD1D3BF0A44858776D43EDF436A126C6AAE80D41C",
"obj/x64/Debug/net8.0-windows/Aimmy2_zxbsxsib_wpftmp.AssemblyInfoInputs.cache","Custom-only","Build-or-runtime-review","66",,"1FED0A160B24DC1F879F46CA141E0188509F20AA0E1E75E0118772B9216E8C62",
"obj/x64/Debug/net8.0-windows/Aimmy2_zxbsxsib_wpftmp.assets.cache","Custom-only","Build-or-runtime-review","36246",,"E0CCB35EC16E509226853719ECFFE537BAA32936C50E667201A801ACB1AA4430",
"obj/x64/Debug/net8.0-windows/Aimmy2_zxbsxsib_wpftmp.csproj.BuildWithSkipAnalyzers","Custom-only","Build-or-runtime-review","0",,"E3B0C44298FC1C149AFBF4C8996FB92427AE41E4649B934CA495991B7852B855",
"obj/x64/Debug/net8.0-windows/Aimmy2_zxbsxsib_wpftmp.GeneratedMSBuildEditorConfig.editorconfig","Custom-only","Build-or-runtime-review","819",,"3EF9182B52BEC39BB699BFEDA752F9503391A74FEF47E0F28DE1EF6BBECF8217",
"obj/x64/Debug/net8.0-windows/Aimmy2_zxbsxsib_wpftmp.GlobalUsings.g.cs","Custom-only","Build-or-runtime-review","183",,"FE45EA572AADFD1A9B54CF7251405CFA11B748CA88B034F06A724D49758CED2D",
"obj/x64/Debug/net8.0-windows/Aimmy2_zyabo01j_wpftmp.AssemblyInfo.cs","Custom-only","Build-or-runtime-review","1174",,"C2EE451CD149B2DEC17A341AD1D3BF0A44858776D43EDF436A126C6AAE80D41C",
"obj/x64/Debug/net8.0-windows/Aimmy2_zyabo01j_wpftmp.AssemblyInfoInputs.cache","Custom-only","Build-or-runtime-review","66",,"1FED0A160B24DC1F879F46CA141E0188509F20AA0E1E75E0118772B9216E8C62",
"obj/x64/Debug/net8.0-windows/Aimmy2_zyabo01j_wpftmp.assets.cache","Custom-only","Build-or-runtime-review","36246",,"D5DAD5D1C4AD5027D3DB174EC5DA820FBF1F22512B4F70C8BC0D4D53150D52DF",
"obj/x64/Debug/net8.0-windows/Aimmy2_zyabo01j_wpftmp.csproj.BuildWithSkipAnalyzers","Custom-only","Build-or-runtime-review","0",,"E3B0C44298FC1C149AFBF4C8996FB92427AE41E4649B934CA495991B7852B855",
"obj/x64/Debug/net8.0-windows/Aimmy2_zyabo01j_wpftmp.GeneratedMSBuildEditorConfig.editorconfig","Custom-only","Build-or-runtime-review","1089",,"1CA322FEC0767C49135114EBD501237764293209ADAE9CFBFA1FD087033D98AB",
"obj/x64/Debug/net8.0-windows/Aimmy2_zyabo01j_wpftmp.GlobalUsings.g.cs","Custom-only","Build-or-runtime-review","183",,"FE45EA572AADFD1A9B54CF7251405CFA11B748CA88B034F06A724D49758CED2D",
"obj/x64/Debug/net8.0-windows/Aimmy2_zzmly1fp_wpftmp.AssemblyInfo.cs","Custom-only","Build-or-runtime-review","1174",,"C2EE451CD149B2DEC17A341AD1D3BF0A44858776D43EDF436A126C6AAE80D41C",
"obj/x64/Debug/net8.0-windows/Aimmy2_zzmly1fp_wpftmp.AssemblyInfoInputs.cache","Custom-only","Build-or-runtime-review","66",,"1FED0A160B24DC1F879F46CA141E0188509F20AA0E1E75E0118772B9216E8C62",
"obj/x64/Debug/net8.0-windows/Aimmy2_zzmly1fp_wpftmp.assets.cache","Custom-only","Build-or-runtime-review","36246",,"C2DF643C0826F4090D7539B32171B571C5B81E043EBB6090C057C775862B489E",
"obj/x64/Debug/net8.0-windows/Aimmy2_zzmly1fp_wpftmp.csproj.BuildWithSkipAnalyzers","Custom-only","Build-or-runtime-review","0",,"E3B0C44298FC1C149AFBF4C8996FB92427AE41E4649B934CA495991B7852B855",
"obj/x64/Debug/net8.0-windows/Aimmy2_zzmly1fp_wpftmp.GeneratedMSBuildEditorConfig.editorconfig","Custom-only","Build-or-runtime-review","819",,"3EF9182B52BEC39BB699BFEDA752F9503391A74FEF47E0F28DE1EF6BBECF8217",
"obj/x64/Debug/net8.0-windows/Aimmy2_zzmly1fp_wpftmp.GlobalUsings.g.cs","Custom-only","Build-or-runtime-review","183",,"FE45EA572AADFD1A9B54CF7251405CFA11B748CA88B034F06A724D49758CED2D",
"obj/x64/Debug/net8.0-windows/Aimmy2.AssemblyInfo.cs","Custom-only","Build-or-runtime-review","1174",,"C2EE451CD149B2DEC17A341AD1D3BF0A44858776D43EDF436A126C6AAE80D41C",
"obj/x64/Debug/net8.0-windows/Aimmy2.AssemblyInfoInputs.cache","Custom-only","Build-or-runtime-review","66",,"1FED0A160B24DC1F879F46CA141E0188509F20AA0E1E75E0118772B9216E8C62",
"obj/x64/Debug/net8.0-windows/Aimmy2.assets.cache","Custom-only","Build-or-runtime-review","37798",,"ABA04C5788994E9CD1533CA69E7A484B0F9937F67454F09307DB2E6E97D7DB7A",
"obj/x64/Debug/net8.0-windows/Aimmy2.csproj.AssemblyReference.cache","Custom-only","Build-or-runtime-review","12059",,"35A30518E6E0ED1E392548358BB5922D162BCC543D15BDADD9A3CF9AC034CDA9",
"obj/x64/Debug/net8.0-windows/Aimmy2.csproj.BuildWithSkipAnalyzers","Custom-only","Build-or-runtime-review","0",,"E3B0C44298FC1C149AFBF4C8996FB92427AE41E4649B934CA495991B7852B855",
"obj/x64/Debug/net8.0-windows/Aimmy2.csproj.CoreCompileInputs.cache","Custom-only","Build-or-runtime-review","66",,"5F04AC34468042B37A93D64FA52E3E4FFBD7209EB0FBD0AD23B125DCC39070CE",
"obj/x64/Debug/net8.0-windows/Aimmy2.csproj.FileListAbsolute.txt","Custom-only","Build-or-runtime-review","134977",,"AB71FB186C76CEBAA4E53E9B91C1AAE2F8E60E0D4F1C6E5FE15F111103666867",
"obj/x64/Debug/net8.0-windows/Aimmy2.csproj.Fody.CopyLocal.cache","Custom-only","Build-or-runtime-review","1073",,"0A477F870DF2EF8D831BF9946614C4CD9E470961BAD5DE5C0EF056FB557555DE",
"obj/x64/Debug/net8.0-windows/Aimmy2.csproj.Fody.RuntimeCopyLocal.cache","Custom-only","Build-or-runtime-review","3255",,"9A306FAFE26D74C0E9B13490E31137F2BB948BEBFB6EE1B4D2538AA402B971D6",
"obj/x64/Debug/net8.0-windows/Aimmy2.csproj.Up2Date","Custom-only","Build-or-runtime-review","0",,"E3B0C44298FC1C149AFBF4C8996FB92427AE41E4649B934CA495991B7852B855",
"obj/x64/Debug/net8.0-windows/Aimmy2.GeneratedMSBuildEditorConfig.editorconfig","Custom-only","Build-or-runtime-review","1172",,"4C5489027FB8349089E21FEBA2BB8D69000D6EECC6ABFD792BEA420369C8969F",
"obj/x64/Debug/net8.0-windows/Aimmy2.genruntimeconfig.cache","Custom-only","Build-or-runtime-review","66",,"735581AE9FA9209D6E17A102B686236EDF1D14FD324DCF571BA1BCE1406DAF43",
"obj/x64/Debug/net8.0-windows/Aimmy2.GlobalUsings.g.cs","Custom-only","Build-or-runtime-review","183",,"FE45EA572AADFD1A9B54CF7251405CFA11B748CA88B034F06A724D49758CED2D",
"obj/x64/Debug/net8.0-windows/App.baml","Custom-only","Build-or-runtime-review","25902",,"071288F4E0DAA74CFDFDDDF791546FDDF6D5FCBDC4393F84355396C8328A1CB1",
"obj/x64/Debug/net8.0-windows/App.g.cs","Custom-only","Build-or-runtime-review","2650",,"D132085A1C8CA6CF47E39DB567E0FC5F505FFA76945C93DCF62F08461B647040",
"obj/x64/Debug/net8.0-windows/App.g.i.cs","Custom-only","Build-or-runtime-review","2650",,"D132085A1C8CA6CF47E39DB567E0FC5F505FFA76945C93DCF62F08461B647040",
"obj/x64/Debug/net8.0-windows/apphost.exe","Custom-only","Build-or-runtime-review","186368",,"9B47D351D30FC1BE3E5159E8CE6851E5C77FFCD87097C8F84BBF3536393AF75A",
"obj/x64/Debug/net8.0-windows/Costura/028E9832F421F11F9497C610F1734E0F3D868037.costura.costura.dll.compressed.compressed","Custom-only","Build-or-runtime-review","2273",,"DA5C166B48C9D42A1308ADE1E0CD0C70C96CB7F0CCD43BF3E2F9AA5699CED5A9",
"obj/x64/Debug/net8.0-windows/Costura/0422904D0F3BECE42D3F9D4C4597685CAD701DEE.costura.vortice.mathematics.dll.compressed","Custom-only","Build-or-runtime-review","47162",,"D0B3BCBA4C0FE4C4E09842368522CEFDE681C4EEA3EC10BDDFC0656F4C96C9D5",
"obj/x64/Debug/net8.0-windows/Costura/0422904D0F3BECE42D3F9D4C4597685CAD701DEE.costura.vortice.mathematics.dll.compressed.compressed","Custom-only","Build-or-runtime-review","47162",,"D0B3BCBA4C0FE4C4E09842368522CEFDE681C4EEA3EC10BDDFC0656F4C96C9D5",
"obj/x64/Debug/net8.0-windows/Costura/12B789B4543990C9B3CDA126F14A5BC1ACAE4EF1.costura.system.management.dll.compressed.compressed","Custom-only","Build-or-runtime-review","29026",,"4080EB7ACAE35E4D296F4E9AB27A6D86727A71C6B3FCDF475AED1FB638703B8A",
"obj/x64/Debug/net8.0-windows/Costura/146F684DDA4CFC511ECCE8C090E66782B204A782.costura.microsoft.ml.onnxruntime.dll.compressed.compressed","Custom-only","Build-or-runtime-review","88658",,"F1B23877F30B8AEC5ADFCF53B7B140434F2659A1C7F4EDE1F07360820428B167",
"obj/x64/Debug/net8.0-windows/Costura/1A0E397F6EC5D0585AF6089D3CE86711B9162ED7.costura.microsoft.xaml.behaviors.pdb.compressed","Custom-only","Build-or-runtime-review","116285",,"ED7CC8EBEEF38208974CBCA3AF9377C04E402065CFCAF535BA7E99A65AD71B67",
"obj/x64/Debug/net8.0-windows/Costura/1A0E397F6EC5D0585AF6089D3CE86711B9162ED7.costura.microsoft.xaml.behaviors.pdb.compressed.compressed","Custom-only","Build-or-runtime-review","116285",,"ED7CC8EBEEF38208974CBCA3AF9377C04E402065CFCAF535BA7E99A65AD71B67",
"obj/x64/Debug/net8.0-windows/Costura/1E6CEDCC37F982F7372163A7B9DCB077E198600D.costura.materialdesignthemes.wpf.dll.compressed","Custom-only","Build-or-runtime-review","3018657",,"282051AAFC0DAB78A0CBB8C1BE8108A18281B957FA3BEC311D4C2D3CCC090688",
"obj/x64/Debug/net8.0-windows/Costura/31531EEA4711CF48D5E834FF92738769389EE1CD.costura.costura.dll.compressed","Custom-only","Build-or-runtime-review","2277",,"AB3349C24FE43D3C4A2E57E0AD099E90FEFFC2EEE7BB89E8874B5759D0E2D017",
"obj/x64/Debug/net8.0-windows/Costura/3501061214FB5B3143E584831CFF8D3C7216DC70.costura.supercluster.kdtree.dll.compressed","Custom-only","Build-or-runtime-review","6923",,"74295D6410ED97EEF6E6BEEAA43FFB040C9C543BAF5FDEE0468E8E36E3918D63",
"obj/x64/Debug/net8.0-windows/Costura/3501061214FB5B3143E584831CFF8D3C7216DC70.costura.supercluster.kdtree.dll.compressed.compressed","Custom-only","Build-or-runtime-review","6923",,"74295D6410ED97EEF6E6BEEAA43FFB040C9C543BAF5FDEE0468E8E36E3918D63",
"obj/x64/Debug/net8.0-windows/Costura/40DF8C59642941BE047C51211684A169A2046762.costura.vortice.dxgi.dll.compressed.compressed","Custom-only","Build-or-runtime-review","36293",,"7C34CAE5C1E0E40A75F025CBF5CAB78232B86B02DD562242567DC8EEDF26E08B",
"obj/x64/Debug/net8.0-windows/Costura/4DE073819643DE254B17CB83360E10E74EB57F0E.costura.costura.pdb.compressed","Custom-only","Build-or-runtime-review","4436",,"6367A8AB3EBC352D7EECAB3EE8C15967720C5AA2F06DBDBCD5EB8C9BD997D26F",
"obj/x64/Debug/net8.0-windows/Costura/605FAC68335FD692A666F5E560299F4851CA1CC1.costura.sharpgen.runtime.dll.compressed","Custom-only","Build-or-runtime-review","35710",,"4AD45FCDEECA476786F60F3197771CD7586E79E01F972B1617BEB60010893041",
"obj/x64/Debug/net8.0-windows/Costura/605FAC68335FD692A666F5E560299F4851CA1CC1.costura.sharpgen.runtime.dll.compressed.compressed","Custom-only","Build-or-runtime-review","35710",,"4AD45FCDEECA476786F60F3197771CD7586E79E01F972B1617BEB60010893041",
"obj/x64/Debug/net8.0-windows/Costura/63BC35A0C27BB49E31012F55BA3E40145B0EA87C.costura.microsoft.xaml.behaviors.dll.compressed","Custom-only","Build-or-runtime-review","64205",,"844E032EC3DD91E7A38C722C19901457432B1A2DEA62A88EE17DDFF87E00819C",
"obj/x64/Debug/net8.0-windows/Costura/63BC35A0C27BB49E31012F55BA3E40145B0EA87C.costura.microsoft.xaml.behaviors.dll.compressed.compressed","Custom-only","Build-or-runtime-review","64205",,"844E032EC3DD91E7A38C722C19901457432B1A2DEA62A88EE17DDFF87E00819C",
"obj/x64/Debug/net8.0-windows/Costura/64244D464BD1EDE5EC94B327D120449636B68063.costura.gma.system.mousekeyhook.dll.compressed","Custom-only","Build-or-runtime-review","21524",,"AD5C6DECB58897E820F4D5BCC6CBA643150351211F6F6ADDC8BC5D1545D3EE6A",
"obj/x64/Debug/net8.0-windows/Costura/64244D464BD1EDE5EC94B327D120449636B68063.costura.gma.system.mousekeyhook.dll.compressed.compressed","Custom-only","Build-or-runtime-review","21524",,"AD5C6DECB58897E820F4D5BCC6CBA643150351211F6F6ADDC8BC5D1545D3EE6A",
"obj/x64/Debug/net8.0-windows/Costura/7A3852DE44FE5F91E883B5B9C3FBA3FB39F02A8E.costura.vortice.direct3d12.dll.compressed","Custom-only","Build-or-runtime-review","178958",,"E5E111EEC7C5A885F9FC3857697D1F465A7509FAF079CA43C4F8FC8B220A3F53",
"obj/x64/Debug/net8.0-windows/Costura/806F4C19B2D7FD9E3B836269EC07647019A29E95.costura.costura.pdb.compressed.compressed","Custom-only","Build-or-runtime-review","4278",,"5E4BE4C55A8D9480B976D28F053EDFE37723B32D46BF169F067597A626E4A05C",
"obj/x64/Debug/net8.0-windows/Costura/8EFC1CBC86DF4C61CACA4D49DE938D7F8580C90C.costura.tensorrtsharp.dll.compressed","Custom-only","Build-or-runtime-review","52339",,"DD36BFFA33D5E7B7F5A2407EC708907DE0659CF8792817DA6E825A4D79F1A73D",
"obj/x64/Debug/net8.0-windows/Costura/9D0227A32A2A74C8F105A5015C25BCEE6EB787F4.costura.system.text.encodings.web.dll.compressed","Custom-only","Build-or-runtime-review","30866",,"B486355208F1F1CA20A364F9A86DAC4D214D761EAB61AB526C6813EBAA4E2115",
"obj/x64/Debug/net8.0-windows/Costura/9D0227A32A2A74C8F105A5015C25BCEE6EB787F4.costura.system.text.encodings.web.dll.compressed.compressed","Custom-only","Build-or-runtime-review","30866",,"B486355208F1F1CA20A364F9A86DAC4D214D761EAB61AB526C6813EBAA4E2115",
"obj/x64/Debug/net8.0-windows/Costura/A1BEC8599359082EDB5D840FCCFF24110A33855F.costura.vortice.direct3d12.dll.compressed.compressed","Custom-only","Build-or-runtime-review","178965",,"85E765778C42CC4C37D49AE07827CA16C618FAC48181AC6CD7B984FC496D1BEF",
"obj/x64/Debug/net8.0-windows/Costura/A492390F5479F4060C7E9F63B6BF30DEAC17DB84.costura.materialdesigncolors.dll.compressed","Custom-only","Build-or-runtime-review","42694",,"3A457D7B1C38CD0C6C17856F4876342EFC56A50B8CBA553CEDF5A1DFF08DE195",
"obj/x64/Debug/net8.0-windows/Costura/AEB5CFE023582D4870605D99A7CDD342F876D794.costura.vortice.direct3d11.dll.compressed.compressed","Custom-only","Build-or-runtime-review","117226",,"7AD63687431FB2EBFC8A53F64D78DEB5462F3F510E4C72737095B5B61C0DF7B3",
"obj/x64/Debug/net8.0-windows/Costura/AF77D8B9D421894BE4BE81D4763476C6A7490F18.costura.system.codedom.dll.compressed.compressed","Custom-only","Build-or-runtime-review","70907",,"59683F875F71F42F7BE207AE46931D68609174FB5F7CA643B25AFA551D9344B6",
"obj/x64/Debug/net8.0-windows/Costura/BB013CF6C9221F96CD0920DC597532028139378E.costura.materialdesigncolors.dll.compressed.compressed","Custom-only","Build-or-runtime-review","42736",,"B584D473AB8489CCDA32A57A3BDD252FC6CF32D12722BCD54D36BFB96712E374",
"obj/x64/Debug/net8.0-windows/Costura/BCD40968EBA6D4DF369C7E567AFEEC5369CE09CA.costura.system.codedom.dll.compressed","Custom-only","Build-or-runtime-review","70583",,"F4944530F0652D291A093474B2D35A1CB14F29A0F2A252ADEF0623F952CE0EF1",
"obj/x64/Debug/net8.0-windows/Costura/BF66D48C68B9E4E664701A4621AA73F2A4877597.costura.materialdesignthemes.wpf.dll.compressed.compressed","Custom-only","Build-or-runtime-review","3007223",,"026F5D7C3EBD7C229E292D4EA6BBDC006C6277C1FBC4C97BD1A9F9A327840B9D",
"obj/x64/Debug/net8.0-windows/Costura/C15A71BDB01E27B6529569715B6195E7FE304BE1.costura.vortice.direct3d11.dll.compressed","Custom-only","Build-or-runtime-review","117228",,"7D04429F959C17269A4B20332AB8602D09FE24592040F4C450D93467C2B318EF",
"obj/x64/Debug/net8.0-windows/Costura/CADFD587E7D2F3E6533328FC5D85FFD71B27E978.costura.sharpgen.runtime.com.dll.compressed","Custom-only","Build-or-runtime-review","69680",,"BBA9A5B95757E192210C5947FA491DB504966544168A52FC219ED3CF4E9B841E",
"obj/x64/Debug/net8.0-windows/Costura/CADFD587E7D2F3E6533328FC5D85FFD71B27E978.costura.sharpgen.runtime.com.dll.compressed.compressed","Custom-only","Build-or-runtime-review","69680",,"BBA9A5B95757E192210C5947FA491DB504966544168A52FC219ED3CF4E9B841E",
"obj/x64/Debug/net8.0-windows/Costura/CE8664DA8AF4B0084D75EA4F5A2EFA3BE1FEB72D.costura.microsoft.ml.onnxruntime.pdb.compressed","Custom-only","Build-or-runtime-review","34758",,"3F9349F4DF115045E470EFD9D5FB5FE3854D92C518DF55CEA02C57663DBA7A3C",
"obj/x64/Debug/net8.0-windows/Costura/D0756172C50CEDD0C9332F158882137622C2C167.costura.system.io.pipelines.dll.compressed","Custom-only","Build-or-runtime-review","37712",,"C916126383148CEDAAE9F17E2DB88D0AF79D35D093B66D86EE7EF2CD49AEC007",
"obj/x64/Debug/net8.0-windows/Costura/D0756172C50CEDD0C9332F158882137622C2C167.costura.system.io.pipelines.dll.compressed.compressed","Custom-only","Build-or-runtime-review","37712",,"C916126383148CEDAAE9F17E2DB88D0AF79D35D093B66D86EE7EF2CD49AEC007",
"obj/x64/Debug/net8.0-windows/Costura/D948F74B30DA3DF7354478FEE608A7B675DF539D.costura.system.numerics.tensors.dll.compressed","Custom-only","Build-or-runtime-review","128765",,"8639E1FB1253DD134F9CECD1CC6CB9F304F3C5B7ADA6B1246A2BBA9747034A3B",
"obj/x64/Debug/net8.0-windows/Costura/D948F74B30DA3DF7354478FEE608A7B675DF539D.costura.system.numerics.tensors.dll.compressed.compressed","Custom-only","Build-or-runtime-review","128765",,"8639E1FB1253DD134F9CECD1CC6CB9F304F3C5B7ADA6B1246A2BBA9747034A3B",
"obj/x64/Debug/net8.0-windows/Costura/DB42F31BAFF3473AEE90A680C432B4A1E6540AB6.costura.microsoft.ml.onnxruntime.pdb.compressed.compressed","Custom-only","Build-or-runtime-review","33701",,"D7E037F65D15A682502DDEE2B3C49265FCFE859598EC1F87EC6D3201C91EFA93",
"obj/x64/Debug/net8.0-windows/Costura/E06B572053122C09C0549D86388B302D20FA1930.costura.vortice.dxgi.dll.compressed","Custom-only","Build-or-runtime-review","36295",,"ABE3578C3A484A2EF3607EC839E2C0C7FB56658579BA86A9A56CC65AEC76DD27",
"obj/x64/Debug/net8.0-windows/Costura/E909E08DB5A6226AE12371BCF8A58390DA09BBD8.costura.vortice.mathematics.pdb.compressed","Custom-only","Build-or-runtime-review","27515",,"39EA2B694C595B907055B02045AA8D8921632609CE1BDB6AE3D3A55DBF08CFE3",
"obj/x64/Debug/net8.0-windows/Costura/E909E08DB5A6226AE12371BCF8A58390DA09BBD8.costura.vortice.mathematics.pdb.compressed.compressed","Custom-only","Build-or-runtime-review","27515",,"39EA2B694C595B907055B02045AA8D8921632609CE1BDB6AE3D3A55DBF08CFE3",
"obj/x64/Debug/net8.0-windows/Costura/ECF0B198C97AD84082EB3057918993D2A00D87B0.costura.vortice.directx.dll.compressed","Custom-only","Build-or-runtime-review","139208",,"A86637669CBC582D38C63487AF51AABE3DB2F704BBD35CF07D85FA623098E2D9",
"obj/x64/Debug/net8.0-windows/Costura/F19C6AD762EA5A702A79C51282F858205DD684ED.costura.microsoft.ml.onnxruntime.dll.compressed","Custom-only","Build-or-runtime-review","92233",,"ED0F3CD703CF56D6F6DFB5ED5A0CF88DD128DB6FA3A21F802D1D3D2231C27725",
"obj/x64/Debug/net8.0-windows/Costura/F2D7F1DDE295000855372F6EEBB991F43397C6BA.costura.xamlradialprogressbar.dll.compressed","Custom-only","Build-or-runtime-review","10655",,"6F4977B1D57A63AC3BED8C38D97EF58BBFB2A55ACB484BF6A5F6AC0C3442316C",
"obj/x64/Debug/net8.0-windows/Costura/F2D7F1DDE295000855372F6EEBB991F43397C6BA.costura.xamlradialprogressbar.dll.compressed.compressed","Custom-only","Build-or-runtime-review","10655",,"6F4977B1D57A63AC3BED8C38D97EF58BBFB2A55ACB484BF6A5F6AC0C3442316C",
"obj/x64/Debug/net8.0-windows/Costura/F387C00DD7C9A5E38C0DB6B9141DB74DA433103A.costura.antwpf.dll.compressed","Custom-only","Build-or-runtime-review","278691",,"47B294A0B42B7EC0DFD4AEEB9DCD55E6B17742624D121FB843C41FBFD72C75E8",
"obj/x64/Debug/net8.0-windows/Costura/F387C00DD7C9A5E38C0DB6B9141DB74DA433103A.costura.antwpf.dll.compressed.compressed","Custom-only","Build-or-runtime-review","278691",,"47B294A0B42B7EC0DFD4AEEB9DCD55E6B17742624D121FB843C41FBFD72C75E8",
"obj/x64/Debug/net8.0-windows/Costura/F85B55D750AF635FBC37CDAEA7CCA8154F2C29B6.costura.vortice.directx.dll.compressed.compressed","Custom-only","Build-or-runtime-review","139122",,"C917426331E18213086F4649AFA6112FADE6E2F1E0BC2BB60C219AAC9A6013EF",
"obj/x64/Debug/net8.0-windows/Costura/F89AC5753DB55F75602ADC28E204031878EB91E6.costura.system.text.json.dll.compressed","Custom-only","Build-or-runtime-review","233520",,"AFDAD9197AF327BBAE7E3458EB127ABAEBD3945994CB002518EF158D1A39D934",
"obj/x64/Debug/net8.0-windows/Costura/F89AC5753DB55F75602ADC28E204031878EB91E6.costura.system.text.json.dll.compressed.compressed","Custom-only","Build-or-runtime-review","233520",,"AFDAD9197AF327BBAE7E3458EB127ABAEBD3945994CB002518EF158D1A39D934",
"obj/x64/Debug/net8.0-windows/Costura/FCF801C0915CB47F400C74B1B459EB55FF4A5F9D.costura.newtonsoft.json.dll.compressed","Custom-only","Build-or-runtime-review","273597",,"90A09FD4B5244D4E2DA7978932E1D8F74497321475511AD68C5230E8F0736659",
"obj/x64/Debug/net8.0-windows/Costura/FCF801C0915CB47F400C74B1B459EB55FF4A5F9D.costura.newtonsoft.json.dll.compressed.compressed","Custom-only","Build-or-runtime-review","273597",,"90A09FD4B5244D4E2DA7978932E1D8F74497321475511AD68C5230E8F0736659",
"obj/x64/Debug/net8.0-windows/Costura/FDE33E12D5C01C72E42DD36A33F1E3DC541B8384.costura.system.management.dll.compressed","Custom-only","Build-or-runtime-review","28739",,"511F91B372B15CACCAF40575C2274FF573B31EB230796515865192424EF9CB8D",
"obj/x64/Debug/net8.0-windows/CouldBeAimmyV2_Content.g.cs","Custom-only","Build-or-runtime-review","3616",,"139ABDF6A58E865C82058B98102D268932A043B9ADBE168E5E817B1F307ECBC0",
"obj/x64/Debug/net8.0-windows/CouldBeAimmyV2_Content.g.i.cs","Custom-only","Build-or-runtime-review","3616",,"139ABDF6A58E865C82058B98102D268932A043B9ADBE168E5E817B1F307ECBC0",
"obj/x64/Debug/net8.0-windows/CouldBeAimmyV2_MarkupCompile.cache","Custom-only","Build-or-runtime-review","1341",,"28C4F0AF0AFC3ECDD064E8F429014E0987088F867ECE412609017EC0DB713796",
"obj/x64/Debug/net8.0-windows/CouldBeAimmyV2_MarkupCompile.i.cache","Custom-only","Build-or-runtime-review","1346",,"25841822A286327E06E979C118A097E22566C056638B7560EB7D4E7665FAF377",
"obj/x64/Debug/net8.0-windows/CouldBeAimmyV2_MarkupCompile.lref","Custom-only","Build-or-runtime-review","2086",,"C45E476BE246FF61B1ED4971F5F8806BED5C2C8286C9DDF41915EE859E5E5EC2",
"obj/x64/Debug/net8.0-windows/CouldBeAimmyV2.dll","Custom-only","Build-or-runtime-review","7986176",,"CD484C60ECB4E93667DFAFAEB9D209E94D3D1697C5DB2C474DE729C7E71032F3",
"obj/x64/Debug/net8.0-windows/CouldBeAimmyV2.g.resources","Custom-only","Build-or-runtime-review","2164919",,"50A78187D4F4EB6BB45DC2C209020F57E1AFE3A261479FA1C9F56AF98E1A03A0",
"obj/x64/Debug/net8.0-windows/ExitConfirmationWindow.baml","Custom-only","Build-or-runtime-review","3812",,"91DA5EA9BA3F5140339BE8EABAAAA34876E9AA777F667848CAFF6464917894C2",
"obj/x64/Debug/net8.0-windows/ExitConfirmationWindow.g.cs","Custom-only","Build-or-runtime-review","4153",,"76E67F6ED292019489DE5454E84EC64C6DAA20BE1010CDE987090FC1E3E90350",
"obj/x64/Debug/net8.0-windows/ExitConfirmationWindow.g.i.cs","Custom-only","Build-or-runtime-review","4153",,"76E67F6ED292019489DE5454E84EC64C6DAA20BE1010CDE987090FC1E3E90350",
"obj/x64/Debug/net8.0-windows/GeneratedInternalTypeHelper.g.cs","Custom-only","Build-or-runtime-review","7",,"60116575BB1B6772ED22BA93BFA53BEF0A772667DA1812C1C3FC0A46CD93BC3E",
"obj/x64/Debug/net8.0-windows/GeneratedInternalTypeHelper.g.i.cs","Custom-only","Build-or-runtime-review","2999",,"6FF935727CC49AEBA84B53CC9CAB0E7E8F05E9299D60F9F6BCC3101179DEBC20",
"obj/x64/Debug/net8.0-windows/MainWindow.baml","Custom-only","Build-or-runtime-review","7640",,"4382E247D86DEE466E01A90658EF243D026B4B319C72DFE1B0182BB09B102196",
"obj/x64/Debug/net8.0-windows/MainWindow.g.cs","Custom-only","Build-or-runtime-review","13095",,"8CA104159EC8ADF6554F93A69E778076BC889A70DBBA031CD4E972E2A69B9888",
"obj/x64/Debug/net8.0-windows/MainWindow.g.i.cs","Custom-only","Build-or-runtime-review","13095",,"8CA104159EC8ADF6554F93A69E778076BC889A70DBBA031CD4E972E2A69B9888",
"obj/x64/Debug/net8.0-windows/MouseMovementLibraries/GHubSupport/LGDownloader.baml","Custom-only","Build-or-runtime-review","4927",,"7446B23C578347263B8D8B307ADE2CD563C65E1F3DEA7853F2B59C32A2081245",
"obj/x64/Debug/net8.0-windows/MouseMovementLibraries/GHubSupport/LGDownloader.g.cs","Custom-only","Build-or-runtime-review","8186",,"F6DC7957687B9B34D07A74D9A290C4FE2183DFAE088C89526176F7F950EE3AF4",
"obj/x64/Debug/net8.0-windows/MouseMovementLibraries/GHubSupport/LGDownloader.g.i.cs","Custom-only","Build-or-runtime-review","8186",,"F6DC7957687B9B34D07A74D9A290C4FE2183DFAE088C89526176F7F950EE3AF4",
"obj/x64/Debug/net8.0-windows/ref/CouldBeAimmyV2.dll","Custom-only","Build-or-runtime-review","129536",,"85541CAFAC4AC3D0740073D8F661919C508C580A900619913AE0E8F5F6F40196",
"obj/x64/Debug/net8.0-windows/refint/CouldBeAimmyV2.dll","Custom-only","Build-or-runtime-review","129536",,"85541CAFAC4AC3D0740073D8F661919C508C580A900619913AE0E8F5F6F40196",
"obj/x64/Debug/net8.0-windows/StartupWindow.baml","Custom-only","Build-or-runtime-review","10023",,"4513609F739891F4AFF0D35FDC507E584AE7EEB5C61226E1314FAD177387AA9E",
"obj/x64/Debug/net8.0-windows/StartupWindow.g.cs","Custom-only","Build-or-runtime-review","14544",,"57BB0AB8EE72E2F975746CDE0968254290B93F0C5856B8DD6475597B0C1EEC88",
"obj/x64/Debug/net8.0-windows/StartupWindow.g.i.cs","Custom-only","Build-or-runtime-review","14544",,"57BB0AB8EE72E2F975746CDE0968254290B93F0C5856B8DD6475597B0C1EEC88",
"obj/x64/Debug/net8.0-windows/UILibrary/AColorChanger.baml","Custom-only","Build-or-runtime-review","2305",,"DE81930634F80982BB0E8BD44BE12EA09CB6C186A7793A86CDD557C2BF6F1E91",
"obj/x64/Debug/net8.0-windows/UILibrary/AColorChanger.g.cs","Custom-only","Build-or-runtime-review","4767",,"31D53B98C304DC87CA2734328D58B64DA519B9E40FC56A3AFDD1C906C5EA7174",
"obj/x64/Debug/net8.0-windows/UILibrary/AColorChanger.g.i.cs","Custom-only","Build-or-runtime-review","4767",,"31D53B98C304DC87CA2734328D58B64DA519B9E40FC56A3AFDD1C906C5EA7174",
"obj/x64/Debug/net8.0-windows/UILibrary/AColorWheel.baml","Custom-only","Build-or-runtime-review","11006",,"D1D18F601793D687CDD5CBF31CFFCCFCB25B967692728399FE1F3A0E651F7B2B",
"obj/x64/Debug/net8.0-windows/UILibrary/AColorWheel.g.cs","Custom-only","Build-or-runtime-review","19134",,"D3322C4CB6FE25831FC4689327DB411D5339D83E9012496A8BDB8E438AA8F8B0",
"obj/x64/Debug/net8.0-windows/UILibrary/AColorWheel.g.i.cs","Custom-only","Build-or-runtime-review","19134",,"D3322C4CB6FE25831FC4689327DB411D5339D83E9012496A8BDB8E438AA8F8B0",
"obj/x64/Debug/net8.0-windows/UILibrary/ADisplaySelector.baml","Custom-only","Build-or-runtime-review","2500",,"58FB210F976BB443B3CAE9A410868C5D3A38B0EE23841F6F2B6CC5099E262064",
"obj/x64/Debug/net8.0-windows/UILibrary/ADisplaySelector.g.cs","Custom-only","Build-or-runtime-review","4835",,"B10D2B5F8B710C1DF84FDBD7A7BF5939AFA8B3E4358DBE98AC37A8FF5D47CB18",
"obj/x64/Debug/net8.0-windows/UILibrary/ADisplaySelector.g.i.cs","Custom-only","Build-or-runtime-review","4835",,"B10D2B5F8B710C1DF84FDBD7A7BF5939AFA8B3E4358DBE98AC37A8FF5D47CB18",
"obj/x64/Debug/net8.0-windows/UILibrary/ADownloadGateway.baml","Custom-only","Build-or-runtime-review","2806",,"66DE2D8336858240911600ABC4D8931D3ED651952AEED852445F33BE8B600484",
"obj/x64/Debug/net8.0-windows/UILibrary/ADownloadGateway.g.cs","Custom-only","Build-or-runtime-review","5303",,"7C3D6D9753696746522FC6BE0A5CE2D310E5D218A1CBF3BD9F0BF803029DB494",
"obj/x64/Debug/net8.0-windows/UILibrary/ADownloadGateway.g.i.cs","Custom-only","Build-or-runtime-review","5303",,"7C3D6D9753696746522FC6BE0A5CE2D310E5D218A1CBF3BD9F0BF803029DB494",
"obj/x64/Debug/net8.0-windows/UILibrary/ADropdown.baml","Custom-only","Build-or-runtime-review","2315",,"678D4F946B39FB1213DB4EC499730B867BD10421EB5E9FC92CE2465DD6F90122",
"obj/x64/Debug/net8.0-windows/UILibrary/ADropdown.g.cs","Custom-only","Build-or-runtime-review","4556",,"174FDDC30EE259629AD231FD55063178B58133C6ABC29ED2AB078D03A791170F",
"obj/x64/Debug/net8.0-windows/UILibrary/ADropdown.g.i.cs","Custom-only","Build-or-runtime-review","4556",,"174FDDC30EE259629AD231FD55063178B58133C6ABC29ED2AB078D03A791170F",
"obj/x64/Debug/net8.0-windows/UILibrary/AFileLocator.baml","Custom-only","Build-or-runtime-review","2994",,"EE42EC1858BF07F24BAFD0BF731358A0F21AC318A088463291F3D217760828AD",
"obj/x64/Debug/net8.0-windows/UILibrary/AFileLocator.g.cs","Custom-only","Build-or-runtime-review","5477",,"F8011A03E6F902859FBD502801534C26627AA9C163F8304E813B537A4844503A",
"obj/x64/Debug/net8.0-windows/UILibrary/AFileLocator.g.i.cs","Custom-only","Build-or-runtime-review","5477",,"F8011A03E6F902859FBD502801534C26627AA9C163F8304E813B537A4844503A",
"obj/x64/Debug/net8.0-windows/UILibrary/AKeyChanger.baml","Custom-only","Build-or-runtime-review","2448",,"2F0768C7AF4928250D2C629193EFF26B4606D646B70B8C5CE8E396DFE88ED47C",
"obj/x64/Debug/net8.0-windows/UILibrary/AKeyChanger.g.cs","Custom-only","Build-or-runtime-review","4729",,"7BE705F20D78E8D631784D5209D9AF02D2A061615F0B434D780B88B962B60987",
"obj/x64/Debug/net8.0-windows/UILibrary/AKeyChanger.g.i.cs","Custom-only","Build-or-runtime-review","4729",,"7BE705F20D78E8D631784D5209D9AF02D2A061615F0B434D780B88B962B60987",
"obj/x64/Debug/net8.0-windows/UILibrary/APButton.baml","Custom-only","Build-or-runtime-review","2281",,"E038181FD4782C93EE5BCC818183CF760D8530973B6D89474B001C5A9B28D658",
"obj/x64/Debug/net8.0-windows/UILibrary/APButton.g.cs","Custom-only","Build-or-runtime-review","4257",,"941639BCA50550306225639A794D85C884F3047AD4956742F858251ACE96CC78",
"obj/x64/Debug/net8.0-windows/UILibrary/APButton.g.i.cs","Custom-only","Build-or-runtime-review","4257",,"941639BCA50550306225639A794D85C884F3047AD4956742F858251ACE96CC78",
"obj/x64/Debug/net8.0-windows/UILibrary/ARectangleBottom.baml","Custom-only","Build-or-runtime-review","1321",,"5C60DADA7291F5F180544C32AA068FA05AFB966CEC996B39A19259EC438A54F5",
"obj/x64/Debug/net8.0-windows/UILibrary/ARectangleBottom.g.cs","Custom-only","Build-or-runtime-review","3214",,"4BC34C3647D755F0D91EACE7811E516BB9D54340E3879771B2A6D1845577E236",
"obj/x64/Debug/net8.0-windows/UILibrary/ARectangleBottom.g.i.cs","Custom-only","Build-or-runtime-review","3214",,"4BC34C3647D755F0D91EACE7811E516BB9D54340E3879771B2A6D1845577E236",
"obj/x64/Debug/net8.0-windows/UILibrary/ASlider.baml","Custom-only","Build-or-runtime-review","3822",,"148F4FF12B552109BBC65EFC8CEF9179A5B27EDDA66D41CA9D3B0AA4E6213915",
"obj/x64/Debug/net8.0-windows/UILibrary/ASlider.g.cs","Custom-only","Build-or-runtime-review","6468",,"A04504877CC5C0359A7850A24F526C50B203B352BF975C509D1943EB4CB4C3F8",
"obj/x64/Debug/net8.0-windows/UILibrary/ASlider.g.i.cs","Custom-only","Build-or-runtime-review","6468",,"A04504877CC5C0359A7850A24F526C50B203B352BF975C509D1943EB4CB4C3F8",
"obj/x64/Debug/net8.0-windows/UILibrary/ASpacer.baml","Custom-only","Build-or-runtime-review","1179",,"F6AD1CFE34F5178C7F6F81DE776EE5C540CB2ED1F01BB4726E6FB94230DAC170",
"obj/x64/Debug/net8.0-windows/UILibrary/ASpacer.g.cs","Custom-only","Build-or-runtime-review","3169",,"9EAE41F8E5D24F194C3A2DA12F5B356D9A9860EE170E4A84AF2284F93D4EC329",
"obj/x64/Debug/net8.0-windows/UILibrary/ASpacer.g.i.cs","Custom-only","Build-or-runtime-review","3169",,"9EAE41F8E5D24F194C3A2DA12F5B356D9A9860EE170E4A84AF2284F93D4EC329",
"obj/x64/Debug/net8.0-windows/UILibrary/ATitle.baml","Custom-only","Build-or-runtime-review","2579",,"BECA7810C326DE42F367592C0E40FC1B48F372F3F2DDFEFC12DC522F7DC6FBBD",
"obj/x64/Debug/net8.0-windows/UILibrary/ATitle.g.cs","Custom-only","Build-or-runtime-review","4731",,"661BAFB2115AB67C498B9787B724ABF2421CBF22F1603E30D32EA3354A9A6BED",
"obj/x64/Debug/net8.0-windows/UILibrary/ATitle.g.i.cs","Custom-only","Build-or-runtime-review","4731",,"661BAFB2115AB67C498B9787B724ABF2421CBF22F1603E30D32EA3354A9A6BED",
"obj/x64/Debug/net8.0-windows/UILibrary/AToggle.baml","Custom-only","Build-or-runtime-review","2777",,"219CAA5F2FFDEDAD341724EE2BC6839A7D6BB8668B333FA955EF1E23EFD04DEB",
"obj/x64/Debug/net8.0-windows/UILibrary/AToggle.g.cs","Custom-only","Build-or-runtime-review","5638",,"DCE01F0A0ED7CDD07EFCFA72941E7E0CF2F992935EB89BD9BDE465E708888DCA",
"obj/x64/Debug/net8.0-windows/UILibrary/AToggle.g.i.cs","Custom-only","Build-or-runtime-review","5638",,"DCE01F0A0ED7CDD07EFCFA72941E7E0CF2F992935EB89BD9BDE465E708888DCA",
"obj/x64/Debug/net8.0-windows/UISections/AboutMenuControl.baml","Custom-only","Build-or-runtime-review","6702",,"453B6AAD68B9FDD77C8CA2E0153D75F52C90934D1C7A2B324F82355508484916",
"obj/x64/Debug/net8.0-windows/UISections/AboutMenuControl.g.cs","Custom-only","Build-or-runtime-review","9493",,"E2801E9EB58C717660177FAF6A42E5B48134865E3BC9E2012FE77534AE00F2D6",
"obj/x64/Debug/net8.0-windows/UISections/AboutMenuControl.g.i.cs","Custom-only","Build-or-runtime-review","9493",,"E2801E9EB58C717660177FAF6A42E5B48134865E3BC9E2012FE77534AE00F2D6",
"obj/x64/Debug/net8.0-windows/UISections/AimMenuControl.baml","Custom-only","Build-or-runtime-review","1977",,"3894064655B92E68F26E1E992BBEE5C6D4A3254445EFA30889534AA525B93116",
"obj/x64/Debug/net8.0-windows/UISections/AimMenuControl.g.cs","Custom-only","Build-or-runtime-review","9156",,"3F2641DAE21278061BD29347FD8AA57B2B5C0B718C9E8A71449585451F8D4C72",
"obj/x64/Debug/net8.0-windows/UISections/AimMenuControl.g.i.cs","Custom-only","Build-or-runtime-review","9156",,"3F2641DAE21278061BD29347FD8AA57B2B5C0B718C9E8A71449585451F8D4C72",
"obj/x64/Debug/net8.0-windows/UISections/ModelMenuControl.baml","Custom-only","Build-or-runtime-review","8379",,"6A3E7F71774E10DEA3E5A7B0D0400427688109B09181B0C9857E3E057DEAF7D1",
"obj/x64/Debug/net8.0-windows/UISections/ModelMenuControl.g.cs","Custom-only","Build-or-runtime-review","18517",,"9BF17466532964EAFE3524F00B366906E19D898F030453DA987D36CDF0A37147",
"obj/x64/Debug/net8.0-windows/UISections/ModelMenuControl.g.i.cs","Custom-only","Build-or-runtime-review","18517",,"9BF17466532964EAFE3524F00B366906E19D898F030453DA987D36CDF0A37147",
"obj/x64/Debug/net8.0-windows/UISections/SettingsMenuControl.baml","Custom-only","Build-or-runtime-review","2216",,"A10E558E4405A6C1EF3BE8B3D03F26C7DA2C9BCD670B7D84B992C60EC422CF70",
"obj/x64/Debug/net8.0-windows/UISections/SettingsMenuControl.g.cs","Custom-only","Build-or-runtime-review","7948",,"6F1AA6886FA302E564FD5619A0A16D636F5780490A1A62CA237F8AA6DB131E0A",
"obj/x64/Debug/net8.0-windows/UISections/SettingsMenuControl.g.i.cs","Custom-only","Build-or-runtime-review","7948",,"6F1AA6886FA302E564FD5619A0A16D636F5780490A1A62CA237F8AA6DB131E0A",
"obj/x64/Debug/net8.0-windows/Visuality/ColorPicker.baml","Custom-only","Build-or-runtime-review","4432",,"C5C3E0455ADEA6D4D11DCEE64A52DA32E4042ECD1A68012104A52BEE4AD09705",
"obj/x64/Debug/net8.0-windows/Visuality/ColorPicker.g.cs","Custom-only","Build-or-runtime-review","7373",,"669789BDB5A30533741E06FBC4FDF6AF5FC2A9B69BF3594EAC23621751AC9540",
"obj/x64/Debug/net8.0-windows/Visuality/ColorPicker.g.i.cs","Custom-only","Build-or-runtime-review","7373",,"669789BDB5A30533741E06FBC4FDF6AF5FC2A9B69BF3594EAC23621751AC9540",
"obj/x64/Debug/net8.0-windows/Visuality/ConfigSaver.baml","Custom-only","Build-or-runtime-review","6900",,"F60A8886F2FBAB67366D22B0A1BFAC46CFF9A91D7D564F91179243C7B1B8B795",
"obj/x64/Debug/net8.0-windows/Visuality/ConfigSaver.g.cs","Custom-only","Build-or-runtime-review","10584",,"A5C25C6824853E1F904A68B443BFB6481ECAF1FA3684E87C112529D9A898E089",
"obj/x64/Debug/net8.0-windows/Visuality/ConfigSaver.g.i.cs","Custom-only","Build-or-runtime-review","10584",,"A5C25C6824853E1F904A68B443BFB6481ECAF1FA3684E87C112529D9A898E089",
"obj/x64/Debug/net8.0-windows/Visuality/CrosshairWindow.baml","Custom-only","Build-or-runtime-review","1695",,"B317CD436C96B391CC355D3DAD3EFE49F9F528E5B3A18CFE4E4A097F57419DD5",
"obj/x64/Debug/net8.0-windows/Visuality/CrosshairWindow.g.cs","Custom-only","Build-or-runtime-review","3677",,"AAE9AF173325A9AFFFFFD4CB0B72B3688A3F92EA5A7F6B9E2BD021D0A22D1822",
"obj/x64/Debug/net8.0-windows/Visuality/CrosshairWindow.g.i.cs","Custom-only","Build-or-runtime-review","3677",,"AAE9AF173325A9AFFFFFD4CB0B72B3688A3F92EA5A7F6B9E2BD021D0A22D1822",
"obj/x64/Debug/net8.0-windows/Visuality/DetectedPlayerWindow.baml","Custom-only","Build-or-runtime-review","2269",,"02E18BF155946BC12E0ADDD99FE13383DD23587011DE29D409DDE6D84CE99CCA",
"obj/x64/Debug/net8.0-windows/Visuality/DetectedPlayerWindow.g.cs","Custom-only","Build-or-runtime-review","5467",,"146E881E849C10F581982488216AA251B5B2862B7E7FFAB78DF9F4047F90C1B6",
"obj/x64/Debug/net8.0-windows/Visuality/DetectedPlayerWindow.g.i.cs","Custom-only","Build-or-runtime-review","5467",,"146E881E849C10F581982488216AA251B5B2862B7E7FFAB78DF9F4047F90C1B6",
"obj/x64/Debug/net8.0-windows/Visuality/DetectedScopeWindow.baml","Custom-only","Build-or-runtime-review","2517",,"5A71B343A4C754CCA4E054CB5F62EA36B5C5A0CCEB23365AE51E152729F04CEB",
"obj/x64/Debug/net8.0-windows/Visuality/DetectedScopeWindow.g.cs","Custom-only","Build-or-runtime-review","5086",,"946B0613AA3D334DE070C012333153C1A7FD6CD38C6D1D20A35FAF90D0BF06B8",
"obj/x64/Debug/net8.0-windows/Visuality/DetectedScopeWindow.g.i.cs","Custom-only","Build-or-runtime-review","5086",,"946B0613AA3D334DE070C012333153C1A7FD6CD38C6D1D20A35FAF90D0BF06B8",
"obj/x64/Debug/net8.0-windows/Visuality/FOV.baml","Custom-only","Build-or-runtime-review","2025",,"5F19828327D07B526A613A3A5B43F569B3661625B166B1DD361B32EB1FE99AAC",
"obj/x64/Debug/net8.0-windows/Visuality/FOV.g.cs","Custom-only","Build-or-runtime-review","4503",,"70F02EAC35266FEB825119361DBFD5DC3E9AE038A8AE413C2498253B18625457",
"obj/x64/Debug/net8.0-windows/Visuality/FOV.g.i.cs","Custom-only","Build-or-runtime-review","4503",,"70F02EAC35266FEB825119361DBFD5DC3E9AE038A8AE413C2498253B18625457",
"obj/x64/Debug/net8.0-windows/Visuality/NoticeBar.baml","Custom-only","Build-or-runtime-review","4489",,"9AFD942DB6289B635D2DA7ED7DFCADA16995BCA6CCEB82E2B82D2C8DA226DD9B",
"obj/x64/Debug/net8.0-windows/Visuality/NoticeBar.g.cs","Custom-only","Build-or-runtime-review","3672",,"2A6C90BC5FFB1EA9EA8814C591F5BAA652532E5254392D94D14FA80935D5E945",
"obj/x64/Debug/net8.0-windows/Visuality/NoticeBar.g.i.cs","Custom-only","Build-or-runtime-review","3672",,"2A6C90BC5FFB1EA9EA8814C591F5BAA652532E5254392D94D14FA80935D5E945",
"obj/x64/Debug/net8.0-windows/Visuality/RegionSelectorWindow.baml","Custom-only","Build-or-runtime-review","2644",,"DB7F0C526BA2E27F7695E3C72FD6764D9886885DF50A20D2FB02B5188F8133C6",
"obj/x64/Debug/net8.0-windows/Visuality/RegionSelectorWindow.g.cs","Custom-only","Build-or-runtime-review","7345",,"981B5350661EB1E690885714C8CE5A3F0E709BDF66D13283438B9CD06E6FF506",
"obj/x64/Debug/net8.0-windows/Visuality/RegionSelectorWindow.g.i.cs","Custom-only","Build-or-runtime-review","7345",,"981B5350661EB1E690885714C8CE5A3F0E709BDF66D13283438B9CD06E6FF506",
"obj/x64/Debug/net8.0-windows/Visuality/Resources.baml","Custom-only","Build-or-runtime-review","3467",,"EF8B808D51CFAD8DBDE1CB40CCB4FBE91AB56B8E21F2992CD156D20159FC6B45",
"obj/x64/Debug/net8.0-windows10.0.19041.0/.NETCoreApp,Version=v8.0.AssemblyAttributes.cs","Custom-only","Build-or-runtime-review","198",,"F7A5D9789C863625E139FF99E1113A503830F6B85A88F6129916DF83AC76B49E",
"obj/x64/Debug/net8.0-windows10.0.19041.0/Aimmy2_2uvh2bc0_wpftmp.AssemblyInfo.cs","Custom-only","Build-or-runtime-review","1183",,"8DD86CEDD8450480686C2EB288379C757A790CDB2484C2A9600707255390D09C",
"obj/x64/Debug/net8.0-windows10.0.19041.0/Aimmy2_2uvh2bc0_wpftmp.AssemblyInfoInputs.cache","Custom-only","Build-or-runtime-review","66",,"04AFBB003EA6AF030819DCFA2F4E379ACB2B828C33B0E468376D9E858FCA3A9C",
"obj/x64/Debug/net8.0-windows10.0.19041.0/Aimmy2_2uvh2bc0_wpftmp.assets.cache","Custom-only","Build-or-runtime-review","37812",,"B71FE4D745A6CB8067B114F64A2E044057D8073EA32B1FB7D2F04C1C7A184485",
"obj/x64/Debug/net8.0-windows10.0.19041.0/Aimmy2_2uvh2bc0_wpftmp.csproj.BuildWithSkipAnalyzers","Custom-only","Build-or-runtime-review","0",,"E3B0C44298FC1C149AFBF4C8996FB92427AE41E4649B934CA495991B7852B855",
"obj/x64/Debug/net8.0-windows10.0.19041.0/Aimmy2_2uvh2bc0_wpftmp.GeneratedMSBuildEditorConfig.editorconfig","Custom-only","Build-or-runtime-review","1560",,"4CFF701F6C3296C2187390A055848C2B325B509131159E19671CC310D10C9F02",
"obj/x64/Debug/net8.0-windows10.0.19041.0/Aimmy2_2uvh2bc0_wpftmp.GlobalUsings.g.cs","Custom-only","Build-or-runtime-review","183",,"FE45EA572AADFD1A9B54CF7251405CFA11B748CA88B034F06A724D49758CED2D",
"obj/x64/Debug/net8.0-windows10.0.19041.0/Aimmy2_g1ytja1g_wpftmp.AssemblyInfo.cs","Custom-only","Build-or-runtime-review","1183",,"8DD86CEDD8450480686C2EB288379C757A790CDB2484C2A9600707255390D09C",
"obj/x64/Debug/net8.0-windows10.0.19041.0/Aimmy2_g1ytja1g_wpftmp.AssemblyInfoInputs.cache","Custom-only","Build-or-runtime-review","66",,"04AFBB003EA6AF030819DCFA2F4E379ACB2B828C33B0E468376D9E858FCA3A9C",
"obj/x64/Debug/net8.0-windows10.0.19041.0/Aimmy2_g1ytja1g_wpftmp.assets.cache","Custom-only","Build-or-runtime-review","37812",,"9401486F38FCABC1DB5846A140AFCB3B155B87C76458B809FE3657210511D74C",
"obj/x64/Debug/net8.0-windows10.0.19041.0/Aimmy2_g1ytja1g_wpftmp.csproj.BuildWithSkipAnalyzers","Custom-only","Build-or-runtime-review","0",,"E3B0C44298FC1C149AFBF4C8996FB92427AE41E4649B934CA495991B7852B855",
"obj/x64/Debug/net8.0-windows10.0.19041.0/Aimmy2_g1ytja1g_wpftmp.GeneratedMSBuildEditorConfig.editorconfig","Custom-only","Build-or-runtime-review","1560",,"4CFF701F6C3296C2187390A055848C2B325B509131159E19671CC310D10C9F02",
"obj/x64/Debug/net8.0-windows10.0.19041.0/Aimmy2_g1ytja1g_wpftmp.GlobalUsings.g.cs","Custom-only","Build-or-runtime-review","183",,"FE45EA572AADFD1A9B54CF7251405CFA11B748CA88B034F06A724D49758CED2D",
"obj/x64/Debug/net8.0-windows10.0.19041.0/Aimmy2_gceja4vy_wpftmp.AssemblyInfo.cs","Custom-only","Build-or-runtime-review","1143",,"262FC778FFACD7F8FA3F4B9A88424CCBC77A1BDC5EBAAD18BBD723B22B510220",
"obj/x64/Debug/net8.0-windows10.0.19041.0/Aimmy2_gceja4vy_wpftmp.AssemblyInfoInputs.cache","Custom-only","Build-or-runtime-review","66",,"04AFBB003EA6AF030819DCFA2F4E379ACB2B828C33B0E468376D9E858FCA3A9C",
"obj/x64/Debug/net8.0-windows10.0.19041.0/Aimmy2_gceja4vy_wpftmp.assets.cache","Custom-only","Build-or-runtime-review","37812",,"0B5E48AF48DE794A59081E82492D3B5967BB8EA5DC2E3E86F28BF2BB5D9297C4",
"obj/x64/Debug/net8.0-windows10.0.19041.0/Aimmy2_gceja4vy_wpftmp.GeneratedMSBuildEditorConfig.editorconfig","Custom-only","Build-or-runtime-review","1560",,"4CFF701F6C3296C2187390A055848C2B325B509131159E19671CC310D10C9F02",
"obj/x64/Debug/net8.0-windows10.0.19041.0/Aimmy2_gceja4vy_wpftmp.GlobalUsings.g.cs","Custom-only","Build-or-runtime-review","183",,"FE45EA572AADFD1A9B54CF7251405CFA11B748CA88B034F06A724D49758CED2D",
"obj/x64/Debug/net8.0-windows10.0.19041.0/Aimmy2_gezkawv4_wpftmp.AssemblyInfo.cs","Custom-only","Build-or-runtime-review","1183",,"8DD86CEDD8450480686C2EB288379C757A790CDB2484C2A9600707255390D09C",
"obj/x64/Debug/net8.0-windows10.0.19041.0/Aimmy2_gezkawv4_wpftmp.AssemblyInfoInputs.cache","Custom-only","Build-or-runtime-review","66",,"04AFBB003EA6AF030819DCFA2F4E379ACB2B828C33B0E468376D9E858FCA3A9C",
"obj/x64/Debug/net8.0-windows10.0.19041.0/Aimmy2_gezkawv4_wpftmp.assets.cache","Custom-only","Build-or-runtime-review","37812",,"38F2B1DB5CF3C9093E01F405EBB87598C38E56673BCD1EE746AB860305D6373D",
"obj/x64/Debug/net8.0-windows10.0.19041.0/Aimmy2_gezkawv4_wpftmp.csproj.BuildWithSkipAnalyzers","Custom-only","Build-or-runtime-review","0",,"E3B0C44298FC1C149AFBF4C8996FB92427AE41E4649B934CA495991B7852B855",
"obj/x64/Debug/net8.0-windows10.0.19041.0/Aimmy2_gezkawv4_wpftmp.GeneratedMSBuildEditorConfig.editorconfig","Custom-only","Build-or-runtime-review","1560",,"4CFF701F6C3296C2187390A055848C2B325B509131159E19671CC310D10C9F02",
"obj/x64/Debug/net8.0-windows10.0.19041.0/Aimmy2_gezkawv4_wpftmp.GlobalUsings.g.cs","Custom-only","Build-or-runtime-review","183",,"FE45EA572AADFD1A9B54CF7251405CFA11B748CA88B034F06A724D49758CED2D",
"obj/x64/Debug/net8.0-windows10.0.19041.0/Aimmy2_mxshjktq_wpftmp.AssemblyInfo.cs","Custom-only","Build-or-runtime-review","1183",,"8DD86CEDD8450480686C2EB288379C757A790CDB2484C2A9600707255390D09C",
"obj/x64/Debug/net8.0-windows10.0.19041.0/Aimmy2_mxshjktq_wpftmp.AssemblyInfoInputs.cache","Custom-only","Build-or-runtime-review","66",,"04AFBB003EA6AF030819DCFA2F4E379ACB2B828C33B0E468376D9E858FCA3A9C",
"obj/x64/Debug/net8.0-windows10.0.19041.0/Aimmy2_mxshjktq_wpftmp.assets.cache","Custom-only","Build-or-runtime-review","37812",,"F9BDB2D523365E657C8D10331CB88452514C9797D3AF734D58B6B7196D9E0A72",
"obj/x64/Debug/net8.0-windows10.0.19041.0/Aimmy2_mxshjktq_wpftmp.csproj.BuildWithSkipAnalyzers","Custom-only","Build-or-runtime-review","0",,"E3B0C44298FC1C149AFBF4C8996FB92427AE41E4649B934CA495991B7852B855",
"obj/x64/Debug/net8.0-windows10.0.19041.0/Aimmy2_mxshjktq_wpftmp.GeneratedMSBuildEditorConfig.editorconfig","Custom-only","Build-or-runtime-review","1560",,"4CFF701F6C3296C2187390A055848C2B325B509131159E19671CC310D10C9F02",
"obj/x64/Debug/net8.0-windows10.0.19041.0/Aimmy2_mxshjktq_wpftmp.GlobalUsings.g.cs","Custom-only","Build-or-runtime-review","183",,"FE45EA572AADFD1A9B54CF7251405CFA11B748CA88B034F06A724D49758CED2D",
"obj/x64/Debug/net8.0-windows10.0.19041.0/Aimmy2_qexbxovy_wpftmp.AssemblyInfo.cs","Custom-only","Build-or-runtime-review","1143",,"262FC778FFACD7F8FA3F4B9A88424CCBC77A1BDC5EBAAD18BBD723B22B510220",
"obj/x64/Debug/net8.0-windows10.0.19041.0/Aimmy2_qexbxovy_wpftmp.AssemblyInfoInputs.cache","Custom-only","Build-or-runtime-review","66",,"04AFBB003EA6AF030819DCFA2F4E379ACB2B828C33B0E468376D9E858FCA3A9C",
"obj/x64/Debug/net8.0-windows10.0.19041.0/Aimmy2_qexbxovy_wpftmp.assets.cache","Custom-only","Build-or-runtime-review","37812",,"FA12895AE3CC050422F5A235F4F364B943F237DB1C89A30A40D67FFBADB7C20E",
"obj/x64/Debug/net8.0-windows10.0.19041.0/Aimmy2_qexbxovy_wpftmp.GeneratedMSBuildEditorConfig.editorconfig","Custom-only","Build-or-runtime-review","1560",,"4CFF701F6C3296C2187390A055848C2B325B509131159E19671CC310D10C9F02",
"obj/x64/Debug/net8.0-windows10.0.19041.0/Aimmy2_qexbxovy_wpftmp.GlobalUsings.g.cs","Custom-only","Build-or-runtime-review","183",,"FE45EA572AADFD1A9B54CF7251405CFA11B748CA88B034F06A724D49758CED2D",
"obj/x64/Debug/net8.0-windows10.0.19041.0/Aimmy2_qmv4d4la_wpftmp.AssemblyInfo.cs","Custom-only","Build-or-runtime-review","1143",,"262FC778FFACD7F8FA3F4B9A88424CCBC77A1BDC5EBAAD18BBD723B22B510220",
"obj/x64/Debug/net8.0-windows10.0.19041.0/Aimmy2_qmv4d4la_wpftmp.AssemblyInfoInputs.cache","Custom-only","Build-or-runtime-review","66",,"04AFBB003EA6AF030819DCFA2F4E379ACB2B828C33B0E468376D9E858FCA3A9C",
"obj/x64/Debug/net8.0-windows10.0.19041.0/Aimmy2_qmv4d4la_wpftmp.assets.cache","Custom-only","Build-or-runtime-review","37812",,"DD44F6FF7A79F356A0F376087ADD966D57F8D5340600ADA3AF473A329560CDD6",
"obj/x64/Debug/net8.0-windows10.0.19041.0/Aimmy2_qmv4d4la_wpftmp.GeneratedMSBuildEditorConfig.editorconfig","Custom-only","Build-or-runtime-review","1560",,"4CFF701F6C3296C2187390A055848C2B325B509131159E19671CC310D10C9F02",
"obj/x64/Debug/net8.0-windows10.0.19041.0/Aimmy2_qmv4d4la_wpftmp.GlobalUsings.g.cs","Custom-only","Build-or-runtime-review","183",,"FE45EA572AADFD1A9B54CF7251405CFA11B748CA88B034F06A724D49758CED2D",
"obj/x64/Debug/net8.0-windows10.0.19041.0/Aimmy2_rqrw2yhs_wpftmp.AssemblyInfo.cs","Custom-only","Build-or-runtime-review","1183",,"8DD86CEDD8450480686C2EB288379C757A790CDB2484C2A9600707255390D09C",
"obj/x64/Debug/net8.0-windows10.0.19041.0/Aimmy2_rqrw2yhs_wpftmp.AssemblyInfoInputs.cache","Custom-only","Build-or-runtime-review","66",,"04AFBB003EA6AF030819DCFA2F4E379ACB2B828C33B0E468376D9E858FCA3A9C",
"obj/x64/Debug/net8.0-windows10.0.19041.0/Aimmy2_rqrw2yhs_wpftmp.assets.cache","Custom-only","Build-or-runtime-review","37812",,"BD73E0C61992E86D29F0292203F0075D97CF528F01CFDC49B424D3EAF07074D7",
"obj/x64/Debug/net8.0-windows10.0.19041.0/Aimmy2_rqrw2yhs_wpftmp.csproj.BuildWithSkipAnalyzers","Custom-only","Build-or-runtime-review","0",,"E3B0C44298FC1C149AFBF4C8996FB92427AE41E4649B934CA495991B7852B855",
"obj/x64/Debug/net8.0-windows10.0.19041.0/Aimmy2_rqrw2yhs_wpftmp.GeneratedMSBuildEditorConfig.editorconfig","Custom-only","Build-or-runtime-review","1560",,"4CFF701F6C3296C2187390A055848C2B325B509131159E19671CC310D10C9F02",
"obj/x64/Debug/net8.0-windows10.0.19041.0/Aimmy2_rqrw2yhs_wpftmp.GlobalUsings.g.cs","Custom-only","Build-or-runtime-review","183",,"FE45EA572AADFD1A9B54CF7251405CFA11B748CA88B034F06A724D49758CED2D",
"obj/x64/Debug/net8.0-windows10.0.19041.0/Aimmy2_zhkfelry_wpftmp.AssemblyInfo.cs","Custom-only","Build-or-runtime-review","1183",,"8DD86CEDD8450480686C2EB288379C757A790CDB2484C2A9600707255390D09C",
"obj/x64/Debug/net8.0-windows10.0.19041.0/Aimmy2_zhkfelry_wpftmp.AssemblyInfoInputs.cache","Custom-only","Build-or-runtime-review","66",,"04AFBB003EA6AF030819DCFA2F4E379ACB2B828C33B0E468376D9E858FCA3A9C",
"obj/x64/Debug/net8.0-windows10.0.19041.0/Aimmy2_zhkfelry_wpftmp.assets.cache","Custom-only","Build-or-runtime-review","37812",,"502708D63D07F139781912F50EE044692262DA9EC6F399B089A5AA4F14541DBD",
"obj/x64/Debug/net8.0-windows10.0.19041.0/Aimmy2_zhkfelry_wpftmp.csproj.BuildWithSkipAnalyzers","Custom-only","Build-or-runtime-review","0",,"E3B0C44298FC1C149AFBF4C8996FB92427AE41E4649B934CA495991B7852B855",
"obj/x64/Debug/net8.0-windows10.0.19041.0/Aimmy2_zhkfelry_wpftmp.GeneratedMSBuildEditorConfig.editorconfig","Custom-only","Build-or-runtime-review","1560",,"4CFF701F6C3296C2187390A055848C2B325B509131159E19671CC310D10C9F02",
"obj/x64/Debug/net8.0-windows10.0.19041.0/Aimmy2_zhkfelry_wpftmp.GlobalUsings.g.cs","Custom-only","Build-or-runtime-review","183",,"FE45EA572AADFD1A9B54CF7251405CFA11B748CA88B034F06A724D49758CED2D",
"obj/x64/Debug/net8.0-windows10.0.19041.0/Aimmy2.AssemblyInfo.cs","Custom-only","Build-or-runtime-review","1183",,"8DD86CEDD8450480686C2EB288379C757A790CDB2484C2A9600707255390D09C",
"obj/x64/Debug/net8.0-windows10.0.19041.0/Aimmy2.AssemblyInfoInputs.cache","Custom-only","Build-or-runtime-review","66",,"04AFBB003EA6AF030819DCFA2F4E379ACB2B828C33B0E468376D9E858FCA3A9C",
"obj/x64/Debug/net8.0-windows10.0.19041.0/Aimmy2.assets.cache","Custom-only","Build-or-runtime-review","37812",,"82931E1F2593E2BC10B2BB771E0F6400E846E03399626551F66713C99AE25A66",
"obj/x64/Debug/net8.0-windows10.0.19041.0/Aimmy2.csproj.AssemblyReference.cache","Custom-only","Build-or-runtime-review","9710",,"C5C079F318294EA4E91D84CC0D533CCC451FCA391D90A8E300C020164DE34302",
"obj/x64/Debug/net8.0-windows10.0.19041.0/Aimmy2.csproj.BuildWithSkipAnalyzers","Custom-only","Build-or-runtime-review","0",,"E3B0C44298FC1C149AFBF4C8996FB92427AE41E4649B934CA495991B7852B855",
"obj/x64/Debug/net8.0-windows10.0.19041.0/Aimmy2.csproj.CoreCompileInputs.cache","Custom-only","Build-or-runtime-review","66",,"97702FB206F27631A46A16D5D5D0D885C8E7F4B0FDFF35F0ABE300363D1C5040",
"obj/x64/Debug/net8.0-windows10.0.19041.0/Aimmy2.csproj.FileListAbsolute.txt","Custom-only","Build-or-runtime-review","11824",,"DD6E6305E6C3BD5F996D8881C403DA8D03BF204889B6EF46DB24570AB2120D5F",
"obj/x64/Debug/net8.0-windows10.0.19041.0/Aimmy2.csproj.Fody.CopyLocal.cache","Custom-only","Build-or-runtime-review","1073",,"0A477F870DF2EF8D831BF9946614C4CD9E470961BAD5DE5C0EF056FB557555DE",
"obj/x64/Debug/net8.0-windows10.0.19041.0/Aimmy2.csproj.Fody.RuntimeCopyLocal.cache","Custom-only","Build-or-runtime-review","3255",,"9A306FAFE26D74C0E9B13490E31137F2BB948BEBFB6EE1B4D2538AA402B971D6",
"obj/x64/Debug/net8.0-windows10.0.19041.0/Aimmy2.csproj.Up2Date","Custom-only","Build-or-runtime-review","0",,"E3B0C44298FC1C149AFBF4C8996FB92427AE41E4649B934CA495991B7852B855",
"obj/x64/Debug/net8.0-windows10.0.19041.0/Aimmy2.GeneratedMSBuildEditorConfig.editorconfig","Custom-only","Build-or-runtime-review","1560",,"4CFF701F6C3296C2187390A055848C2B325B509131159E19671CC310D10C9F02",
"obj/x64/Debug/net8.0-windows10.0.19041.0/Aimmy2.genruntimeconfig.cache","Custom-only","Build-or-runtime-review","66",,"EF66B228CA19FBDBB59069CCF0DF103E529241747D037415B05064FC5B3EB3A5",
"obj/x64/Debug/net8.0-windows10.0.19041.0/Aimmy2.GlobalUsings.g.cs","Custom-only","Build-or-runtime-review","183",,"FE45EA572AADFD1A9B54CF7251405CFA11B748CA88B034F06A724D49758CED2D",
"obj/x64/Debug/net8.0-windows10.0.19041.0/App.baml","Custom-only","Build-or-runtime-review","25902",,"071288F4E0DAA74CFDFDDDF791546FDDF6D5FCBDC4393F84355396C8328A1CB1",
"obj/x64/Debug/net8.0-windows10.0.19041.0/App.g.cs","Custom-only","Build-or-runtime-review","2610",,"1847D8315512FFB0B5B7EE763D4C0BE41BDAC53EEC73D41AA5F49152FB73F319",
"obj/x64/Debug/net8.0-windows10.0.19041.0/App.g.i.cs","Custom-only","Build-or-runtime-review","2659",,"A419DC5D1FB50B64953B2AA9696560AB24A8D40BDE1966B50406C012CC38F372",
"obj/x64/Debug/net8.0-windows10.0.19041.0/apphost.exe","Custom-only","Build-or-runtime-review","186368",,"9B47D351D30FC1BE3E5159E8CE6851E5C77FFCD87097C8F84BBF3536393AF75A",
"obj/x64/Debug/net8.0-windows10.0.19041.0/Costura/0422904D0F3BECE42D3F9D4C4597685CAD701DEE.costura.vortice.mathematics.dll.compressed","Custom-only","Build-or-runtime-review","48054",,"09AE97CE9595178440D948925FCF57C758B9EC746675073FD5EBFCCA595C776F",
"obj/x64/Debug/net8.0-windows10.0.19041.0/Costura/1A0E397F6EC5D0585AF6089D3CE86711B9162ED7.costura.microsoft.xaml.behaviors.pdb.compressed","Custom-only","Build-or-runtime-review","118452",,"4ECDC1C7B638A7AC599B574AFACE394F6FE92391CB353B82D9660054E13582DB",
"obj/x64/Debug/net8.0-windows10.0.19041.0/Costura/1E6CEDCC37F982F7372163A7B9DCB077E198600D.costura.materialdesignthemes.wpf.dll.compressed","Custom-only","Build-or-runtime-review","3034188",,"7C032C118E41A6FC2D9BD1ACDB670CE4401B1277F2CCFE06311C2157504841D3",
"obj/x64/Debug/net8.0-windows10.0.19041.0/Costura/31531EEA4711CF48D5E834FF92738769389EE1CD.costura.costura.dll.compressed","Custom-only","Build-or-runtime-review","2287",,"5FEDFADF4EB8652F8CDE60A3DD61FEF6DC4844314C5AC4DE066DABA6430CEB48",
"obj/x64/Debug/net8.0-windows10.0.19041.0/Costura/3501061214FB5B3143E584831CFF8D3C7216DC70.costura.supercluster.kdtree.dll.compressed","Custom-only","Build-or-runtime-review","7057",,"78C441239F2998AF8CB9717EBB4A6749F603F9A3E57DBEDA1DA73621852B4FBA",
"obj/x64/Debug/net8.0-windows10.0.19041.0/Costura/4DE073819643DE254B17CB83360E10E74EB57F0E.costura.costura.pdb.compressed","Custom-only","Build-or-runtime-review","4477",,"56DC94E1B6121B905CC66C53D374C0491A56F800FB7A4B23BDA75DE048B152FC",
"obj/x64/Debug/net8.0-windows10.0.19041.0/Costura/605FAC68335FD692A666F5E560299F4851CA1CC1.costura.sharpgen.runtime.dll.compressed","Custom-only","Build-or-runtime-review","36571",,"591325B5C8119FAAC882CE5FD990C4D1C206533A383442AA209CF832F578BFD2",
"obj/x64/Debug/net8.0-windows10.0.19041.0/Costura/63BC35A0C27BB49E31012F55BA3E40145B0EA87C.costura.microsoft.xaml.behaviors.dll.compressed","Custom-only","Build-or-runtime-review","64817",,"883D846D53AB562265D62C909ACD6E0368F73819B880430C533610C029E964F1",
"obj/x64/Debug/net8.0-windows10.0.19041.0/Costura/64244D464BD1EDE5EC94B327D120449636B68063.costura.gma.system.mousekeyhook.dll.compressed","Custom-only","Build-or-runtime-review","22119",,"13EB746F7777CEE4378378246823D04276DC9501C7972DFC5E7D187DDC157AAA",
"obj/x64/Debug/net8.0-windows10.0.19041.0/Costura/7A3852DE44FE5F91E883B5B9C3FBA3FB39F02A8E.costura.vortice.direct3d12.dll.compressed","Custom-only","Build-or-runtime-review","182837",,"24925EE9320AA65A49AF381BF62CDD9ECFF6079CEFA58627363C24247CB304F6",
"obj/x64/Debug/net8.0-windows10.0.19041.0/Costura/8EFC1CBC86DF4C61CACA4D49DE938D7F8580C90C.costura.tensorrtsharp.dll.compressed","Custom-only","Build-or-runtime-review","53454",,"3D34777B722F636592D11D189F04671C6C1F4A227AFAD72D93AE61258E297014",
"obj/x64/Debug/net8.0-windows10.0.19041.0/Costura/9D0227A32A2A74C8F105A5015C25BCEE6EB787F4.costura.system.text.encodings.web.dll.compressed","Custom-only","Build-or-runtime-review","31601",,"6F6D0D26502994B450CECFCFE96B6BA959CD79D3B7AA112FFF640E02E8C5EC09",
"obj/x64/Debug/net8.0-windows10.0.19041.0/Costura/A492390F5479F4060C7E9F63B6BF30DEAC17DB84.costura.materialdesigncolors.dll.compressed","Custom-only","Build-or-runtime-review","43959",,"F72792E48727C230A8663E4D7977F7F775A68701712A0CBD8F63134FDF4C7026",
"obj/x64/Debug/net8.0-windows10.0.19041.0/Costura/BCD40968EBA6D4DF369C7E567AFEEC5369CE09CA.costura.system.codedom.dll.compressed","Custom-only","Build-or-runtime-review","71608",,"671D9DFC814C58E3B1B61932859C06A91A241ECF0F9F89C74CFB4805A3815FF9",
"obj/x64/Debug/net8.0-windows10.0.19041.0/Costura/C15A71BDB01E27B6529569715B6195E7FE304BE1.costura.vortice.direct3d11.dll.compressed","Custom-only","Build-or-runtime-review","118653",,"EBED7F26C0649D3A7A238A67A74325D3E49B2B58F63525B4DF92AE38010D0240",
"obj/x64/Debug/net8.0-windows10.0.19041.0/Costura/C7344AFCDACED6911AB5288B0ADE76F66DD41203.costura.winrt.runtime.dll.compressed","Custom-only","Build-or-runtime-review","187315",,"7EADE7B01311E72F8CB72A670C4EDC30C7DCCDE623FA634035AAC3986C39D792",
"obj/x64/Debug/net8.0-windows10.0.19041.0/Costura/CADFD587E7D2F3E6533328FC5D85FFD71B27E978.costura.sharpgen.runtime.com.dll.compressed","Custom-only","Build-or-runtime-review","72327",,"A9D7730FC24D8C70A0D5228EA9076B72E1AB74A0A296B5645B2656A9996A5A04",
"obj/x64/Debug/net8.0-windows10.0.19041.0/Costura/CE8664DA8AF4B0084D75EA4F5A2EFA3BE1FEB72D.costura.microsoft.ml.onnxruntime.pdb.compressed","Custom-only","Build-or-runtime-review","36645",,"8B0499FFE4CB5B27639A7BE28DA9EE715EB8E401AA249E3D3DF7575CB168AE65",
"obj/x64/Debug/net8.0-windows10.0.19041.0/Costura/D0756172C50CEDD0C9332F158882137622C2C167.costura.system.io.pipelines.dll.compressed","Custom-only","Build-or-runtime-review","38358",,"5113A4169AEF3C3F1444E48204B93F556CEAFB2B60EC61825D773AC210DF4B05",
"obj/x64/Debug/net8.0-windows10.0.19041.0/Costura/D948F74B30DA3DF7354478FEE608A7B675DF539D.costura.system.numerics.tensors.dll.compressed","Custom-only","Build-or-runtime-review","132052",,"A53C5B4AA0D6F726F9FD6DC94E293D549818E963C57B40D522B8533EA7AA1B9B",
"obj/x64/Debug/net8.0-windows10.0.19041.0/Costura/E06B572053122C09C0549D86388B302D20FA1930.costura.vortice.dxgi.dll.compressed","Custom-only","Build-or-runtime-review","37445",,"46B5A105D1C3EB92D0CBC6169D641AC2AB19E4B122F520C1165764FB22D70401",
"obj/x64/Debug/net8.0-windows10.0.19041.0/Costura/E909E08DB5A6226AE12371BCF8A58390DA09BBD8.costura.vortice.mathematics.pdb.compressed","Custom-only","Build-or-runtime-review","29797",,"1A1709E0E9C0D5DA8552B97532D9C774ACA7F9EB3C00E6341D5F2DE87E178425",
"obj/x64/Debug/net8.0-windows10.0.19041.0/Costura/EB57D8D9B8C1E4434044C28B608113E49D53CCF9.costura.microsoft.windows.sdk.net.dll.compressed","Custom-only","Build-or-runtime-review","6434849",,"0D878256043AE2ABC5AE577C60F6968409D1CB57054D3674B258E81E4729C599",
"obj/x64/Debug/net8.0-windows10.0.19041.0/Costura/ECF0B198C97AD84082EB3057918993D2A00D87B0.costura.vortice.directx.dll.compressed","Custom-only","Build-or-runtime-review","143883",,"38A8A83D0A69648D9EF6D93DC42BFAF7EC3C483973BE948CC956B4D0D48B2D8F",
"obj/x64/Debug/net8.0-windows10.0.19041.0/Costura/F19C6AD762EA5A702A79C51282F858205DD684ED.costura.microsoft.ml.onnxruntime.dll.compressed","Custom-only","Build-or-runtime-review","93744",,"27C7832B98480C571027EB8D7B7600A6B9B0737F164A9C59F9B30BE94DDB5783",
"obj/x64/Debug/net8.0-windows10.0.19041.0/Costura/F2D7F1DDE295000855372F6EEBB991F43397C6BA.costura.xamlradialprogressbar.dll.compressed","Custom-only","Build-or-runtime-review","10880",,"E1948CF11A67843497AB01C0999D94EF4E8FB58A28DA6EA33B0A3F2570A67AB9",
"obj/x64/Debug/net8.0-windows10.0.19041.0/Costura/F387C00DD7C9A5E38C0DB6B9141DB74DA433103A.costura.antwpf.dll.compressed","Custom-only","Build-or-runtime-review","277104",,"3650391C62B581ABD01FCEC8A795DA1704DB37C46F4148ADEDAAFB5F3B00F8D6",
"obj/x64/Debug/net8.0-windows10.0.19041.0/Costura/F89AC5753DB55F75602ADC28E204031878EB91E6.costura.system.text.json.dll.compressed","Custom-only","Build-or-runtime-review","237550",,"773E65E8F00D1EFF600BD10BC7A5BCA13DD776817A7E1BC152B1258881D20455",
"obj/x64/Debug/net8.0-windows10.0.19041.0/Costura/FCF801C0915CB47F400C74B1B459EB55FF4A5F9D.costura.newtonsoft.json.dll.compressed","Custom-only","Build-or-runtime-review","278020",,"1E0697DCF002DC0CC6BD0C68AE823505ABD09AA9251DCC550C7860FFFA159231",
"obj/x64/Debug/net8.0-windows10.0.19041.0/Costura/FDE33E12D5C01C72E42DD36A33F1E3DC541B8384.costura.system.management.dll.compressed","Custom-only","Build-or-runtime-review","29549",,"4A98CAAE344E1C0F7067FFE8CDBB52B8601CD08BF581B3129C784E4343C3617E",
"obj/x64/Debug/net8.0-windows10.0.19041.0/CouldBeAimmyV2_Content.g.cs","Custom-only","Build-or-runtime-review","3576",,"EC453552A21B51127A1AF5A73E70DD13FEC5A5DF4D2F64E8234FC9FC0B55BA52",
"obj/x64/Debug/net8.0-windows10.0.19041.0/CouldBeAimmyV2_Content.g.i.cs","Custom-only","Build-or-runtime-review","3616",,"139ABDF6A58E865C82058B98102D268932A043B9ADBE168E5E817B1F307ECBC0",
"obj/x64/Debug/net8.0-windows10.0.19041.0/CouldBeAimmyV2_MarkupCompile.cache","Custom-only","Build-or-runtime-review","1455",,"D7E7C6A6CA21E177AAA8A6AFF0BD77DD329F19F445DF4E76D74B6398B9751417",
"obj/x64/Debug/net8.0-windows10.0.19041.0/CouldBeAimmyV2_MarkupCompile.i.cache","Custom-only","Build-or-runtime-review","1462",,"3E9E356FC95C0E76FF95BF093CB902FBA3DCFDB3A5BF66EF70DFB50558FE20A8",
"obj/x64/Debug/net8.0-windows10.0.19041.0/CouldBeAimmyV2_MarkupCompile.lref","Custom-only","Build-or-runtime-review","1726",,"7D983CC5C9F07C54734A1D206E9F51432FAF82EF6DFB20DF8EBE5AAF06307787",
"obj/x64/Debug/net8.0-windows10.0.19041.0/CouldBeAimmyV2.dll","Custom-only","Build-or-runtime-review","14685184",,"77C9F64EE2D6930956BDD6C8BBA43F06B817CD94B3B2FEB00CF32F5A22FDB5A3",
"obj/x64/Debug/net8.0-windows10.0.19041.0/CouldBeAimmyV2.g.resources","Custom-only","Build-or-runtime-review","2164919",,"50A78187D4F4EB6BB45DC2C209020F57E1AFE3A261479FA1C9F56AF98E1A03A0",
"obj/x64/Debug/net8.0-windows10.0.19041.0/ExitConfirmationWindow.baml","Custom-only","Build-or-runtime-review","3812",,"91DA5EA9BA3F5140339BE8EABAAAA34876E9AA777F667848CAFF6464917894C2",
"obj/x64/Debug/net8.0-windows10.0.19041.0/ExitConfirmationWindow.g.cs","Custom-only","Build-or-runtime-review","4113",,"E8955906442AE4EE02AAB0EDF9A3CF001FEA39A36C3E8E3ADBA232DC2FAD7721",
"obj/x64/Debug/net8.0-windows10.0.19041.0/ExitConfirmationWindow.g.i.cs","Custom-only","Build-or-runtime-review","4162",,"CB6745286F07B933E513EE45036F8D2683FCB11789C85A45ABEF9494638F7B3A",
"obj/x64/Debug/net8.0-windows10.0.19041.0/GeneratedInternalTypeHelper.g.cs","Custom-only","Build-or-runtime-review","2999",,"6FF935727CC49AEBA84B53CC9CAB0E7E8F05E9299D60F9F6BCC3101179DEBC20",
"obj/x64/Debug/net8.0-windows10.0.19041.0/GeneratedInternalTypeHelper.g.i.cs","Custom-only","Build-or-runtime-review","2999",,"6FF935727CC49AEBA84B53CC9CAB0E7E8F05E9299D60F9F6BCC3101179DEBC20",
"obj/x64/Debug/net8.0-windows10.0.19041.0/MainWindow.baml","Custom-only","Build-or-runtime-review","7640",,"4382E247D86DEE466E01A90658EF243D026B4B319C72DFE1B0182BB09B102196",
"obj/x64/Debug/net8.0-windows10.0.19041.0/MainWindow.g.cs","Custom-only","Build-or-runtime-review","13095",,"8CA104159EC8ADF6554F93A69E778076BC889A70DBBA031CD4E972E2A69B9888",
"obj/x64/Debug/net8.0-windows10.0.19041.0/MainWindow.g.i.cs","Custom-only","Build-or-runtime-review","13095",,"8CA104159EC8ADF6554F93A69E778076BC889A70DBBA031CD4E972E2A69B9888",
"obj/x64/Debug/net8.0-windows10.0.19041.0/MouseMovementLibraries/GHubSupport/LGDownloader.baml","Custom-only","Build-or-runtime-review","4927",,"7446B23C578347263B8D8B307ADE2CD563C65E1F3DEA7853F2B59C32A2081245",
"obj/x64/Debug/net8.0-windows10.0.19041.0/MouseMovementLibraries/GHubSupport/LGDownloader.g.cs","Custom-only","Build-or-runtime-review","8186",,"F6DC7957687B9B34D07A74D9A290C4FE2183DFAE088C89526176F7F950EE3AF4",
"obj/x64/Debug/net8.0-windows10.0.19041.0/MouseMovementLibraries/GHubSupport/LGDownloader.g.i.cs","Custom-only","Build-or-runtime-review","8186",,"F6DC7957687B9B34D07A74D9A290C4FE2183DFAE088C89526176F7F950EE3AF4",
"obj/x64/Debug/net8.0-windows10.0.19041.0/ref/CouldBeAimmyV2.dll","Custom-only","Build-or-runtime-review","132096",,"42C044603B9BED58E1D3611F2D2A90D0A2EF6C8E6BCCA66B055C32087BED67FF",
"obj/x64/Debug/net8.0-windows10.0.19041.0/refint/CouldBeAimmyV2.dll","Custom-only","Build-or-runtime-review","132096",,"42C044603B9BED58E1D3611F2D2A90D0A2EF6C8E6BCCA66B055C32087BED67FF",
"obj/x64/Debug/net8.0-windows10.0.19041.0/StartupWindow.baml","Custom-only","Build-or-runtime-review","10023",,"4513609F739891F4AFF0D35FDC507E584AE7EEB5C61226E1314FAD177387AA9E",
"obj/x64/Debug/net8.0-windows10.0.19041.0/StartupWindow.g.cs","Custom-only","Build-or-runtime-review","14504",,"1177E175FFD47E341672F515018274C892DC6834939B37466E10E66FC4F08D9E",
"obj/x64/Debug/net8.0-windows10.0.19041.0/StartupWindow.g.i.cs","Custom-only","Build-or-runtime-review","14553",,"14EA61564FC64127C8DBDB21CB69964A3BD9CFC4388E8B07FCE333D8EB59F92B",
"obj/x64/Debug/net8.0-windows10.0.19041.0/UILibrary/AColorChanger.baml","Custom-only","Build-or-runtime-review","2305",,"DE81930634F80982BB0E8BD44BE12EA09CB6C186A7793A86CDD557C2BF6F1E91",
"obj/x64/Debug/net8.0-windows10.0.19041.0/UILibrary/AColorChanger.g.cs","Custom-only","Build-or-runtime-review","4767",,"31D53B98C304DC87CA2734328D58B64DA519B9E40FC56A3AFDD1C906C5EA7174",
"obj/x64/Debug/net8.0-windows10.0.19041.0/UILibrary/AColorChanger.g.i.cs","Custom-only","Build-or-runtime-review","4767",,"31D53B98C304DC87CA2734328D58B64DA519B9E40FC56A3AFDD1C906C5EA7174",
"obj/x64/Debug/net8.0-windows10.0.19041.0/UILibrary/AColorWheel.baml","Custom-only","Build-or-runtime-review","11006",,"D1D18F601793D687CDD5CBF31CFFCCFCB25B967692728399FE1F3A0E651F7B2B",
"obj/x64/Debug/net8.0-windows10.0.19041.0/UILibrary/AColorWheel.g.cs","Custom-only","Build-or-runtime-review","19134",,"D3322C4CB6FE25831FC4689327DB411D5339D83E9012496A8BDB8E438AA8F8B0",
"obj/x64/Debug/net8.0-windows10.0.19041.0/UILibrary/AColorWheel.g.i.cs","Custom-only","Build-or-runtime-review","19134",,"D3322C4CB6FE25831FC4689327DB411D5339D83E9012496A8BDB8E438AA8F8B0",
"obj/x64/Debug/net8.0-windows10.0.19041.0/UILibrary/ADisplaySelector.baml","Custom-only","Build-or-runtime-review","2500",,"58FB210F976BB443B3CAE9A410868C5D3A38B0EE23841F6F2B6CC5099E262064",
"obj/x64/Debug/net8.0-windows10.0.19041.0/UILibrary/ADisplaySelector.g.cs","Custom-only","Build-or-runtime-review","4835",,"B10D2B5F8B710C1DF84FDBD7A7BF5939AFA8B3E4358DBE98AC37A8FF5D47CB18",
"obj/x64/Debug/net8.0-windows10.0.19041.0/UILibrary/ADisplaySelector.g.i.cs","Custom-only","Build-or-runtime-review","4835",,"B10D2B5F8B710C1DF84FDBD7A7BF5939AFA8B3E4358DBE98AC37A8FF5D47CB18",
"obj/x64/Debug/net8.0-windows10.0.19041.0/UILibrary/ADownloadGateway.baml","Custom-only","Build-or-runtime-review","2806",,"66DE2D8336858240911600ABC4D8931D3ED651952AEED852445F33BE8B600484",
"obj/x64/Debug/net8.0-windows10.0.19041.0/UILibrary/ADownloadGateway.g.cs","Custom-only","Build-or-runtime-review","5303",,"7C3D6D9753696746522FC6BE0A5CE2D310E5D218A1CBF3BD9F0BF803029DB494",
"obj/x64/Debug/net8.0-windows10.0.19041.0/UILibrary/ADownloadGateway.g.i.cs","Custom-only","Build-or-runtime-review","5303",,"7C3D6D9753696746522FC6BE0A5CE2D310E5D218A1CBF3BD9F0BF803029DB494",
"obj/x64/Debug/net8.0-windows10.0.19041.0/UILibrary/ADropdown.baml","Custom-only","Build-or-runtime-review","2315",,"678D4F946B39FB1213DB4EC499730B867BD10421EB5E9FC92CE2465DD6F90122",
"obj/x64/Debug/net8.0-windows10.0.19041.0/UILibrary/ADropdown.g.cs","Custom-only","Build-or-runtime-review","4556",,"174FDDC30EE259629AD231FD55063178B58133C6ABC29ED2AB078D03A791170F",
"obj/x64/Debug/net8.0-windows10.0.19041.0/UILibrary/ADropdown.g.i.cs","Custom-only","Build-or-runtime-review","4556",,"174FDDC30EE259629AD231FD55063178B58133C6ABC29ED2AB078D03A791170F",
"obj/x64/Debug/net8.0-windows10.0.19041.0/UILibrary/AFileLocator.baml","Custom-only","Build-or-runtime-review","2994",,"EE42EC1858BF07F24BAFD0BF731358A0F21AC318A088463291F3D217760828AD",
"obj/x64/Debug/net8.0-windows10.0.19041.0/UILibrary/AFileLocator.g.cs","Custom-only","Build-or-runtime-review","5477",,"F8011A03E6F902859FBD502801534C26627AA9C163F8304E813B537A4844503A",
"obj/x64/Debug/net8.0-windows10.0.19041.0/UILibrary/AFileLocator.g.i.cs","Custom-only","Build-or-runtime-review","5477",,"F8011A03E6F902859FBD502801534C26627AA9C163F8304E813B537A4844503A",
"obj/x64/Debug/net8.0-windows10.0.19041.0/UILibrary/AKeyChanger.baml","Custom-only","Build-or-runtime-review","2448",,"2F0768C7AF4928250D2C629193EFF26B4606D646B70B8C5CE8E396DFE88ED47C",
"obj/x64/Debug/net8.0-windows10.0.19041.0/UILibrary/AKeyChanger.g.cs","Custom-only","Build-or-runtime-review","4729",,"7BE705F20D78E8D631784D5209D9AF02D2A061615F0B434D780B88B962B60987",
"obj/x64/Debug/net8.0-windows10.0.19041.0/UILibrary/AKeyChanger.g.i.cs","Custom-only","Build-or-runtime-review","4729",,"7BE705F20D78E8D631784D5209D9AF02D2A061615F0B434D780B88B962B60987",
"obj/x64/Debug/net8.0-windows10.0.19041.0/UILibrary/APButton.baml","Custom-only","Build-or-runtime-review","2281",,"E038181FD4782C93EE5BCC818183CF760D8530973B6D89474B001C5A9B28D658",
"obj/x64/Debug/net8.0-windows10.0.19041.0/UILibrary/APButton.g.cs","Custom-only","Build-or-runtime-review","4257",,"941639BCA50550306225639A794D85C884F3047AD4956742F858251ACE96CC78",
"obj/x64/Debug/net8.0-windows10.0.19041.0/UILibrary/APButton.g.i.cs","Custom-only","Build-or-runtime-review","4257",,"941639BCA50550306225639A794D85C884F3047AD4956742F858251ACE96CC78",
"obj/x64/Debug/net8.0-windows10.0.19041.0/UILibrary/ARectangleBottom.baml","Custom-only","Build-or-runtime-review","1321",,"5C60DADA7291F5F180544C32AA068FA05AFB966CEC996B39A19259EC438A54F5",
"obj/x64/Debug/net8.0-windows10.0.19041.0/UILibrary/ARectangleBottom.g.cs","Custom-only","Build-or-runtime-review","3214",,"4BC34C3647D755F0D91EACE7811E516BB9D54340E3879771B2A6D1845577E236",
"obj/x64/Debug/net8.0-windows10.0.19041.0/UILibrary/ARectangleBottom.g.i.cs","Custom-only","Build-or-runtime-review","3214",,"4BC34C3647D755F0D91EACE7811E516BB9D54340E3879771B2A6D1845577E236",
"obj/x64/Debug/net8.0-windows10.0.19041.0/UILibrary/ASlider.baml","Custom-only","Build-or-runtime-review","3822",,"148F4FF12B552109BBC65EFC8CEF9179A5B27EDDA66D41CA9D3B0AA4E6213915",
"obj/x64/Debug/net8.0-windows10.0.19041.0/UILibrary/ASlider.g.cs","Custom-only","Build-or-runtime-review","6468",,"A04504877CC5C0359A7850A24F526C50B203B352BF975C509D1943EB4CB4C3F8",
"obj/x64/Debug/net8.0-windows10.0.19041.0/UILibrary/ASlider.g.i.cs","Custom-only","Build-or-runtime-review","6468",,"A04504877CC5C0359A7850A24F526C50B203B352BF975C509D1943EB4CB4C3F8",
"obj/x64/Debug/net8.0-windows10.0.19041.0/UILibrary/ASpacer.baml","Custom-only","Build-or-runtime-review","1179",,"F6AD1CFE34F5178C7F6F81DE776EE5C540CB2ED1F01BB4726E6FB94230DAC170",
"obj/x64/Debug/net8.0-windows10.0.19041.0/UILibrary/ASpacer.g.cs","Custom-only","Build-or-runtime-review","3169",,"9EAE41F8E5D24F194C3A2DA12F5B356D9A9860EE170E4A84AF2284F93D4EC329",
"obj/x64/Debug/net8.0-windows10.0.19041.0/UILibrary/ASpacer.g.i.cs","Custom-only","Build-or-runtime-review","3169",,"9EAE41F8E5D24F194C3A2DA12F5B356D9A9860EE170E4A84AF2284F93D4EC329",
"obj/x64/Debug/net8.0-windows10.0.19041.0/UILibrary/ATitle.baml","Custom-only","Build-or-runtime-review","2579",,"BECA7810C326DE42F367592C0E40FC1B48F372F3F2DDFEFC12DC522F7DC6FBBD",
"obj/x64/Debug/net8.0-windows10.0.19041.0/UILibrary/ATitle.g.cs","Custom-only","Build-or-runtime-review","4731",,"661BAFB2115AB67C498B9787B724ABF2421CBF22F1603E30D32EA3354A9A6BED",
"obj/x64/Debug/net8.0-windows10.0.19041.0/UILibrary/ATitle.g.i.cs","Custom-only","Build-or-runtime-review","4731",,"661BAFB2115AB67C498B9787B724ABF2421CBF22F1603E30D32EA3354A9A6BED",
"obj/x64/Debug/net8.0-windows10.0.19041.0/UILibrary/AToggle.baml","Custom-only","Build-or-runtime-review","2777",,"219CAA5F2FFDEDAD341724EE2BC6839A7D6BB8668B333FA955EF1E23EFD04DEB",
"obj/x64/Debug/net8.0-windows10.0.19041.0/UILibrary/AToggle.g.cs","Custom-only","Build-or-runtime-review","5638",,"DCE01F0A0ED7CDD07EFCFA72941E7E0CF2F992935EB89BD9BDE465E708888DCA",
"obj/x64/Debug/net8.0-windows10.0.19041.0/UILibrary/AToggle.g.i.cs","Custom-only","Build-or-runtime-review","5638",,"DCE01F0A0ED7CDD07EFCFA72941E7E0CF2F992935EB89BD9BDE465E708888DCA",
"obj/x64/Debug/net8.0-windows10.0.19041.0/UISections/AboutMenuControl.baml","Custom-only","Build-or-runtime-review","6702",,"453B6AAD68B9FDD77C8CA2E0153D75F52C90934D1C7A2B324F82355508484916",
"obj/x64/Debug/net8.0-windows10.0.19041.0/UISections/AboutMenuControl.g.cs","Custom-only","Build-or-runtime-review","9453",,"63C7DDF316CFCDA10BA72A7D5CC152FD034EE4EC2CD0CD9BCA0FCAFFFA51B7A5",
"obj/x64/Debug/net8.0-windows10.0.19041.0/UISections/AboutMenuControl.g.i.cs","Custom-only","Build-or-runtime-review","9502",,"E4B8C1477064A5221829E464F598EDFAE4D12C326B89AA3ED016C37EAA517101",
"obj/x64/Debug/net8.0-windows10.0.19041.0/UISections/AimMenuControl.baml","Custom-only","Build-or-runtime-review","1977",,"3894064655B92E68F26E1E992BBEE5C6D4A3254445EFA30889534AA525B93116",
"obj/x64/Debug/net8.0-windows10.0.19041.0/UISections/AimMenuControl.g.cs","Custom-only","Build-or-runtime-review","9116",,"0FC94C2865D55119B1276DD68F020C9774F6E2BB615BBE42653288B89F3355E4",
"obj/x64/Debug/net8.0-windows10.0.19041.0/UISections/AimMenuControl.g.i.cs","Custom-only","Build-or-runtime-review","9165",,"AC9BB5C92E8805EA7959757098DE6F2DDF3E389F52ACE8F5192770780AA81A44",
"obj/x64/Debug/net8.0-windows10.0.19041.0/UISections/ModelMenuControl.baml","Custom-only","Build-or-runtime-review","8379",,"6A3E7F71774E10DEA3E5A7B0D0400427688109B09181B0C9857E3E057DEAF7D1",
"obj/x64/Debug/net8.0-windows10.0.19041.0/UISections/ModelMenuControl.g.cs","Custom-only","Build-or-runtime-review","18477",,"310FFC16DC764041E33C66F4296D13C96EEA448E8EC91B167329DA50A096227B",
"obj/x64/Debug/net8.0-windows10.0.19041.0/UISections/ModelMenuControl.g.i.cs","Custom-only","Build-or-runtime-review","18526",,"E911952A60444232F77593AACF92D6D63C5B01750279F3AFED80D9E08290FAE9",
"obj/x64/Debug/net8.0-windows10.0.19041.0/UISections/SettingsMenuControl.baml","Custom-only","Build-or-runtime-review","2216",,"A10E558E4405A6C1EF3BE8B3D03F26C7DA2C9BCD670B7D84B992C60EC422CF70",
"obj/x64/Debug/net8.0-windows10.0.19041.0/UISections/SettingsMenuControl.g.cs","Custom-only","Build-or-runtime-review","7948",,"6F1AA6886FA302E564FD5619A0A16D636F5780490A1A62CA237F8AA6DB131E0A",
"obj/x64/Debug/net8.0-windows10.0.19041.0/UISections/SettingsMenuControl.g.i.cs","Custom-only","Build-or-runtime-review","7948",,"6F1AA6886FA302E564FD5619A0A16D636F5780490A1A62CA237F8AA6DB131E0A",
"obj/x64/Debug/net8.0-windows10.0.19041.0/Visuality/ColorPicker.baml","Custom-only","Build-or-runtime-review","4432",,"C5C3E0455ADEA6D4D11DCEE64A52DA32E4042ECD1A68012104A52BEE4AD09705",
"obj/x64/Debug/net8.0-windows10.0.19041.0/Visuality/ColorPicker.g.cs","Custom-only","Build-or-runtime-review","7373",,"669789BDB5A30533741E06FBC4FDF6AF5FC2A9B69BF3594EAC23621751AC9540",
"obj/x64/Debug/net8.0-windows10.0.19041.0/Visuality/ColorPicker.g.i.cs","Custom-only","Build-or-runtime-review","7373",,"669789BDB5A30533741E06FBC4FDF6AF5FC2A9B69BF3594EAC23621751AC9540",
"obj/x64/Debug/net8.0-windows10.0.19041.0/Visuality/ConfigSaver.baml","Custom-only","Build-or-runtime-review","6900",,"F60A8886F2FBAB67366D22B0A1BFAC46CFF9A91D7D564F91179243C7B1B8B795",
"obj/x64/Debug/net8.0-windows10.0.19041.0/Visuality/ConfigSaver.g.cs","Custom-only","Build-or-runtime-review","10584",,"A5C25C6824853E1F904A68B443BFB6481ECAF1FA3684E87C112529D9A898E089",
"obj/x64/Debug/net8.0-windows10.0.19041.0/Visuality/ConfigSaver.g.i.cs","Custom-only","Build-or-runtime-review","10584",,"A5C25C6824853E1F904A68B443BFB6481ECAF1FA3684E87C112529D9A898E089",
"obj/x64/Debug/net8.0-windows10.0.19041.0/Visuality/CrosshairWindow.baml","Custom-only","Build-or-runtime-review","1695",,"B317CD436C96B391CC355D3DAD3EFE49F9F528E5B3A18CFE4E4A097F57419DD5",
"obj/x64/Debug/net8.0-windows10.0.19041.0/Visuality/CrosshairWindow.g.cs","Custom-only","Build-or-runtime-review","3677",,"AAE9AF173325A9AFFFFFD4CB0B72B3688A3F92EA5A7F6B9E2BD021D0A22D1822",
"obj/x64/Debug/net8.0-windows10.0.19041.0/Visuality/CrosshairWindow.g.i.cs","Custom-only","Build-or-runtime-review","3677",,"AAE9AF173325A9AFFFFFD4CB0B72B3688A3F92EA5A7F6B9E2BD021D0A22D1822",
"obj/x64/Debug/net8.0-windows10.0.19041.0/Visuality/DetectedPlayerWindow.baml","Custom-only","Build-or-runtime-review","2269",,"02E18BF155946BC12E0ADDD99FE13383DD23587011DE29D409DDE6D84CE99CCA",
"obj/x64/Debug/net8.0-windows10.0.19041.0/Visuality/DetectedPlayerWindow.g.cs","Custom-only","Build-or-runtime-review","5467",,"146E881E849C10F581982488216AA251B5B2862B7E7FFAB78DF9F4047F90C1B6",
"obj/x64/Debug/net8.0-windows10.0.19041.0/Visuality/DetectedPlayerWindow.g.i.cs","Custom-only","Build-or-runtime-review","5467",,"146E881E849C10F581982488216AA251B5B2862B7E7FFAB78DF9F4047F90C1B6",
"obj/x64/Debug/net8.0-windows10.0.19041.0/Visuality/DetectedScopeWindow.baml","Custom-only","Build-or-runtime-review","2517",,"5A71B343A4C754CCA4E054CB5F62EA36B5C5A0CCEB23365AE51E152729F04CEB",
"obj/x64/Debug/net8.0-windows10.0.19041.0/Visuality/DetectedScopeWindow.g.cs","Custom-only","Build-or-runtime-review","5046",,"6599EEEC930FF48D1E8D1C2E53509EE13EEF5ABF11A6FCB6B09F80396FB2E945",
"obj/x64/Debug/net8.0-windows10.0.19041.0/Visuality/DetectedScopeWindow.g.i.cs","Custom-only","Build-or-runtime-review","5095",,"CE6DCD6EC92D909EA6887514F06D1C89D9CFBB374E656BFEC6F038FD151E2433",
"obj/x64/Debug/net8.0-windows10.0.19041.0/Visuality/FOV.baml","Custom-only","Build-or-runtime-review","2025",,"5F19828327D07B526A613A3A5B43F569B3661625B166B1DD361B32EB1FE99AAC",
"obj/x64/Debug/net8.0-windows10.0.19041.0/Visuality/FOV.g.cs","Custom-only","Build-or-runtime-review","4503",,"70F02EAC35266FEB825119361DBFD5DC3E9AE038A8AE413C2498253B18625457",
"obj/x64/Debug/net8.0-windows10.0.19041.0/Visuality/FOV.g.i.cs","Custom-only","Build-or-runtime-review","4503",,"70F02EAC35266FEB825119361DBFD5DC3E9AE038A8AE413C2498253B18625457",
"obj/x64/Debug/net8.0-windows10.0.19041.0/Visuality/NoticeBar.baml","Custom-only","Build-or-runtime-review","4489",,"9AFD942DB6289B635D2DA7ED7DFCADA16995BCA6CCEB82E2B82D2C8DA226DD9B",
"obj/x64/Debug/net8.0-windows10.0.19041.0/Visuality/NoticeBar.g.cs","Custom-only","Build-or-runtime-review","3672",,"2A6C90BC5FFB1EA9EA8814C591F5BAA652532E5254392D94D14FA80935D5E945",
"obj/x64/Debug/net8.0-windows10.0.19041.0/Visuality/NoticeBar.g.i.cs","Custom-only","Build-or-runtime-review","3672",,"2A6C90BC5FFB1EA9EA8814C591F5BAA652532E5254392D94D14FA80935D5E945",
"obj/x64/Debug/net8.0-windows10.0.19041.0/Visuality/RegionSelectorWindow.baml","Custom-only","Build-or-runtime-review","2644",,"DB7F0C526BA2E27F7695E3C72FD6764D9886885DF50A20D2FB02B5188F8133C6",
"obj/x64/Debug/net8.0-windows10.0.19041.0/Visuality/RegionSelectorWindow.g.cs","Custom-only","Build-or-runtime-review","7305",,"377C3AB1843E25813047942AAF73CC6FE5EE1ECBEA84F15084D25628B0FB47E8",
"obj/x64/Debug/net8.0-windows10.0.19041.0/Visuality/RegionSelectorWindow.g.i.cs","Custom-only","Build-or-runtime-review","7354",,"61558FA0FAFCFBB6ED566D1CA3BA3FBDF35656BC0902A3B971208315CABDA1A8",
"obj/x64/Debug/net8.0-windows10.0.19041.0/Visuality/Resources.baml","Custom-only","Build-or-runtime-review","3467",,"EF8B808D51CFAD8DBDE1CB40CCB4FBE91AB56B8E21F2992CD156D20159FC6B45",
"obj/x64/Debug/ref/CouldBeAimmyV2.dll","Custom-only","Build-or-runtime-review","134656",,"26D4938B175E18C677D375F0F75D2FEE2729BED39826196EB61AA252BBB8F04E",
"obj/x64/Debug/refint/CouldBeAimmyV2.dll","Custom-only","Build-or-runtime-review","134656",,"26D4938B175E18C677D375F0F75D2FEE2729BED39826196EB61AA252BBB8F04E",
"obj/x64/Debug/StartupWindow.baml","Custom-only","Build-or-runtime-review","10023",,"4513609F739891F4AFF0D35FDC507E584AE7EEB5C61226E1314FAD177387AA9E",
"obj/x64/Debug/StartupWindow.g.cs","Custom-only","Build-or-runtime-review","14429",,"B8F491F82FD228407C728E80FADA8AD60C6ED52DCFC4DB3F2A2D0961BE925CC6",
"obj/x64/Debug/StartupWindow.g.i.cs","Custom-only","Build-or-runtime-review","14469",,"EDD359F6AB6CB1C60D60124D53DFA4A851343412591232DC42A98C48D78B8DB0",
"obj/x64/Debug/UILibrary/AColorChanger.baml","Custom-only","Build-or-runtime-review","2305",,"DE81930634F80982BB0E8BD44BE12EA09CB6C186A7793A86CDD557C2BF6F1E91",
"obj/x64/Debug/UILibrary/AColorChanger.g.cs","Custom-only","Build-or-runtime-review","4721",,"D1008B930D4119194443B0BF2D4A65DEA2DA9E400EADD5CBD5807354920C00B1",
"obj/x64/Debug/UILibrary/AColorChanger.g.i.cs","Custom-only","Build-or-runtime-review","4761",,"723442DD65D13F3443DE22D868BF735A93F18E54B1032908AD8CF13EEF076D8A",
"obj/x64/Debug/UILibrary/AColorWheel.baml","Custom-only","Build-or-runtime-review","11006",,"D1D18F601793D687CDD5CBF31CFFCCFCB25B967692728399FE1F3A0E651F7B2B",
"obj/x64/Debug/UILibrary/AColorWheel.g.cs","Custom-only","Build-or-runtime-review","18974",,"6EF6E3F60A7D67D3FF4C70D1EB4E5BC0538F70D12EE3EAAD0982DD1B7EB6EBBB",
"obj/x64/Debug/UILibrary/AColorWheel.g.i.cs","Custom-only","Build-or-runtime-review","19014",,"42EC5C473A4F41D6C6D19FDC8A142228689468E04B38C25B0B13DAB024AB899B",
"obj/x64/Debug/UILibrary/ADisplaySelector.baml","Custom-only","Build-or-runtime-review","2500",,"58FB210F976BB443B3CAE9A410868C5D3A38B0EE23841F6F2B6CC5099E262064",
"obj/x64/Debug/UILibrary/ADisplaySelector.g.cs","Custom-only","Build-or-runtime-review","4789",,"AC4EF89B86C1239859216C6931E7C5CB2BCA38C484D0EED46A68D1EF497432B0",
"obj/x64/Debug/UILibrary/ADisplaySelector.g.i.cs","Custom-only","Build-or-runtime-review","4829",,"7E7BBE3190129EE0E8F5734FF0C710C2E5294BFCAAAD75F0232B7E3EA71999B4",
"obj/x64/Debug/UILibrary/ADownloadGateway.baml","Custom-only","Build-or-runtime-review","2806",,"66DE2D8336858240911600ABC4D8931D3ED651952AEED852445F33BE8B600484",
"obj/x64/Debug/UILibrary/ADownloadGateway.g.cs","Custom-only","Build-or-runtime-review","5257",,"C521D181C010B09F28E65DB10F07FD0E3207A1904FA170829E1E8C4D5946E70C",
"obj/x64/Debug/UILibrary/ADownloadGateway.g.i.cs","Custom-only","Build-or-runtime-review","5297",,"149C4664ECA5B6D2FEEB24ADBADD9149BD804FA738D96DE22CBD0ABF7EA306B4",
"obj/x64/Debug/UILibrary/ADropdown.baml","Custom-only","Build-or-runtime-review","2315",,"678D4F946B39FB1213DB4EC499730B867BD10421EB5E9FC92CE2465DD6F90122",
"obj/x64/Debug/UILibrary/ADropdown.g.cs","Custom-only","Build-or-runtime-review","4510",,"80D467C69D9365B3B3D9BA20036DCE54D0BF5BC26E9848D215EE417B4194A406",
"obj/x64/Debug/UILibrary/ADropdown.g.i.cs","Custom-only","Build-or-runtime-review","4550",,"2A8980B1519EF41D4FE6BE9DB925FFE02B71756B94360855B1A440B8DC0E7112",
"obj/x64/Debug/UILibrary/AFileLocator.baml","Custom-only","Build-or-runtime-review","2994",,"EE42EC1858BF07F24BAFD0BF731358A0F21AC318A088463291F3D217760828AD",
"obj/x64/Debug/UILibrary/AFileLocator.g.cs","Custom-only","Build-or-runtime-review","5428",,"40FA89FE6E9144BFEC43FE3FD912F1079F1E6C1526ED5F16D4365E8A602B5AA4",
"obj/x64/Debug/UILibrary/AFileLocator.g.i.cs","Custom-only","Build-or-runtime-review","5468",,"7F88B0252C550BE534CFEE7A91D1D74005EE7D62E6AC3E6F9007AB608922F58D",
"obj/x64/Debug/UILibrary/AKeyChanger.baml","Custom-only","Build-or-runtime-review","2448",,"2F0768C7AF4928250D2C629193EFF26B4606D646B70B8C5CE8E396DFE88ED47C",
"obj/x64/Debug/UILibrary/AKeyChanger.g.cs","Custom-only","Build-or-runtime-review","4683",,"BEA06B5F7DDDAED44F97675276D7B7A403EEC260E1D79B570EED9E980FDE7BD6",
"obj/x64/Debug/UILibrary/AKeyChanger.g.i.cs","Custom-only","Build-or-runtime-review","4723",,"1AC4C8BA66EF320FB0603EBEC5277E8F0631899AEF815FEB1B6B112394881300",
"obj/x64/Debug/UILibrary/APButton.baml","Custom-only","Build-or-runtime-review","2281",,"E038181FD4782C93EE5BCC818183CF760D8530973B6D89474B001C5A9B28D658",
"obj/x64/Debug/UILibrary/APButton.g.cs","Custom-only","Build-or-runtime-review","4214",,"8815153A74D3D6FE5D99DFD94AC0B6AD5EA4087266DB79E825E167472B2905F8",
"obj/x64/Debug/UILibrary/APButton.g.i.cs","Custom-only","Build-or-runtime-review","4254",,"A5079E7336BC38EA2A0B63E0530F1D4A468AC3789AA72DE4BD87E36A3F754D53",
"obj/x64/Debug/UILibrary/ARectangleBottom.baml","Custom-only","Build-or-runtime-review","1321",,"5C60DADA7291F5F180544C32AA068FA05AFB966CEC996B39A19259EC438A54F5",
"obj/x64/Debug/UILibrary/ARectangleBottom.g.cs","Custom-only","Build-or-runtime-review","3177",,"45939537B808FE1AA2542BC859D88FA72067DAD5378511C515F0B60610CB7165",
"obj/x64/Debug/UILibrary/ARectangleBottom.g.i.cs","Custom-only","Build-or-runtime-review","3217",,"7074719B72D685A71321A94E55942835B9D508CC3C17E3EECF4BD731DD346891",
"obj/x64/Debug/UILibrary/ASlider.baml","Custom-only","Build-or-runtime-review","3822",,"148F4FF12B552109BBC65EFC8CEF9179A5B27EDDA66D41CA9D3B0AA4E6213915",
"obj/x64/Debug/UILibrary/ASlider.g.cs","Custom-only","Build-or-runtime-review","6413",,"5499B0570678EC819EFEEF74DD67A4B61C59D02480A010BEDD73873AB2F0DFFC",
"obj/x64/Debug/UILibrary/ASlider.g.i.cs","Custom-only","Build-or-runtime-review","6453",,"D555DBBB84EFE25E00A3839A8676E4B19CB55CF2601C17BAEB628F9FEA8ED55E",
"obj/x64/Debug/UILibrary/ASpacer.baml","Custom-only","Build-or-runtime-review","1179",,"F6AD1CFE34F5178C7F6F81DE776EE5C540CB2ED1F01BB4726E6FB94230DAC170",
"obj/x64/Debug/UILibrary/ASpacer.g.cs","Custom-only","Build-or-runtime-review","3132",,"17A809E2E7DB8700878DA1A3D9D93B29B1E27389982DD536261C0A0C972744AA",
"obj/x64/Debug/UILibrary/ASpacer.g.i.cs","Custom-only","Build-or-runtime-review","3172",,"862059BF5CD50B8CC69F85C56605BA829438966A4EFCFA8C394364113C79660C",
"obj/x64/Debug/UILibrary/ATitle.baml","Custom-only","Build-or-runtime-review","2579",,"BECA7810C326DE42F367592C0E40FC1B48F372F3F2DDFEFC12DC522F7DC6FBBD",
"obj/x64/Debug/UILibrary/ATitle.g.cs","Custom-only","Build-or-runtime-review","4688",,"F95B1845D9F2C420DA8FF675FAAC9A590562326CBD3D8A116DFE1C24E651B799",
"obj/x64/Debug/UILibrary/ATitle.g.i.cs","Custom-only","Build-or-runtime-review","4728",,"89A0EE7A812C1E8A680C51C0F93EB9A73FA766ABE8AC78FBEFAEDD8DA12DEAFC",
"obj/x64/Debug/UILibrary/AToggle.baml","Custom-only","Build-or-runtime-review","2777",,"219CAA5F2FFDEDAD341724EE2BC6839A7D6BB8668B333FA955EF1E23EFD04DEB",
"obj/x64/Debug/UILibrary/AToggle.g.cs","Custom-only","Build-or-runtime-review","5589",,"AAF52F03D693AF9192FD4B6800DE5BD282E01A181B36014EF0A0C85ADCD63A10",
"obj/x64/Debug/UILibrary/AToggle.g.i.cs","Custom-only","Build-or-runtime-review","5629",,"FA3F24A2E6636F23604BAAD922F5601E64C5DEFDB61F6643D3512F9C1ED895D7",
"obj/x64/Debug/UISections/AboutMenuControl.baml","Custom-only","Build-or-runtime-review","6702",,"453B6AAD68B9FDD77C8CA2E0153D75F52C90934D1C7A2B324F82355508484916",
"obj/x64/Debug/UISections/AboutMenuControl.g.cs","Custom-only","Build-or-runtime-review","9411",,"D9EECC16A4B8C6F630E4259FCEB9E91792F9C87F22FF997BAED7B1EA799DA32F",
"obj/x64/Debug/UISections/AboutMenuControl.g.i.cs","Custom-only","Build-or-runtime-review","9451",,"A0AFAF83942C7D12F70C8D13D42BA23058BB3A4C6F8E2FBCC7F63BC0D047E266",
"obj/x64/Debug/UISections/AimMenuControl.baml","Custom-only","Build-or-runtime-review","1977",,"3894064655B92E68F26E1E992BBEE5C6D4A3254445EFA30889534AA525B93116",
"obj/x64/Debug/UISections/AimMenuControl.g.cs","Custom-only","Build-or-runtime-review","9080",,"EDE6A29B2131E1E00F10B48C33A29915446B2E58D0B21010957B8CE76FB8186F",
"obj/x64/Debug/UISections/AimMenuControl.g.i.cs","Custom-only","Build-or-runtime-review","9120",,"83638DC4AFBBA449DD8454CBA29F39B30CB5111A2C513A7F26E97035963A0A94",
"obj/x64/Debug/UISections/ModelMenuControl.baml","Custom-only","Build-or-runtime-review","8379",,"6A3E7F71774E10DEA3E5A7B0D0400427688109B09181B0C9857E3E057DEAF7D1",
"obj/x64/Debug/UISections/ModelMenuControl.g.cs","Custom-only","Build-or-runtime-review","18366",,"2D2CC22D3344A331C4F888A79C75B1689CB060F74BD78EC83C8531620B2AA77F",
"obj/x64/Debug/UISections/ModelMenuControl.g.i.cs","Custom-only","Build-or-runtime-review","18406",,"554873C5EC7AA8AE266AE1E4F37970400F7B2F5D2EE49EB7C3B11EBB56F9E099",
"obj/x64/Debug/UISections/SettingsMenuControl.baml","Custom-only","Build-or-runtime-review","2216",,"A10E558E4405A6C1EF3BE8B3D03F26C7DA2C9BCD670B7D84B992C60EC422CF70",
"obj/x64/Debug/UISections/SettingsMenuControl.g.cs","Custom-only","Build-or-runtime-review","7881",,"FD26718B8AF864B7EEF81AE7E17E7CD828B7F8E2A68F99750909AD97B8A46E45",
"obj/x64/Debug/UISections/SettingsMenuControl.g.i.cs","Custom-only","Build-or-runtime-review","7921",,"6B65D61DB4F5D4E39B01FC668E47FE5F7D861A0EA8DAC08F1EDB18EC4BA4C7E0",
"obj/x64/Debug/Visuality/ColorPicker.baml","Custom-only","Build-or-runtime-review","4432",,"C5C3E0455ADEA6D4D11DCEE64A52DA32E4042ECD1A68012104A52BEE4AD09705",
"obj/x64/Debug/Visuality/ColorPicker.g.cs","Custom-only","Build-or-runtime-review","7309",,"C66382406091E05398F1AEAFE86F3E69EF1D25AF93B3C196DB989F8A1F2708C3",
"obj/x64/Debug/Visuality/ColorPicker.g.i.cs","Custom-only","Build-or-runtime-review","7349",,"A8591E44B9D6E955B2C4FFB237296E0AC4509A588B6F68258F879C69A5B4749A",
"obj/x64/Debug/Visuality/ConfigSaver.baml","Custom-only","Build-or-runtime-review","6900",,"F60A8886F2FBAB67366D22B0A1BFAC46CFF9A91D7D564F91179243C7B1B8B795",
"obj/x64/Debug/Visuality/ConfigSaver.g.cs","Custom-only","Build-or-runtime-review","10496",,"CBCE50FA3A5E6BFBAE53969D589412A51A919E693D1C42D639464075DD8570D8",
"obj/x64/Debug/Visuality/ConfigSaver.g.i.cs","Custom-only","Build-or-runtime-review","10536",,"2759AE6346E61497F4CC5A056C9AE490B1C293F1459E883E93873A3D2931F50B",
"obj/x64/Debug/Visuality/CrosshairWindow.baml","Custom-only","Build-or-runtime-review","1724",,"536E3B9A42074BF72923D94A025FD7A6B7CD9297CF842278911BA774D5AB89FE",
"obj/x64/Debug/Visuality/CrosshairWindow.g.cs","Custom-only","Build-or-runtime-review","3637",,"A6912AAF00F78DE4EFBA4EEF4F2E858265A86E91BB6BCB026A0AB50A6048532C",
"obj/x64/Debug/Visuality/CrosshairWindow.g.i.cs","Custom-only","Build-or-runtime-review","3677",,"D021BAEBAC800283A6922860F8186A84996880D1FEFEE4FFCF61A30D8C2E1CE8",
"obj/x64/Debug/Visuality/DetectedPlayerWindow.baml","Custom-only","Build-or-runtime-review","2304",,"91E2FE2405215314D57143AA5FF89B5D8D55722E990A9F2CD1D40604E859F2EA",
"obj/x64/Debug/Visuality/DetectedPlayerWindow.g.cs","Custom-only","Build-or-runtime-review","5415",,"28387E02001DDB418D72447E7E2016DB907F0DDC187D369AB556E625A685E663",
"obj/x64/Debug/Visuality/DetectedPlayerWindow.g.i.cs","Custom-only","Build-or-runtime-review","5455",,"FAA9697DAAF36AF3178B9362FC4384A2893634B3962D5E055223DBE1DC0CB3B6",
"obj/x64/Debug/Visuality/DetectedScopeWindow.baml","Custom-only","Build-or-runtime-review","2555",,"6A2C51C6DE7740093FD00058618D587AE1D2A18DEA382F01B987B02F0046A828",
"obj/x64/Debug/Visuality/DetectedScopeWindow.g.cs","Custom-only","Build-or-runtime-review","5037",,"4760A54F5286F2E46F44366619D94DF908A47EC3455445238C5DA3FCA826CA58",
"obj/x64/Debug/Visuality/DetectedScopeWindow.g.i.cs","Custom-only","Build-or-runtime-review","5077",,"481F53E6B001D0EB3C9297249ECE0C93AB96690B1E17338E677A7FE81587BB96",
"obj/x64/Debug/Visuality/FOV.baml","Custom-only","Build-or-runtime-review","2054",,"C24B080D371DA9CEDA03F5FC5AFA4C8ACDBCE18C88381C68FA605728F0F3A32B",
"obj/x64/Debug/Visuality/FOV.g.cs","Custom-only","Build-or-runtime-review","4457",,"D1335B0E63493D0841870349391B28B0175004086CB7E479944091F1710B882A",
"obj/x64/Debug/Visuality/FOV.g.i.cs","Custom-only","Build-or-runtime-review","4497",,"2E3EEBBEC68966C6466F83CB83CCA092532FDF34CEB5D17A88341BF2A8733DFD",
"obj/x64/Debug/Visuality/NoticeBar.baml","Custom-only","Build-or-runtime-review","4489",,"9AFD942DB6289B635D2DA7ED7DFCADA16995BCA6CCEB82E2B82D2C8DA226DD9B",
"obj/x64/Debug/Visuality/NoticeBar.g.cs","Custom-only","Build-or-runtime-review","3632",,"7D6115719A8A1FCB0EC5463F57A78461B04C310A3F72B075D0BFF71F6A2C2AB7",
"obj/x64/Debug/Visuality/NoticeBar.g.i.cs","Custom-only","Build-or-runtime-review","3672",,"27952DA0FB3EE6DFBCF73E223F352917F4A548274667D70EE4A86CE8F7C9C0CC",
"obj/x64/Debug/Visuality/RegionSelectorWindow.baml","Custom-only","Build-or-runtime-review","2644",,"DB7F0C526BA2E27F7695E3C72FD6764D9886885DF50A20D2FB02B5188F8133C6",
"obj/x64/Debug/Visuality/RegionSelectorWindow.g.cs","Custom-only","Build-or-runtime-review","7275",,"F4F512C33652D3D6CE0BB81C63ED417A638B5145424DAB81BEB6808283ED3FE1",
"obj/x64/Debug/Visuality/RegionSelectorWindow.g.i.cs","Custom-only","Build-or-runtime-review","7315",,"A5BD3D77B430AC62F82CA8735C679A83B15A030CB800FD0C25402F9BE30EC9DB",
"obj/x64/Debug/Visuality/Resources.baml","Custom-only","Build-or-runtime-review","3467",,"EF8B808D51CFAD8DBDE1CB40CCB4FBE91AB56B8E21F2992CD156D20159FC6B45",
"obj/x64/Release/.NETCoreApp,Version=v8.0.AssemblyAttributes.cs","Custom-only","Build-or-runtime-review","198",,"F7A5D9789C863625E139FF99E1113A503830F6B85A88F6129916DF83AC76B49E",
"obj/x64/Release/Aimmy2.AssemblyInfo.cs","Custom-only","Build-or-runtime-review","1176",,"489BBD3C661A767AF45BDACB7587061F5706BEABB817AA7E0BCE9CEE243B3096",
"obj/x64/Release/Aimmy2.AssemblyInfoInputs.cache","Custom-only","Build-or-runtime-review","66",,"8365A10372150760995D9A40B03193D100888EBEFBDF9E93F6B26BE397BE36B9",
"obj/x64/Release/Aimmy2.assets.cache","Custom-only","Build-or-runtime-review","37812",,"AAF3AD3B0CEAB2E45C7117F56BE687D7EDE2495BD156BED8699679763A9BE62D",
"obj/x64/Release/Aimmy2.csproj.AssemblyReference.cache","Custom-only","Build-or-runtime-review","9710",,"C5C079F318294EA4E91D84CC0D533CCC451FCA391D90A8E300C020164DE34302",
"obj/x64/Release/Aimmy2.csproj.CoreCompileInputs.cache","Custom-only","Build-or-runtime-review","66",,"AB27F4E4036D294D2E6A53A175112331FCFCEB9C50DB5A97E908F5A21554DE45",
"obj/x64/Release/Aimmy2.csproj.FileListAbsolute.txt","Custom-only","Build-or-runtime-review","9161",,"0AB530FF861409DA7936A612874D8AFEBDA6357DB59D17340D185A1A7483D537",
"obj/x64/Release/Aimmy2.csproj.Fody.CopyLocal.cache","Custom-only","Build-or-runtime-review","1073",,"0A477F870DF2EF8D831BF9946614C4CD9E470961BAD5DE5C0EF056FB557555DE",
"obj/x64/Release/Aimmy2.csproj.Fody.RuntimeCopyLocal.cache","Custom-only","Build-or-runtime-review","3255",,"9A306FAFE26D74C0E9B13490E31137F2BB948BEBFB6EE1B4D2538AA402B971D6",
"obj/x64/Release/Aimmy2.GeneratedMSBuildEditorConfig.editorconfig","Custom-only","Build-or-runtime-review","1560",,"4CFF701F6C3296C2187390A055848C2B325B509131159E19671CC310D10C9F02",
"obj/x64/Release/Aimmy2.genruntimeconfig.cache","Custom-only","Build-or-runtime-review","66",,"D1D6E2B50ECC5C46904B65A2AA183E9AF35B9AA07A7F4AA30B709D7AEDB5AFDC",
"obj/x64/Release/Aimmy2.GlobalUsings.g.cs","Custom-only","Build-or-runtime-review","183",,"FE45EA572AADFD1A9B54CF7251405CFA11B748CA88B034F06A724D49758CED2D",
"obj/x64/Release/App.baml","Custom-only","Build-or-runtime-review","16563",,"1E4E8284F80AE3879B38051DAEFE1837C3CEED20EF8DECB3FA7FEB046E9141D2",
"obj/x64/Release/App.g.cs","Custom-only","Build-or-runtime-review","2613",,"AF7C9947B061D6CCADAB33370B71A2627CD959BC5A0335EAC88A1D2E9CF291CF",
"obj/x64/Release/apphost.exe","Custom-only","Build-or-runtime-review","186368",,"428C9FE1C02552CA45F958694184AF57D04C57DAC193BFD2C7AD4FAEECC9F10D",
"obj/x64/Release/Costura/0422904D0F3BECE42D3F9D4C4597685CAD701DEE.costura.vortice.mathematics.dll.compressed","Custom-only","Build-or-runtime-review","48054",,"09AE97CE9595178440D948925FCF57C758B9EC746675073FD5EBFCCA595C776F",
"obj/x64/Release/Costura/1A0E397F6EC5D0585AF6089D3CE86711B9162ED7.costura.microsoft.xaml.behaviors.pdb.compressed","Custom-only","Build-or-runtime-review","118452",,"4ECDC1C7B638A7AC599B574AFACE394F6FE92391CB353B82D9660054E13582DB",
"obj/x64/Release/Costura/1E6CEDCC37F982F7372163A7B9DCB077E198600D.costura.materialdesignthemes.wpf.dll.compressed","Custom-only","Build-or-runtime-review","3034188",,"7C032C118E41A6FC2D9BD1ACDB670CE4401B1277F2CCFE06311C2157504841D3",
"obj/x64/Release/Costura/31531EEA4711CF48D5E834FF92738769389EE1CD.costura.costura.dll.compressed","Custom-only","Build-or-runtime-review","2287",,"5FEDFADF4EB8652F8CDE60A3DD61FEF6DC4844314C5AC4DE066DABA6430CEB48",
"obj/x64/Release/Costura/3501061214FB5B3143E584831CFF8D3C7216DC70.costura.supercluster.kdtree.dll.compressed","Custom-only","Build-or-runtime-review","7057",,"78C441239F2998AF8CB9717EBB4A6749F603F9A3E57DBEDA1DA73621852B4FBA",
"obj/x64/Release/Costura/4DE073819643DE254B17CB83360E10E74EB57F0E.costura.costura.pdb.compressed","Custom-only","Build-or-runtime-review","4477",,"56DC94E1B6121B905CC66C53D374C0491A56F800FB7A4B23BDA75DE048B152FC",
"obj/x64/Release/Costura/605FAC68335FD692A666F5E560299F4851CA1CC1.costura.sharpgen.runtime.dll.compressed","Custom-only","Build-or-runtime-review","36571",,"591325B5C8119FAAC882CE5FD990C4D1C206533A383442AA209CF832F578BFD2",
"obj/x64/Release/Costura/63BC35A0C27BB49E31012F55BA3E40145B0EA87C.costura.microsoft.xaml.behaviors.dll.compressed","Custom-only","Build-or-runtime-review","64817",,"883D846D53AB562265D62C909ACD6E0368F73819B880430C533610C029E964F1",
"obj/x64/Release/Costura/64244D464BD1EDE5EC94B327D120449636B68063.costura.gma.system.mousekeyhook.dll.compressed","Custom-only","Build-or-runtime-review","22119",,"13EB746F7777CEE4378378246823D04276DC9501C7972DFC5E7D187DDC157AAA",
"obj/x64/Release/Costura/7A3852DE44FE5F91E883B5B9C3FBA3FB39F02A8E.costura.vortice.direct3d12.dll.compressed","Custom-only","Build-or-runtime-review","182837",,"24925EE9320AA65A49AF381BF62CDD9ECFF6079CEFA58627363C24247CB304F6",
"obj/x64/Release/Costura/8EFC1CBC86DF4C61CACA4D49DE938D7F8580C90C.costura.tensorrtsharp.dll.compressed","Custom-only","Build-or-runtime-review","53454",,"3D34777B722F636592D11D189F04671C6C1F4A227AFAD72D93AE61258E297014",
"obj/x64/Release/Costura/9D0227A32A2A74C8F105A5015C25BCEE6EB787F4.costura.system.text.encodings.web.dll.compressed","Custom-only","Build-or-runtime-review","31601",,"6F6D0D26502994B450CECFCFE96B6BA959CD79D3B7AA112FFF640E02E8C5EC09",
"obj/x64/Release/Costura/A492390F5479F4060C7E9F63B6BF30DEAC17DB84.costura.materialdesigncolors.dll.compressed","Custom-only","Build-or-runtime-review","43959",,"F72792E48727C230A8663E4D7977F7F775A68701712A0CBD8F63134FDF4C7026",
"obj/x64/Release/Costura/BCD40968EBA6D4DF369C7E567AFEEC5369CE09CA.costura.system.codedom.dll.compressed","Custom-only","Build-or-runtime-review","71608",,"671D9DFC814C58E3B1B61932859C06A91A241ECF0F9F89C74CFB4805A3815FF9",
"obj/x64/Release/Costura/C15A71BDB01E27B6529569715B6195E7FE304BE1.costura.vortice.direct3d11.dll.compressed","Custom-only","Build-or-runtime-review","118653",,"EBED7F26C0649D3A7A238A67A74325D3E49B2B58F63525B4DF92AE38010D0240",
"obj/x64/Release/Costura/C7344AFCDACED6911AB5288B0ADE76F66DD41203.costura.winrt.runtime.dll.compressed","Custom-only","Build-or-runtime-review","187315",,"7EADE7B01311E72F8CB72A670C4EDC30C7DCCDE623FA634035AAC3986C39D792",
"obj/x64/Release/Costura/CADFD587E7D2F3E6533328FC5D85FFD71B27E978.costura.sharpgen.runtime.com.dll.compressed","Custom-only","Build-or-runtime-review","72327",,"A9D7730FC24D8C70A0D5228EA9076B72E1AB74A0A296B5645B2656A9996A5A04",
"obj/x64/Release/Costura/CE8664DA8AF4B0084D75EA4F5A2EFA3BE1FEB72D.costura.microsoft.ml.onnxruntime.pdb.compressed","Custom-only","Build-or-runtime-review","36645",,"8B0499FFE4CB5B27639A7BE28DA9EE715EB8E401AA249E3D3DF7575CB168AE65",
"obj/x64/Release/Costura/D0756172C50CEDD0C9332F158882137622C2C167.costura.system.io.pipelines.dll.compressed","Custom-only","Build-or-runtime-review","38358",,"5113A4169AEF3C3F1444E48204B93F556CEAFB2B60EC61825D773AC210DF4B05",
"obj/x64/Release/Costura/D948F74B30DA3DF7354478FEE608A7B675DF539D.costura.system.numerics.tensors.dll.compressed","Custom-only","Build-or-runtime-review","132052",,"A53C5B4AA0D6F726F9FD6DC94E293D549818E963C57B40D522B8533EA7AA1B9B",
"obj/x64/Release/Costura/E06B572053122C09C0549D86388B302D20FA1930.costura.vortice.dxgi.dll.compressed","Custom-only","Build-or-runtime-review","37445",,"46B5A105D1C3EB92D0CBC6169D641AC2AB19E4B122F520C1165764FB22D70401",
"obj/x64/Release/Costura/E909E08DB5A6226AE12371BCF8A58390DA09BBD8.costura.vortice.mathematics.pdb.compressed","Custom-only","Build-or-runtime-review","29797",,"1A1709E0E9C0D5DA8552B97532D9C774ACA7F9EB3C00E6341D5F2DE87E178425",
"obj/x64/Release/Costura/EB57D8D9B8C1E4434044C28B608113E49D53CCF9.costura.microsoft.windows.sdk.net.dll.compressed","Custom-only","Build-or-runtime-review","6434849",,"0D878256043AE2ABC5AE577C60F6968409D1CB57054D3674B258E81E4729C599",
"obj/x64/Release/Costura/ECF0B198C97AD84082EB3057918993D2A00D87B0.costura.vortice.directx.dll.compressed","Custom-only","Build-or-runtime-review","143883",,"38A8A83D0A69648D9EF6D93DC42BFAF7EC3C483973BE948CC956B4D0D48B2D8F",
"obj/x64/Release/Costura/F19C6AD762EA5A702A79C51282F858205DD684ED.costura.microsoft.ml.onnxruntime.dll.compressed","Custom-only","Build-or-runtime-review","93744",,"27C7832B98480C571027EB8D7B7600A6B9B0737F164A9C59F9B30BE94DDB5783",
"obj/x64/Release/Costura/F2D7F1DDE295000855372F6EEBB991F43397C6BA.costura.xamlradialprogressbar.dll.compressed","Custom-only","Build-or-runtime-review","10880",,"E1948CF11A67843497AB01C0999D94EF4E8FB58A28DA6EA33B0A3F2570A67AB9",
"obj/x64/Release/Costura/F387C00DD7C9A5E38C0DB6B9141DB74DA433103A.costura.antwpf.dll.compressed","Custom-only","Build-or-runtime-review","277104",,"3650391C62B581ABD01FCEC8A795DA1704DB37C46F4148ADEDAAFB5F3B00F8D6",
"obj/x64/Release/Costura/F89AC5753DB55F75602ADC28E204031878EB91E6.costura.system.text.json.dll.compressed","Custom-only","Build-or-runtime-review","237550",,"773E65E8F00D1EFF600BD10BC7A5BCA13DD776817A7E1BC152B1258881D20455",
"obj/x64/Release/Costura/FCF801C0915CB47F400C74B1B459EB55FF4A5F9D.costura.newtonsoft.json.dll.compressed","Custom-only","Build-or-runtime-review","278020",,"1E0697DCF002DC0CC6BD0C68AE823505ABD09AA9251DCC550C7860FFFA159231",
"obj/x64/Release/Costura/FDE33E12D5C01C72E42DD36A33F1E3DC541B8384.costura.system.management.dll.compressed","Custom-only","Build-or-runtime-review","29549",,"4A98CAAE344E1C0F7067FFE8CDBB52B8601CD08BF581B3129C784E4343C3617E",
"obj/x64/Release/CouldBeAimmyV2_Content.g.cs","Custom-only","Build-or-runtime-review","3576",,"EC453552A21B51127A1AF5A73E70DD13FEC5A5DF4D2F64E8234FC9FC0B55BA52",
"obj/x64/Release/CouldBeAimmyV2_MarkupCompile.cache","Custom-only","Build-or-runtime-review","1439",,"D85BA7326A9F373A811CB172A534C98B617CA97CC2065942615B76AFDC2AA5F8",
"obj/x64/Release/CouldBeAimmyV2_MarkupCompile.lref","Custom-only","Build-or-runtime-review","1820",,"0535C45B726DC15B9BB773F7D4441E3F245A7A017895BAFDDBC703698094BF01",
"obj/x64/Release/CouldBeAimmyV2.dll","Custom-only","Build-or-runtime-review","14626816",,"82C43955AF39E2F42710B91B9C96D86BBF8E4BCC39F25F36B2D84448C2912949",
"obj/x64/Release/CouldBeAimmyV2.g.resources","Custom-only","Build-or-runtime-review","2124583",,"B1CF5778B9D8A3917B5BBE23138FA91A0467FDDDA56E69425AA0F86FE68E1751",
"obj/x64/Release/ExitConfirmationWindow.baml","Custom-only","Build-or-runtime-review","2632",,"D6338C2CF5B3B36641C4BCACD0B5FD9B08BC7E7C352135E160910144E32FFBDD",
"obj/x64/Release/ExitConfirmationWindow.g.cs","Custom-only","Build-or-runtime-review","4107",,"0D04DA6F64C09CBC2D028E682CF6CB9781D72736DD9C77265E3EAEDD12DE34E3",
"obj/x64/Release/GeneratedInternalTypeHelper.g.cs","Custom-only","Build-or-runtime-review","7",,"60116575BB1B6772ED22BA93BFA53BEF0A772667DA1812C1C3FC0A46CD93BC3E",
"obj/x64/Release/MainWindow.baml","Custom-only","Build-or-runtime-review","5538",,"F67F8EBB9AAF6661E21BC16D25D137CEFBEA4E65E1FBA0E1F02D13701978713F",
"obj/x64/Release/MainWindow.g.cs","Custom-only","Build-or-runtime-review","12980",,"46960AD319E0466E89FE1ABCEDB941ACAB2FB6E4B7E0FA0C3DAEA3022279E8CA",
"obj/x64/Release/MouseMovementLibraries/GHubSupport/LGDownloader.baml","Custom-only","Build-or-runtime-review","3690",,"A6873FA65AF8FF0846E06992AC1B70D82342705952F8A2A8B1E5111331C5C93F",
"obj/x64/Release/MouseMovementLibraries/GHubSupport/LGDownloader.g.cs","Custom-only","Build-or-runtime-review","8141",,"F56D0FB401691A6DB0EFED669FBC051E0DDE303B9F4384EE6D265800598A9DE8",
"obj/x64/Release/net8.0-windows/.NETCoreApp,Version=v8.0.AssemblyAttributes.cs","Custom-only","Build-or-runtime-review","198",,"F7A5D9789C863625E139FF99E1113A503830F6B85A88F6129916DF83AC76B49E",
"obj/x64/Release/net8.0-windows/Aimmy2_5apqbs3r_wpftmp.AssemblyInfo.cs","Custom-only","Build-or-runtime-review","1176",,"89762AE66CA90564D960ECBB2AEC9C37AD1E08A878E9D242BE5A49DE6037E466",
"obj/x64/Release/net8.0-windows/Aimmy2_5apqbs3r_wpftmp.AssemblyInfoInputs.cache","Custom-only","Build-or-runtime-review","66",,"BFE340242AE23987B4F9CB8A619DA9956F3A0CBF0130164A7ACD8F926622F455",
"obj/x64/Release/net8.0-windows/Aimmy2_5apqbs3r_wpftmp.assets.cache","Custom-only","Build-or-runtime-review","36246",,"F585A4A975A436BF57CB3DDAFCFB17E06BAA47C382944BE4973AB9CB11B9841F",
"obj/x64/Release/net8.0-windows/Aimmy2_5apqbs3r_wpftmp.csproj.BuildWithSkipAnalyzers","Custom-only","Build-or-runtime-review","0",,"E3B0C44298FC1C149AFBF4C8996FB92427AE41E4649B934CA495991B7852B855",
"obj/x64/Release/net8.0-windows/Aimmy2_5apqbs3r_wpftmp.GeneratedMSBuildEditorConfig.editorconfig","Custom-only","Build-or-runtime-review","1089",,"1CA322FEC0767C49135114EBD501237764293209ADAE9CFBFA1FD087033D98AB",
"obj/x64/Release/net8.0-windows/Aimmy2_5apqbs3r_wpftmp.GlobalUsings.g.cs","Custom-only","Build-or-runtime-review","183",,"FE45EA572AADFD1A9B54CF7251405CFA11B748CA88B034F06A724D49758CED2D",
"obj/x64/Release/net8.0-windows/Aimmy2.AssemblyInfo.cs","Custom-only","Build-or-runtime-review","1176",,"89762AE66CA90564D960ECBB2AEC9C37AD1E08A878E9D242BE5A49DE6037E466",
"obj/x64/Release/net8.0-windows/Aimmy2.AssemblyInfoInputs.cache","Custom-only","Build-or-runtime-review","66",,"BFE340242AE23987B4F9CB8A619DA9956F3A0CBF0130164A7ACD8F926622F455",
"obj/x64/Release/net8.0-windows/Aimmy2.assets.cache","Custom-only","Build-or-runtime-review","36246",,"DC3B132068A6089DFDAA969A3213E70EE6686EC935B3E6A8C30307D0ADD806EA",
"obj/x64/Release/net8.0-windows/Aimmy2.csproj.AssemblyReference.cache","Custom-only","Build-or-runtime-review","11698",,"BC16E1186D2C8E0DB7BB0BC0AB1A78A0100B633DF9946DE32DEF5EEC4D42C9B8",
"obj/x64/Release/net8.0-windows/Aimmy2.csproj.BuildWithSkipAnalyzers","Custom-only","Build-or-runtime-review","0",,"E3B0C44298FC1C149AFBF4C8996FB92427AE41E4649B934CA495991B7852B855",
"obj/x64/Release/net8.0-windows/Aimmy2.csproj.CoreCompileInputs.cache","Custom-only","Build-or-runtime-review","66",,"1093375E898D661B5C3A8783E7E4567E6B3917D1345238F7A1F914E427E9E52A",
"obj/x64/Release/net8.0-windows/Aimmy2.csproj.FileListAbsolute.txt","Custom-only","Build-or-runtime-review","8319",,"2AF5DE83E86E84719107DE744105ADD226DE9DA823972F5FAA33227046CA7801",
"obj/x64/Release/net8.0-windows/Aimmy2.csproj.Fody.CopyLocal.cache","Custom-only","Build-or-runtime-review","943",,"C55D68555E2F152D58235B9FE939270793A6648D0E7697A93705A257B794D42E",
"obj/x64/Release/net8.0-windows/Aimmy2.csproj.Fody.RuntimeCopyLocal.cache","Custom-only","Build-or-runtime-review","3160",,"39F95D6EEA9F5556A7B63C83447876936D1365E06325DACD8C37AAD2A5DA8931",
"obj/x64/Release/net8.0-windows/Aimmy2.csproj.Up2Date","Custom-only","Build-or-runtime-review","0",,"E3B0C44298FC1C149AFBF4C8996FB92427AE41E4649B934CA495991B7852B855",
"obj/x64/Release/net8.0-windows/Aimmy2.GeneratedMSBuildEditorConfig.editorconfig","Custom-only","Build-or-runtime-review","1089",,"1CA322FEC0767C49135114EBD501237764293209ADAE9CFBFA1FD087033D98AB",
"obj/x64/Release/net8.0-windows/Aimmy2.genruntimeconfig.cache","Custom-only","Build-or-runtime-review","66",,"07E5C9508B6A69890693BB7F075E9B5E993BC1A93E1B3A7DD6A9A5B3080A6849",
"obj/x64/Release/net8.0-windows/Aimmy2.GlobalUsings.g.cs","Custom-only","Build-or-runtime-review","183",,"FE45EA572AADFD1A9B54CF7251405CFA11B748CA88B034F06A724D49758CED2D",
"obj/x64/Release/net8.0-windows/App.baml","Custom-only","Build-or-runtime-review","16563",,"1E4E8284F80AE3879B38051DAEFE1837C3CEED20EF8DECB3FA7FEB046E9141D2",
"obj/x64/Release/net8.0-windows/App.g.cs","Custom-only","Build-or-runtime-review","2650",,"23A58717ECE7C60949693EB75F66B10BB1C40175CA499E9F17713A546E130E0C",
"obj/x64/Release/net8.0-windows/App.g.i.cs","Custom-only","Build-or-runtime-review","2650",,"23A58717ECE7C60949693EB75F66B10BB1C40175CA499E9F17713A546E130E0C",
"obj/x64/Release/net8.0-windows/apphost.exe","Custom-only","Build-or-runtime-review","186368",,"13D3C5B9DF3D78A5C8FF6C9ED63D21D833DB1DE13B6C40B320C8B0A79175C216",
"obj/x64/Release/net8.0-windows/Costura/028E9832F421F11F9497C610F1734E0F3D868037.costura.costura.dll.compressed.compressed","Custom-only","Build-or-runtime-review","2273",,"DA5C166B48C9D42A1308ADE1E0CD0C70C96CB7F0CCD43BF3E2F9AA5699CED5A9",
"obj/x64/Release/net8.0-windows/Costura/0422904D0F3BECE42D3F9D4C4597685CAD701DEE.costura.vortice.mathematics.dll.compressed.compressed","Custom-only","Build-or-runtime-review","47162",,"D0B3BCBA4C0FE4C4E09842368522CEFDE681C4EEA3EC10BDDFC0656F4C96C9D5",
"obj/x64/Release/net8.0-windows/Costura/12B789B4543990C9B3CDA126F14A5BC1ACAE4EF1.costura.system.management.dll.compressed.compressed","Custom-only","Build-or-runtime-review","29026",,"4080EB7ACAE35E4D296F4E9AB27A6D86727A71C6B3FCDF475AED1FB638703B8A",
"obj/x64/Release/net8.0-windows/Costura/146F684DDA4CFC511ECCE8C090E66782B204A782.costura.microsoft.ml.onnxruntime.dll.compressed.compressed","Custom-only","Build-or-runtime-review","88658",,"F1B23877F30B8AEC5ADFCF53B7B140434F2659A1C7F4EDE1F07360820428B167",
"obj/x64/Release/net8.0-windows/Costura/1A0E397F6EC5D0585AF6089D3CE86711B9162ED7.costura.microsoft.xaml.behaviors.pdb.compressed.compressed","Custom-only","Build-or-runtime-review","116285",,"ED7CC8EBEEF38208974CBCA3AF9377C04E402065CFCAF535BA7E99A65AD71B67",
"obj/x64/Release/net8.0-windows/Costura/3501061214FB5B3143E584831CFF8D3C7216DC70.costura.supercluster.kdtree.dll.compressed.compressed","Custom-only","Build-or-runtime-review","6923",,"74295D6410ED97EEF6E6BEEAA43FFB040C9C543BAF5FDEE0468E8E36E3918D63",
"obj/x64/Release/net8.0-windows/Costura/40DF8C59642941BE047C51211684A169A2046762.costura.vortice.dxgi.dll.compressed.compressed","Custom-only","Build-or-runtime-review","36293",,"7C34CAE5C1E0E40A75F025CBF5CAB78232B86B02DD562242567DC8EEDF26E08B",
"obj/x64/Release/net8.0-windows/Costura/605FAC68335FD692A666F5E560299F4851CA1CC1.costura.sharpgen.runtime.dll.compressed.compressed","Custom-only","Build-or-runtime-review","35710",,"4AD45FCDEECA476786F60F3197771CD7586E79E01F972B1617BEB60010893041",
"obj/x64/Release/net8.0-windows/Costura/63BC35A0C27BB49E31012F55BA3E40145B0EA87C.costura.microsoft.xaml.behaviors.dll.compressed.compressed","Custom-only","Build-or-runtime-review","64205",,"844E032EC3DD91E7A38C722C19901457432B1A2DEA62A88EE17DDFF87E00819C",
"obj/x64/Release/net8.0-windows/Costura/64244D464BD1EDE5EC94B327D120449636B68063.costura.gma.system.mousekeyhook.dll.compressed.compressed","Custom-only","Build-or-runtime-review","21524",,"AD5C6DECB58897E820F4D5BCC6CBA643150351211F6F6ADDC8BC5D1545D3EE6A",
"obj/x64/Release/net8.0-windows/Costura/806F4C19B2D7FD9E3B836269EC07647019A29E95.costura.costura.pdb.compressed.compressed","Custom-only","Build-or-runtime-review","4278",,"5E4BE4C55A8D9480B976D28F053EDFE37723B32D46BF169F067597A626E4A05C",
"obj/x64/Release/net8.0-windows/Costura/9D0227A32A2A74C8F105A5015C25BCEE6EB787F4.costura.system.text.encodings.web.dll.compressed.compressed","Custom-only","Build-or-runtime-review","30866",,"B486355208F1F1CA20A364F9A86DAC4D214D761EAB61AB526C6813EBAA4E2115",
"obj/x64/Release/net8.0-windows/Costura/A1BEC8599359082EDB5D840FCCFF24110A33855F.costura.vortice.direct3d12.dll.compressed.compressed","Custom-only","Build-or-runtime-review","178965",,"85E765778C42CC4C37D49AE07827CA16C618FAC48181AC6CD7B984FC496D1BEF",
"obj/x64/Release/net8.0-windows/Costura/AEB5CFE023582D4870605D99A7CDD342F876D794.costura.vortice.direct3d11.dll.compressed.compressed","Custom-only","Build-or-runtime-review","117226",,"7AD63687431FB2EBFC8A53F64D78DEB5462F3F510E4C72737095B5B61C0DF7B3",
"obj/x64/Release/net8.0-windows/Costura/AF77D8B9D421894BE4BE81D4763476C6A7490F18.costura.system.codedom.dll.compressed.compressed","Custom-only","Build-or-runtime-review","70907",,"59683F875F71F42F7BE207AE46931D68609174FB5F7CA643B25AFA551D9344B6",
"obj/x64/Release/net8.0-windows/Costura/BB013CF6C9221F96CD0920DC597532028139378E.costura.materialdesigncolors.dll.compressed.compressed","Custom-only","Build-or-runtime-review","42736",,"B584D473AB8489CCDA32A57A3BDD252FC6CF32D12722BCD54D36BFB96712E374",
"obj/x64/Release/net8.0-windows/Costura/BF66D48C68B9E4E664701A4621AA73F2A4877597.costura.materialdesignthemes.wpf.dll.compressed.compressed","Custom-only","Build-or-runtime-review","3007223",,"026F5D7C3EBD7C229E292D4EA6BBDC006C6277C1FBC4C97BD1A9F9A327840B9D",
"obj/x64/Release/net8.0-windows/Costura/CADFD587E7D2F3E6533328FC5D85FFD71B27E978.costura.sharpgen.runtime.com.dll.compressed.compressed","Custom-only","Build-or-runtime-review","69680",,"BBA9A5B95757E192210C5947FA491DB504966544168A52FC219ED3CF4E9B841E",
"obj/x64/Release/net8.0-windows/Costura/D0756172C50CEDD0C9332F158882137622C2C167.costura.system.io.pipelines.dll.compressed.compressed","Custom-only","Build-or-runtime-review","37712",,"C916126383148CEDAAE9F17E2DB88D0AF79D35D093B66D86EE7EF2CD49AEC007",
"obj/x64/Release/net8.0-windows/Costura/D948F74B30DA3DF7354478FEE608A7B675DF539D.costura.system.numerics.tensors.dll.compressed.compressed","Custom-only","Build-or-runtime-review","128765",,"8639E1FB1253DD134F9CECD1CC6CB9F304F3C5B7ADA6B1246A2BBA9747034A3B",
"obj/x64/Release/net8.0-windows/Costura/DB42F31BAFF3473AEE90A680C432B4A1E6540AB6.costura.microsoft.ml.onnxruntime.pdb.compressed.compressed","Custom-only","Build-or-runtime-review","33701",,"D7E037F65D15A682502DDEE2B3C49265FCFE859598EC1F87EC6D3201C91EFA93",
"obj/x64/Release/net8.0-windows/Costura/E909E08DB5A6226AE12371BCF8A58390DA09BBD8.costura.vortice.mathematics.pdb.compressed.compressed","Custom-only","Build-or-runtime-review","27515",,"39EA2B694C595B907055B02045AA8D8921632609CE1BDB6AE3D3A55DBF08CFE3",
"obj/x64/Release/net8.0-windows/Costura/F2D7F1DDE295000855372F6EEBB991F43397C6BA.costura.xamlradialprogressbar.dll.compressed.compressed","Custom-only","Build-or-runtime-review","10655",,"6F4977B1D57A63AC3BED8C38D97EF58BBFB2A55ACB484BF6A5F6AC0C3442316C",
"obj/x64/Release/net8.0-windows/Costura/F387C00DD7C9A5E38C0DB6B9141DB74DA433103A.costura.antwpf.dll.compressed.compressed","Custom-only","Build-or-runtime-review","278691",,"47B294A0B42B7EC0DFD4AEEB9DCD55E6B17742624D121FB843C41FBFD72C75E8",
"obj/x64/Release/net8.0-windows/Costura/F85B55D750AF635FBC37CDAEA7CCA8154F2C29B6.costura.vortice.directx.dll.compressed.compressed","Custom-only","Build-or-runtime-review","139122",,"C917426331E18213086F4649AFA6112FADE6E2F1E0BC2BB60C219AAC9A6013EF",
"obj/x64/Release/net8.0-windows/Costura/F89AC5753DB55F75602ADC28E204031878EB91E6.costura.system.text.json.dll.compressed.compressed","Custom-only","Build-or-runtime-review","233520",,"AFDAD9197AF327BBAE7E3458EB127ABAEBD3945994CB002518EF158D1A39D934",
"obj/x64/Release/net8.0-windows/Costura/FCF801C0915CB47F400C74B1B459EB55FF4A5F9D.costura.newtonsoft.json.dll.compressed.compressed","Custom-only","Build-or-runtime-review","273597",,"90A09FD4B5244D4E2DA7978932E1D8F74497321475511AD68C5230E8F0736659",
"obj/x64/Release/net8.0-windows/CouldBeAimmyV2_Content.g.cs","Custom-only","Build-or-runtime-review","3616",,"139ABDF6A58E865C82058B98102D268932A043B9ADBE168E5E817B1F307ECBC0",
"obj/x64/Release/net8.0-windows/CouldBeAimmyV2_Content.g.i.cs","Custom-only","Build-or-runtime-review","3616",,"139ABDF6A58E865C82058B98102D268932A043B9ADBE168E5E817B1F307ECBC0",
"obj/x64/Release/net8.0-windows/CouldBeAimmyV2_MarkupCompile.cache","Custom-only","Build-or-runtime-review","1247",,"E82183F94A9E8C2DE08CAFF370C36EFA67B799D889555CAD24F2962F5588F056",
"obj/x64/Release/net8.0-windows/CouldBeAimmyV2_MarkupCompile.i.cache","Custom-only","Build-or-runtime-review","1254",,"77EFDEDAD0465BE58FD99BA8B4BB1208D1A943DAF2BB1849DC02AF336F084AA0",
"obj/x64/Release/net8.0-windows/CouldBeAimmyV2_MarkupCompile.i.lref","Custom-only","Build-or-runtime-review","1272",,"8C583D9206C817A506B4F0AF5B9B5D88C1A0D161383C843821B77783F30A9923",
"obj/x64/Release/net8.0-windows/CouldBeAimmyV2_MarkupCompile.lref","Custom-only","Build-or-runtime-review","1270",,"90BE594A0661F3BCDD1A63EFA9F4BB08DB2E1CA4B8891EAFFBB391B8B836BDB0",
"obj/x64/Release/net8.0-windows/CouldBeAimmyV2.dll","Custom-only","Build-or-runtime-review","7744512",,"FFB8AC366786ED94969388E32877D2BF967A5686B28CF0E45258A32D87232E7D",
"obj/x64/Release/net8.0-windows/CouldBeAimmyV2.g.resources","Custom-only","Build-or-runtime-review","2122702",,"299051B096AB8B23FCFF101E9B4FB37F339E998658C5F76BAD1B145EEC5C82EF",
"obj/x64/Release/net8.0-windows/ExitConfirmationWindow.baml","Custom-only","Build-or-runtime-review","2632",,"D6338C2CF5B3B36641C4BCACD0B5FD9B08BC7E7C352135E160910144E32FFBDD",
"obj/x64/Release/net8.0-windows/ExitConfirmationWindow.g.cs","Custom-only","Build-or-runtime-review","4153",,"D6BBA21D90D1D4631EFAC093B0C5748578F2EE90499B84907E1138C563A56087",
"obj/x64/Release/net8.0-windows/ExitConfirmationWindow.g.i.cs","Custom-only","Build-or-runtime-review","4153",,"D6BBA21D90D1D4631EFAC093B0C5748578F2EE90499B84907E1138C563A56087",
"obj/x64/Release/net8.0-windows/GeneratedInternalTypeHelper.g.cs","Custom-only","Build-or-runtime-review","7",,"60116575BB1B6772ED22BA93BFA53BEF0A772667DA1812C1C3FC0A46CD93BC3E",
"obj/x64/Release/net8.0-windows/GeneratedInternalTypeHelper.g.i.cs","Custom-only","Build-or-runtime-review","2999",,"2EAC68A7BC38A5AC2B501683A348D1384E48DBC05925262DB6D77456AD9495DB",
"obj/x64/Release/net8.0-windows/MainWindow.baml","Custom-only","Build-or-runtime-review","5538",,"3A6A8B56038D6B9F194DD341DA50243BCE86859C1C4A3075C26294662E669638",
"obj/x64/Release/net8.0-windows/MainWindow.g.cs","Custom-only","Build-or-runtime-review","13095",,"4F613D9C53E7FAD3026F91C5F5EF8CFB8735ACA31E2AAFE43A2D3D40A10EFE67",
"obj/x64/Release/net8.0-windows/MainWindow.g.i.cs","Custom-only","Build-or-runtime-review","13095",,"4F613D9C53E7FAD3026F91C5F5EF8CFB8735ACA31E2AAFE43A2D3D40A10EFE67",
"obj/x64/Release/net8.0-windows/MouseMovementLibraries/GHubSupport/LGDownloader.baml","Custom-only","Build-or-runtime-review","3690",,"232F8A3E8F77F46C7BEDCA19D579B3AC8C1683AA1238A67D61E1B3FDA7685E35",
"obj/x64/Release/net8.0-windows/MouseMovementLibraries/GHubSupport/LGDownloader.g.cs","Custom-only","Build-or-runtime-review","8186",,"249205C8115D8118B5B0B9C514B444192A636BC400032C0F6265CF52C4502F2B",
"obj/x64/Release/net8.0-windows/MouseMovementLibraries/GHubSupport/LGDownloader.g.i.cs","Custom-only","Build-or-runtime-review","8186",,"249205C8115D8118B5B0B9C514B444192A636BC400032C0F6265CF52C4502F2B",
"obj/x64/Release/net8.0-windows/ref/CouldBeAimmyV2.dll","Custom-only","Build-or-runtime-review","118784",,"622D7BCFA422A4AD34BC85C2CDE5A87D7D5801CB4273668C5890E4A1867B64BA",
"obj/x64/Release/net8.0-windows/refint/CouldBeAimmyV2.dll","Custom-only","Build-or-runtime-review","118784",,"622D7BCFA422A4AD34BC85C2CDE5A87D7D5801CB4273668C5890E4A1867B64BA",
"obj/x64/Release/net8.0-windows/StartupWindow.baml","Custom-only","Build-or-runtime-review","6578",,"C61BE98DDF0822D4884B231C6AB1E17BD4F604E06053E6D56951CA1AEED49853",
"obj/x64/Release/net8.0-windows/StartupWindow.g.cs","Custom-only","Build-or-runtime-review","14544",,"5B5B7C55789B68927B433510395ED97B597E3AAB2B0F38F8C1982F0487226743",
"obj/x64/Release/net8.0-windows/StartupWindow.g.i.cs","Custom-only","Build-or-runtime-review","14544",,"5B5B7C55789B68927B433510395ED97B597E3AAB2B0F38F8C1982F0487226743",
"obj/x64/Release/net8.0-windows/UILibrary/AColorChanger.baml","Custom-only","Build-or-runtime-review","1895",,"9DE920EF07127EFE4CAE0F9BE3FDE786936CBAFC9E8201264917FF7AD329B4F3",
"obj/x64/Release/net8.0-windows/UILibrary/AColorChanger.g.cs","Custom-only","Build-or-runtime-review","4767",,"7D0462D674F3C9568F17C08DAB418C43E64C3C28766DC635FCB6B8904AE44A4C",
"obj/x64/Release/net8.0-windows/UILibrary/AColorChanger.g.i.cs","Custom-only","Build-or-runtime-review","4767",,"7D0462D674F3C9568F17C08DAB418C43E64C3C28766DC635FCB6B8904AE44A4C",
"obj/x64/Release/net8.0-windows/UILibrary/AColorWheel.baml","Custom-only","Build-or-runtime-review","6978",,"FA23A7000114333D32FF797030BA575E8ABE26C78B247476ACA5B2257F0BD62A",
"obj/x64/Release/net8.0-windows/UILibrary/AColorWheel.g.cs","Custom-only","Build-or-runtime-review","19134",,"638B65F52859571D4AF02422F7A7243159B068BB124C5B0639894D481318E897",
"obj/x64/Release/net8.0-windows/UILibrary/AColorWheel.g.i.cs","Custom-only","Build-or-runtime-review","19134",,"638B65F52859571D4AF02422F7A7243159B068BB124C5B0639894D481318E897",
"obj/x64/Release/net8.0-windows/UILibrary/ADisplaySelector.baml","Custom-only","Build-or-runtime-review","2022",,"550358C1D28D1C9648AADFEA1F6D8D151E31A2B44B15AF1B29328CE260449B69",
"obj/x64/Release/net8.0-windows/UILibrary/ADisplaySelector.g.cs","Custom-only","Build-or-runtime-review","4835",,"3161B934F79D930EC33B8CFB50BB108841A92A2F664FD8D1BF2B9D79E7D1591A",
"obj/x64/Release/net8.0-windows/UILibrary/ADisplaySelector.g.i.cs","Custom-only","Build-or-runtime-review","4835",,"3161B934F79D930EC33B8CFB50BB108841A92A2F664FD8D1BF2B9D79E7D1591A",
"obj/x64/Release/net8.0-windows/UILibrary/ADownloadGateway.baml","Custom-only","Build-or-runtime-review","2284",,"68153084C29722A057A274252869AC39913E691C2B0FAC2B237E1BBE55482783",
"obj/x64/Release/net8.0-windows/UILibrary/ADownloadGateway.g.cs","Custom-only","Build-or-runtime-review","5303",,"10A40A536C1B46BA8F36AE41013F99CDB30C19C65D90A5CAEAF1C1DE1B621215",
"obj/x64/Release/net8.0-windows/UILibrary/ADownloadGateway.g.i.cs","Custom-only","Build-or-runtime-review","5303",,"10A40A536C1B46BA8F36AE41013F99CDB30C19C65D90A5CAEAF1C1DE1B621215",
"obj/x64/Release/net8.0-windows/UILibrary/ADropdown.baml","Custom-only","Build-or-runtime-review","1932",,"A1637EF24EB033E8AA9AFDAEA569C8895C1EFD1B4EF24B1BA6BEDD68CF710FEB",
"obj/x64/Release/net8.0-windows/UILibrary/ADropdown.g.cs","Custom-only","Build-or-runtime-review","4556",,"4806F9157C72A3AF4BAB7D5C596165DD7C81DD8BDAE90A77D817EA065A33523C",
"obj/x64/Release/net8.0-windows/UILibrary/ADropdown.g.i.cs","Custom-only","Build-or-runtime-review","4556",,"4806F9157C72A3AF4BAB7D5C596165DD7C81DD8BDAE90A77D817EA065A33523C",
"obj/x64/Release/net8.0-windows/UILibrary/AFileLocator.baml","Custom-only","Build-or-runtime-review","2386",,"726DC22B8964076D3B09DF5D463EB2CE3AFF3947BB304ECAA05346ABB7E692EC",
"obj/x64/Release/net8.0-windows/UILibrary/AFileLocator.g.cs","Custom-only","Build-or-runtime-review","5477",,"87D5E202D7E0F6ED50B4320114D310FCC4B5FB5BE3668677DE9802766B5A291D",
"obj/x64/Release/net8.0-windows/UILibrary/AFileLocator.g.i.cs","Custom-only","Build-or-runtime-review","5477",,"87D5E202D7E0F6ED50B4320114D310FCC4B5FB5BE3668677DE9802766B5A291D",
"obj/x64/Release/net8.0-windows/UILibrary/AKeyChanger.baml","Custom-only","Build-or-runtime-review","1970",,"66961E9CA8B8F7F53AAAEE357AF188D8BC1D31C82D3B9AF1E7041574ACDD001F",
"obj/x64/Release/net8.0-windows/UILibrary/AKeyChanger.g.cs","Custom-only","Build-or-runtime-review","4729",,"1A4FD376D4E8F8C89ECC1A8D67F9A28838BA83237AE2AE7E89382B1F715A06A6",
"obj/x64/Release/net8.0-windows/UILibrary/AKeyChanger.g.i.cs","Custom-only","Build-or-runtime-review","4729",,"1A4FD376D4E8F8C89ECC1A8D67F9A28838BA83237AE2AE7E89382B1F715A06A6",
"obj/x64/Release/net8.0-windows/UILibrary/APButton.baml","Custom-only","Build-or-runtime-review","1884",,"9046CBF4D7F45839E2400C8138FCDD74FEEEC4A8768EA3B8EAFA288772F16D4F",
"obj/x64/Release/net8.0-windows/UILibrary/APButton.g.cs","Custom-only","Build-or-runtime-review","4257",,"4C4D1E39AA91D277630061FF9F83C07F5184CD184499C455086B903CF07D14BD",
"obj/x64/Release/net8.0-windows/UILibrary/APButton.g.i.cs","Custom-only","Build-or-runtime-review","4257",,"4C4D1E39AA91D277630061FF9F83C07F5184CD184499C455086B903CF07D14BD",
"obj/x64/Release/net8.0-windows/UILibrary/ARectangleBottom.baml","Custom-only","Build-or-runtime-review","1186",,"2306256D58DA432478E47B37D0C5B40CF5F4A59ADBB86345DEA568BB41FB4782",
"obj/x64/Release/net8.0-windows/UILibrary/ARectangleBottom.g.cs","Custom-only","Build-or-runtime-review","3214",,"9494F1E9F671473A8D5EA1657B805535F8A36FCD825A92D4B39B00494BF847B4",
"obj/x64/Release/net8.0-windows/UILibrary/ARectangleBottom.g.i.cs","Custom-only","Build-or-runtime-review","3214",,"9494F1E9F671473A8D5EA1657B805535F8A36FCD825A92D4B39B00494BF847B4",
"obj/x64/Release/net8.0-windows/UILibrary/ASlider.baml","Custom-only","Build-or-runtime-review","2901",,"4C80CA0949999F41ADAA25207CBBB0C5DEAB774A6C9100F79F5570035FB55A49",
"obj/x64/Release/net8.0-windows/UILibrary/ASlider.g.cs","Custom-only","Build-or-runtime-review","6468",,"ECAC3FD24E80B0BACB2A098D9FADE5E16A828C50BEF32450E08C236E90C8EB34",
"obj/x64/Release/net8.0-windows/UILibrary/ASlider.g.i.cs","Custom-only","Build-or-runtime-review","6468",,"ECAC3FD24E80B0BACB2A098D9FADE5E16A828C50BEF32450E08C236E90C8EB34",
"obj/x64/Release/net8.0-windows/UILibrary/ASpacer.baml","Custom-only","Build-or-runtime-review","1080",,"F253D4507E038467826B23AF5CCB9822D58DF65D42C0AB39476157D07E8200B7",
"obj/x64/Release/net8.0-windows/UILibrary/ASpacer.g.cs","Custom-only","Build-or-runtime-review","3169",,"0F3497E7ABDEDDAE7DB36C9DB4EB02E7866604D0F3C28D3E36E00CFDF7371F9B",
"obj/x64/Release/net8.0-windows/UILibrary/ASpacer.g.i.cs","Custom-only","Build-or-runtime-review","3169",,"0F3497E7ABDEDDAE7DB36C9DB4EB02E7866604D0F3C28D3E36E00CFDF7371F9B",
"obj/x64/Release/net8.0-windows/UILibrary/ATitle.baml","Custom-only","Build-or-runtime-review","2182",,"5B60F4524911EDD64EC1BC11F63F89DD47CBF35D43C563579DA216B90ECEEA5B",
"obj/x64/Release/net8.0-windows/UILibrary/ATitle.g.cs","Custom-only","Build-or-runtime-review","4731",,"29E58BAB8162B62C84824667F674A7D6FD24361491B81785D6ACAD1D0DACBD76",
"obj/x64/Release/net8.0-windows/UILibrary/ATitle.g.i.cs","Custom-only","Build-or-runtime-review","4731",,"29E58BAB8162B62C84824667F674A7D6FD24361491B81785D6ACAD1D0DACBD76",
"obj/x64/Release/net8.0-windows/UILibrary/AToggle.baml","Custom-only","Build-or-runtime-review","2223",,"89266D18C1641502A5EA98BA9E143134F049865DCF1F24EB83E41EEDB86F701B",
"obj/x64/Release/net8.0-windows/UILibrary/AToggle.g.cs","Custom-only","Build-or-runtime-review","5638",,"1CD409FFA02521CB01DF43283170A7A26AE1F1687DB54631353F1C6C1869406C",
"obj/x64/Release/net8.0-windows/UILibrary/AToggle.g.i.cs","Custom-only","Build-or-runtime-review","5638",,"1CD409FFA02521CB01DF43283170A7A26AE1F1687DB54631353F1C6C1869406C",
"obj/x64/Release/net8.0-windows/UISections/AboutMenuControl.baml","Custom-only","Build-or-runtime-review","4798",,"72092FF400EEC3544B7A1C5BBAFF8602743FDE54ACCA3CB75898FD9A6AEE18A4",
"obj/x64/Release/net8.0-windows/UISections/AboutMenuControl.g.cs","Custom-only","Build-or-runtime-review","9493",,"7EC062D8B587823809DD21A2B060162E835ACE241F8B65803C98C2C4974723BC",
"obj/x64/Release/net8.0-windows/UISections/AboutMenuControl.g.i.cs","Custom-only","Build-or-runtime-review","9493",,"7EC062D8B587823809DD21A2B060162E835ACE241F8B65803C98C2C4974723BC",
"obj/x64/Release/net8.0-windows/UISections/AimMenuControl.baml","Custom-only","Build-or-runtime-review","1409",,"3E4A86A3C0FF34966ED32374C200D77807B3110BF63DD34DE833E2525E76180C",
"obj/x64/Release/net8.0-windows/UISections/AimMenuControl.g.cs","Custom-only","Build-or-runtime-review","8700",,"0F8A9CA0B92C61185C3DD5731B7548079F51FD2DDAB9A41FF79A9B47F0EEC161",
"obj/x64/Release/net8.0-windows/UISections/AimMenuControl.g.i.cs","Custom-only","Build-or-runtime-review","8700",,"0F8A9CA0B92C61185C3DD5731B7548079F51FD2DDAB9A41FF79A9B47F0EEC161",
"obj/x64/Release/net8.0-windows/UISections/ModelMenuControl.baml","Custom-only","Build-or-runtime-review","5431",,"A9F1BA63431F4A714D9EEBBED94468E65F32ED669A250082F70769C7AF5F08FE",
"obj/x64/Release/net8.0-windows/UISections/ModelMenuControl.g.cs","Custom-only","Build-or-runtime-review","18517",,"ED982532F134B90F4CE6E70B58584D7954CCBE10385D598845BEC7230D7C98E8",
"obj/x64/Release/net8.0-windows/UISections/ModelMenuControl.g.i.cs","Custom-only","Build-or-runtime-review","18517",,"ED982532F134B90F4CE6E70B58584D7954CCBE10385D598845BEC7230D7C98E8",
"obj/x64/Release/net8.0-windows/UISections/SettingsMenuControl.baml","Custom-only","Build-or-runtime-review","1441",,"77A1282746EE0CED7FEF79AA997463FDF3FE0864C9E53762DC70E1767D914035",
"obj/x64/Release/net8.0-windows/UISections/SettingsMenuControl.g.cs","Custom-only","Build-or-runtime-review","6525",,"3AD8099D9B67EC4DFF19B148EEF25CB51B6A3E88C61905E4CE448F2365EE9107",
"obj/x64/Release/net8.0-windows/UISections/SettingsMenuControl.g.i.cs","Custom-only","Build-or-runtime-review","6525",,"3AD8099D9B67EC4DFF19B148EEF25CB51B6A3E88C61905E4CE448F2365EE9107",
"obj/x64/Release/net8.0-windows/Visuality/ColorPicker.baml","Custom-only","Build-or-runtime-review","3430",,"C85EC581F60BCCF50DAC57F4451CB338CBB6C22ED217F375202999405E638BAA",
"obj/x64/Release/net8.0-windows/Visuality/ColorPicker.g.cs","Custom-only","Build-or-runtime-review","7373",,"C75494381B945009B4A164A84B346DBDF809405DE64455DE4B063F3A1D9EEBFA",
"obj/x64/Release/net8.0-windows/Visuality/ColorPicker.g.i.cs","Custom-only","Build-or-runtime-review","7373",,"C75494381B945009B4A164A84B346DBDF809405DE64455DE4B063F3A1D9EEBFA",
"obj/x64/Release/net8.0-windows/Visuality/ConfigSaver.baml","Custom-only","Build-or-runtime-review","4829",,"155EA0DACC1090B0DE48698487C38E5F2D5214548EDFEF3662AD9D9B7B767E91",
"obj/x64/Release/net8.0-windows/Visuality/ConfigSaver.g.cs","Custom-only","Build-or-runtime-review","10584",,"E9D3C3B0E340E4D73E3E2516B72CF37C86AD12CAB2A4B6A8D64470029072FAB9",
"obj/x64/Release/net8.0-windows/Visuality/ConfigSaver.g.i.cs","Custom-only","Build-or-runtime-review","10584",,"E9D3C3B0E340E4D73E3E2516B72CF37C86AD12CAB2A4B6A8D64470029072FAB9",
"obj/x64/Release/net8.0-windows/Visuality/DetectedPlayerWindow.baml","Custom-only","Build-or-runtime-review","1792",,"C210FA5D799C884B431BF4F7456A89D029A7A5B7BBEAA22FB13F7AC11AAAA0C2",
"obj/x64/Release/net8.0-windows/Visuality/DetectedPlayerWindow.g.cs","Custom-only","Build-or-runtime-review","5467",,"2A2FC97F08189F9CA2EBE16FD5D7288A63C910E2F8890FECAEE6B9377B248355",
"obj/x64/Release/net8.0-windows/Visuality/DetectedPlayerWindow.g.i.cs","Custom-only","Build-or-runtime-review","5467",,"2A2FC97F08189F9CA2EBE16FD5D7288A63C910E2F8890FECAEE6B9377B248355",
"obj/x64/Release/net8.0-windows/Visuality/DetectedScopeWindow.baml","Custom-only","Build-or-runtime-review","1863",,"EC09705775AE16252F08F0F75A1696C51845DA718B3817021AB03398662DFA33",
"obj/x64/Release/net8.0-windows/Visuality/DetectedScopeWindow.g.cs","Custom-only","Build-or-runtime-review","5086",,"B4120ABB03DB939EF1F76F1D19B3AA9FBE4C6D6D8A5380D6E42211835656044C",
"obj/x64/Release/net8.0-windows/Visuality/DetectedScopeWindow.g.i.cs","Custom-only","Build-or-runtime-review","5086",,"B4120ABB03DB939EF1F76F1D19B3AA9FBE4C6D6D8A5380D6E42211835656044C",
"obj/x64/Release/net8.0-windows/Visuality/FOV.baml","Custom-only","Build-or-runtime-review","1624",,"9375881AD682CB0361AFB589F515A4082BFB485F8EC77232B62BFBCDA77E7B8B",
"obj/x64/Release/net8.0-windows/Visuality/FOV.g.cs","Custom-only","Build-or-runtime-review","4503",,"D74C489481DDEC69EE40383F0BD52CE9F086014AFF94A0589D2E1B254AEB1AA5",
"obj/x64/Release/net8.0-windows/Visuality/FOV.g.i.cs","Custom-only","Build-or-runtime-review","4503",,"D74C489481DDEC69EE40383F0BD52CE9F086014AFF94A0589D2E1B254AEB1AA5",
"obj/x64/Release/net8.0-windows/Visuality/NoticeBar.baml","Custom-only","Build-or-runtime-review","3104",,"58041D1FD1F5E09996780607BE83A3842D6E394E2346E04FF7728077D123D3AC",
"obj/x64/Release/net8.0-windows/Visuality/NoticeBar.g.cs","Custom-only","Build-or-runtime-review","3672",,"882A4DE456EFFCF75383E802D82423D6796B98EA4179DBE0090A0106279D1B64",
"obj/x64/Release/net8.0-windows/Visuality/NoticeBar.g.i.cs","Custom-only","Build-or-runtime-review","3672",,"882A4DE456EFFCF75383E802D82423D6796B98EA4179DBE0090A0106279D1B64",
"obj/x64/Release/net8.0-windows/Visuality/RegionSelectorWindow.baml","Custom-only","Build-or-runtime-review","2049",,"D7B349DCA9E3D760B490312F138038001C3C53B2EA299229262737E4A2BAD8CC",
"obj/x64/Release/net8.0-windows/Visuality/RegionSelectorWindow.g.cs","Custom-only","Build-or-runtime-review","7345",,"CDE3E45BE33C96392D2D6F3E26188627640CADA65F9766187D5BCBAA65B45DF6",
"obj/x64/Release/net8.0-windows/Visuality/RegionSelectorWindow.g.i.cs","Custom-only","Build-or-runtime-review","7345",,"CDE3E45BE33C96392D2D6F3E26188627640CADA65F9766187D5BCBAA65B45DF6",
"obj/x64/Release/net8.0-windows/Visuality/Resources.baml","Custom-only","Build-or-runtime-review","2516",,"0E88EEF44018CA549AEBC2E907DA6A96BD09BB086A17B0A0986C012A05D6C5C6",
"obj/x64/Release/ref/CouldBeAimmyV2.dll","Custom-only","Build-or-runtime-review","135168",,"7727FB97BCE604FDE45F983116D3C837726C0A086CE974603A968C40AB6F23EA",
"obj/x64/Release/refint/CouldBeAimmyV2.dll","Custom-only","Build-or-runtime-review","135168",,"7727FB97BCE604FDE45F983116D3C837726C0A086CE974603A968C40AB6F23EA",
"obj/x64/Release/StartupWindow.baml","Custom-only","Build-or-runtime-review","6578",,"C61BE98DDF0822D4884B231C6AB1E17BD4F604E06053E6D56951CA1AEED49853",
"obj/x64/Release/StartupWindow.g.cs","Custom-only","Build-or-runtime-review","14429",,"B8F491F82FD228407C728E80FADA8AD60C6ED52DCFC4DB3F2A2D0961BE925CC6",
"obj/x64/Release/UILibrary/AColorChanger.baml","Custom-only","Build-or-runtime-review","1895",,"07CD51F2AC5CE5661FAFCA57F4FF7254C326821D16F316D0DBA76D6B00D9730D",
"obj/x64/Release/UILibrary/AColorChanger.g.cs","Custom-only","Build-or-runtime-review","4721",,"D1008B930D4119194443B0BF2D4A65DEA2DA9E400EADD5CBD5807354920C00B1",
"obj/x64/Release/UILibrary/AColorWheel.baml","Custom-only","Build-or-runtime-review","6978",,"0FA59FFF4DB0832A842EC6221C9744021036FF75149C1421C9841B8C2C161E4E",
"obj/x64/Release/UILibrary/AColorWheel.g.cs","Custom-only","Build-or-runtime-review","18974",,"6EF6E3F60A7D67D3FF4C70D1EB4E5BC0538F70D12EE3EAAD0982DD1B7EB6EBBB",
"obj/x64/Release/UILibrary/ADisplaySelector.baml","Custom-only","Build-or-runtime-review","2022",,"023480D552279FC244991CA566F39AAB7FFE05C0D8EAA96520796FC6A1CAF92E",
"obj/x64/Release/UILibrary/ADisplaySelector.g.cs","Custom-only","Build-or-runtime-review","4789",,"AC4EF89B86C1239859216C6931E7C5CB2BCA38C484D0EED46A68D1EF497432B0",
"obj/x64/Release/UILibrary/ADownloadGateway.baml","Custom-only","Build-or-runtime-review","2284",,"0EB7BDB82078DE429865342245E54AF66D0FBA2433B5F23A383C996812055A15",
"obj/x64/Release/UILibrary/ADownloadGateway.g.cs","Custom-only","Build-or-runtime-review","5257",,"C521D181C010B09F28E65DB10F07FD0E3207A1904FA170829E1E8C4D5946E70C",
"obj/x64/Release/UILibrary/ADropdown.baml","Custom-only","Build-or-runtime-review","1932",,"86C223DB5D7793D449651E333829528E69AD1787094FD5E42F694A54000C8662",
"obj/x64/Release/UILibrary/ADropdown.g.cs","Custom-only","Build-or-runtime-review","4510",,"80D467C69D9365B3B3D9BA20036DCE54D0BF5BC26E9848D215EE417B4194A406",
"obj/x64/Release/UILibrary/AFileLocator.baml","Custom-only","Build-or-runtime-review","2386",,"BF18D83EAA96CB375F33B933AAAED42619F6EC13081C442AA8811CF97934A284",
"obj/x64/Release/UILibrary/AFileLocator.g.cs","Custom-only","Build-or-runtime-review","5428",,"40FA89FE6E9144BFEC43FE3FD912F1079F1E6C1526ED5F16D4365E8A602B5AA4",
"obj/x64/Release/UILibrary/AKeyChanger.baml","Custom-only","Build-or-runtime-review","1970",,"BDE0C27E613728D533C3F073B99FED1E3098929D0C530E4E55FDDA6F94253816",
"obj/x64/Release/UILibrary/AKeyChanger.g.cs","Custom-only","Build-or-runtime-review","4683",,"BEA06B5F7DDDAED44F97675276D7B7A403EEC260E1D79B570EED9E980FDE7BD6",
"obj/x64/Release/UILibrary/APButton.baml","Custom-only","Build-or-runtime-review","1884",,"F650EEC06EE9381EE44F48E08B828AAD76CEB5A6AA5C16CB5334ACED8E2F0C8C",
"obj/x64/Release/UILibrary/APButton.g.cs","Custom-only","Build-or-runtime-review","4214",,"8815153A74D3D6FE5D99DFD94AC0B6AD5EA4087266DB79E825E167472B2905F8",
"obj/x64/Release/UILibrary/ARectangleBottom.baml","Custom-only","Build-or-runtime-review","1186",,"2306256D58DA432478E47B37D0C5B40CF5F4A59ADBB86345DEA568BB41FB4782",
"obj/x64/Release/UILibrary/ARectangleBottom.g.cs","Custom-only","Build-or-runtime-review","3177",,"45939537B808FE1AA2542BC859D88FA72067DAD5378511C515F0B60610CB7165",
"obj/x64/Release/UILibrary/ASlider.baml","Custom-only","Build-or-runtime-review","2901",,"67AB06A9785457891B52B6C0E0C9CD6F7F6647B457559A1A59F79EF65198C782",
"obj/x64/Release/UILibrary/ASlider.g.cs","Custom-only","Build-or-runtime-review","6413",,"5499B0570678EC819EFEEF74DD67A4B61C59D02480A010BEDD73873AB2F0DFFC",
"obj/x64/Release/UILibrary/ASpacer.baml","Custom-only","Build-or-runtime-review","1080",,"F253D4507E038467826B23AF5CCB9822D58DF65D42C0AB39476157D07E8200B7",
"obj/x64/Release/UILibrary/ASpacer.g.cs","Custom-only","Build-or-runtime-review","3132",,"17A809E2E7DB8700878DA1A3D9D93B29B1E27389982DD536261C0A0C972744AA",
"obj/x64/Release/UILibrary/ATitle.baml","Custom-only","Build-or-runtime-review","2182",,"0D9B3A63E93BADCB975D9C3A26018930D07216FBD9C31193FF479F3BB9A63A94",
"obj/x64/Release/UILibrary/ATitle.g.cs","Custom-only","Build-or-runtime-review","4688",,"F95B1845D9F2C420DA8FF675FAAC9A590562326CBD3D8A116DFE1C24E651B799",
"obj/x64/Release/UILibrary/AToggle.baml","Custom-only","Build-or-runtime-review","2223",,"30858DA2C435C47A03A5BC54D2658C31D676621E3CCB83D436B06CF776FF4964",
"obj/x64/Release/UILibrary/AToggle.g.cs","Custom-only","Build-or-runtime-review","5589",,"AAF52F03D693AF9192FD4B6800DE5BD282E01A181B36014EF0A0C85ADCD63A10",
"obj/x64/Release/UISections/AboutMenuControl.baml","Custom-only","Build-or-runtime-review","4798",,"A2BFACE775F398FB476BDD4F623BC32B013E88D44138B5B8946A09C0E703012D",
"obj/x64/Release/UISections/AboutMenuControl.g.cs","Custom-only","Build-or-runtime-review","9411",,"D9EECC16A4B8C6F630E4259FCEB9E91792F9C87F22FF997BAED7B1EA799DA32F",
"obj/x64/Release/UISections/AimMenuControl.baml","Custom-only","Build-or-runtime-review","1436",,"93DBC9675AB993A819C1A2DB47B7CC3B546E61DB469FC461732989ED6BAFD7B1",
"obj/x64/Release/UISections/AimMenuControl.g.cs","Custom-only","Build-or-runtime-review","9080",,"EDE6A29B2131E1E00F10B48C33A29915446B2E58D0B21010957B8CE76FB8186F",
"obj/x64/Release/UISections/ModelMenuControl.baml","Custom-only","Build-or-runtime-review","5424",,"005BDD60A8CEDA73F80312353A18C6722E42230ECB504B961BF04F20EE9ED2B0",
"obj/x64/Release/UISections/ModelMenuControl.g.cs","Custom-only","Build-or-runtime-review","18366",,"2D2CC22D3344A331C4F888A79C75B1689CB060F74BD78EC83C8531620B2AA77F",
"obj/x64/Release/UISections/SettingsMenuControl.baml","Custom-only","Build-or-runtime-review","1666",,"024AAA5367C9C8201FC90515F3F836FD814D003DE89E933A6BF663ADE0E9B3F5",
"obj/x64/Release/UISections/SettingsMenuControl.g.cs","Custom-only","Build-or-runtime-review","7881",,"FD26718B8AF864B7EEF81AE7E17E7CD828B7F8E2A68F99750909AD97B8A46E45",
"obj/x64/Release/Visuality/ColorPicker.baml","Custom-only","Build-or-runtime-review","3430",,"D850D3B5E985F627FAED9F57CFBCF014198C691D00AF05AF9CB45743B3993C87",
"obj/x64/Release/Visuality/ColorPicker.g.cs","Custom-only","Build-or-runtime-review","7309",,"C66382406091E05398F1AEAFE86F3E69EF1D25AF93B3C196DB989F8A1F2708C3",
"obj/x64/Release/Visuality/ConfigSaver.baml","Custom-only","Build-or-runtime-review","4829",,"B27A7808F3533A221E6C4A179CA49B18BF7236BF5FFBE14A28111D37F4237AB5",
"obj/x64/Release/Visuality/ConfigSaver.g.cs","Custom-only","Build-or-runtime-review","10496",,"CBCE50FA3A5E6BFBAE53969D589412A51A919E693D1C42D639464075DD8570D8",
"obj/x64/Release/Visuality/CrosshairWindow.baml","Custom-only","Build-or-runtime-review","1471",,"B6ADD07E943DE365067813B916308CE82606D537AD39111B4F8684FD8DE2A2FA",
"obj/x64/Release/Visuality/CrosshairWindow.g.cs","Custom-only","Build-or-runtime-review","3637",,"A6912AAF00F78DE4EFBA4EEF4F2E858265A86E91BB6BCB026A0AB50A6048532C",
"obj/x64/Release/Visuality/DetectedPlayerWindow.baml","Custom-only","Build-or-runtime-review","1822",,"69A58B0398FB482A87E75EDCF813076EF33D05168A59567046A399F1575F2431",
"obj/x64/Release/Visuality/DetectedPlayerWindow.g.cs","Custom-only","Build-or-runtime-review","5415",,"28387E02001DDB418D72447E7E2016DB907F0DDC187D369AB556E625A685E663",
"obj/x64/Release/Visuality/DetectedScopeWindow.baml","Custom-only","Build-or-runtime-review","1896",,"A875496289A6087E21613A17F63A67F8A9C87A78F77155FCF429801A6BAEB0D2",
"obj/x64/Release/Visuality/DetectedScopeWindow.g.cs","Custom-only","Build-or-runtime-review","5037",,"4760A54F5286F2E46F44366619D94DF908A47EC3455445238C5DA3FCA826CA58",
"obj/x64/Release/Visuality/FOV.baml","Custom-only","Build-or-runtime-review","1648",,"BEFF4F8918980966A0E33F73BCE4395033489D4A62678A0D4A91124AB554D5E1",
"obj/x64/Release/Visuality/FOV.g.cs","Custom-only","Build-or-runtime-review","4457",,"D1335B0E63493D0841870349391B28B0175004086CB7E479944091F1710B882A",
"obj/x64/Release/Visuality/NoticeBar.baml","Custom-only","Build-or-runtime-review","3104",,"58041D1FD1F5E09996780607BE83A3842D6E394E2346E04FF7728077D123D3AC",
"obj/x64/Release/Visuality/NoticeBar.g.cs","Custom-only","Build-or-runtime-review","3632",,"7D6115719A8A1FCB0EC5463F57A78461B04C310A3F72B075D0BFF71F6A2C2AB7",
"obj/x64/Release/Visuality/RegionSelectorWindow.baml","Custom-only","Build-or-runtime-review","2049",,"D7B349DCA9E3D760B490312F138038001C3C53B2EA299229262737E4A2BAD8CC",
"obj/x64/Release/Visuality/RegionSelectorWindow.g.cs","Custom-only","Build-or-runtime-review","7275",,"F4F512C33652D3D6CE0BB81C63ED417A638B5145424DAB81BEB6808283ED3FE1",
"obj/x64/Release/Visuality/Resources.baml","Custom-only","Build-or-runtime-review","2516",,"0E88EEF44018CA549AEBC2E907DA6A96BD09BB086A17B0A0986C012A05D6C5C6",
"Other/CapturePreferences.cs","Custom-only","Source-resource","1753",,"7ABF777E4D7601A907D87AD1E528DE963FBFA5B9CBD198CC8BBDCDA7296EDAEB",
"Other/DisplayManager.cs","Different-no-common-base","Source-resource","15915","15552","B92E13B89FC20F4B94AC8CF29222A7C353C77D8BC412EFBDA1B339B52FC9D69D","69BAFA5F218874E61E6761CC54EE916A035E0B4FE736C45085F07EF50A5681F1"
"Other/FileManager.cs","Different-no-common-base","Source-resource","20276","12756","BFA78F025FCBB0B38609E1316C05276BA3E1A7D71F85B00A62B12CAF4EC3D3F9","05534CE1F1F541B7ECA1A9A94B8E51C3558AAECABBC9ADDB438849864BED8EBF"
"Other/FovSettings.cs","Custom-only","Source-resource","859",,"6D2C03ADEDA58CEC49F3788C65E8121441036908A994B8CB27B6A46406D8D5B6",
"Other/GetSpecs.cs","Different-no-common-base","Source-resource","2908","2894","A071B5D618ED156F3CBB24502901E94981493C1B1A653FB20BA2A070C3BA68C8","F8B4D136D9CA34A2B62C36C8420018DBCA36AFB480424F9078571370D33DBFF7"
"Other/GithubManager.cs","Identical","Source-resource","2097","2097","78D843C0AD30F9176FCC52281738FCAB6D3C73978C5C6D14A2D651F769D7A43E","78D843C0AD30F9176FCC52281738FCAB6D3C73978C5C6D14A2D651F769D7A43E"
"Other/KeybindNameManager.cs","Different-no-common-base","Source-resource","2382","1550","3640FEC49DE52EFBF3BA6695C8FEEA547D31470EBAF947B9922CB2FF22459591","C122094E9A86D1FA7D91C0C14CC44067C663BEA43DA7F8C6326CDC0AB3232FC2"
"Other/LogManager.cs","Different-no-common-base","Source-resource","1463","1009","C76B06466F87E2D48D3C9D2E44375787430B6756BD0EBB9621C884EE862B1012","A30CF910A958D7F848E6ECD2C07C5A9C2B2B5CC182EFEAAF4AE6B0063C91D5A3"
"Other/MouseSensitivityProfiles.cs","Custom-only","Source-resource","6436",,"B63B911483FFF3D88E512AD171C4FDA57A80346C1155FA4E326942BFBB729FE5",
"Other/PerformanceHelperState.cs","Upstream-only","Source-resource",,"3047",,"421D80D3B0EED087C1570F9879851D078B2D80159F8CD949B94B62573366E2B0"
"Other/RequirementsManager.cs","Identical","Source-resource","3613","3613","50C1E7E1B9F12683BC9BE1AF20ABB04918E6932AB5CBF6ACF85DBF5681697956","50C1E7E1B9F12683BC9BE1AF20ABB04918E6932AB5CBF6ACF85DBF5681697956"
"Other/StreamGuardManager.cs","Different-no-common-base","Source-resource","12784","30755","B73C4400601D2FE9AADD0BA7767915CCB741B30D59894DE7048C1B03EC562A96","19718519816390AE05C06A55590F677151B3DBA25ABEEB598B5020092A0CEAC9"
"Other/ThemeManager.cs","Identical","Source-resource","37411","37411","72AAA038939834F7A4EF2EA24532EB7061E6D0E96CEC113C3B1F9236E88B1CBF","72AAA038939834F7A4EF2EA24532EB7061E6D0E96CEC113C3B1F9236E88B1CBF"
"Other/UpdateManager.cs","Identical","Source-resource","4490","4490","577208061A4192A457FA500D83EC926BF617E3011C917B03E2D82492F8C94730","577208061A4192A457FA500D83EC926BF617E3011C917B03E2D82492F8C94730"
"README.md","Custom-only","Source-resource","1230",,"9163E289D2D78F8B442BAA2C9108DBC798A3FC8F9BE7A822FE62468E6DC7BE0A",
"scratch/ahk_temp/ahk.zip","Custom-only","Test-debug-tool","5306010",,"6F3663F7CDD25063C8C8728F5D9B07813CED8780522FD1F124BA539E2854215F",
"scratch/ahk_temp/AutoHotkey.chm","Custom-only","Test-debug-tool","2009453",,"DE37A93068CA25701B3413EAB0F01FA1646D2DAB0346D78494192E95D94AD521",
"scratch/ahk_temp/AutoHotkeyA32.exe","Custom-only","Native-or-runtime","1570304",,"24E2FAC99D12B7995A63938AE247160B55ACF506C8593D02CE88BCE33E6542A9",
"scratch/ahk_temp/AutoHotkeyU32.exe","Custom-only","Native-or-runtime","1690624",,"A2E3D3090A86107F7F77DD88BC75F3AAF74CC48427215A8DA2E643887A5373B1",
"scratch/ahk_temp/AutoHotkeyU64.exe","Custom-only","Native-or-runtime","1319936",,"EFFDEA83C6B7A1DC2CE9E9D40E91DFD59BED9FCBD580903423648B7CA97D9696",
"scratch/ahk_temp/Compiler/Ahk2Exe.exe","Custom-only","Native-or-runtime","1771520",,"CDC31C989DC4DDA16FEF0664BDE9C003655C5F28A48CA6E2780BE3D60A8DBE55",
"scratch/ahk_temp/Compiler/ANSI 32-bit.bin","Custom-only","Test-debug-tool","721408",,"F5A5C05BF0FEDCC451ADE5676A5647E828A6F08CF6C21970E6C035F4311B5A3C",
"scratch/ahk_temp/Compiler/Unicode 32-bit.bin","Custom-only","Test-debug-tool","842240",,"2D193510B56FBDB8530F8DED2F1C9FB982DF971DCA5FAD1F24F558BE16A4F804",
"scratch/ahk_temp/Compiler/Unicode 64-bit.bin","Custom-only","Test-debug-tool","1226752",,"6E7C9AE1DAABDB958A4D9C8E7297BA956C9504B5F76CE61FC31281F5BB0B0B55",
"scratch/ahk_temp/Installer.ahk","Custom-only","Test-debug-tool","67529",,"EF88BA74AEF53793937DDFAACA4908772FBAF2E7C9BFB5FDEB3C0A6B95755CD0",
"scratch/ahk_temp/license.txt","Custom-only","Test-debug-tool","18120",,"B27C1A7C92686E47F8740850AD24877A50BE23FD3DBD44EDEE50AC1223135E38",
"scratch/ahk_temp/Template.ahk","Custom-only","Test-debug-tool","324",,"23E5115A25E2D539057443B0F0E9740B9AE85D7DE0DA204F1D739C9B2E206058",
"scratch/ahk_temp/WindowSpy.ahk","Custom-only","Test-debug-tool","5877",,"4688629BE394986C8DBE6517032429E6E8CDD9F5801DDB1AC1F53E6FE86EEE7B",
"scratch/baseline-build.log","Custom-only","Test-debug-tool","141046",,"699883BB42B6E619A07B2C1AA401EC66A1F203839E24EDABB5B18E7D09571DB4",
"scratch/build-archive-20260907-191132/x64/Debug/net8.0-windows/bin/binding.cfg","Custom-only","Build-or-runtime-review","725",,"348DEC462DE32AC19BAB75E2251DF28FB10D840E50D8FF8A31E3677AAF791FCE",
"scratch/build-archive-20260907-191132/x64/Debug/net8.0-windows/bin/colors.cfg","Custom-only","Build-or-runtime-review","319",,"90A95D517F70682C2ED84AFA6A7E1B9BFDA1E682AB9735A566D3251BD8B5C7B3",
"scratch/build-archive-20260907-191132/x64/Debug/net8.0-windows/bin/configs/Default.cfg","Custom-only","Build-or-runtime-review","5316",,"AAB39356822E650844B34E5650039132178AA23E8951F428BD5856A6F7452D27",
"scratch/build-archive-20260907-191132/x64/Debug/net8.0-windows/bin/configs/Default.cfg.before-wgc-fix.bak","Custom-only","Build-or-runtime-review","3295",,"49158C88278029D8F555B9F121D792E71EB7C8CA8A4F55B9183836B73715D36D",
"scratch/build-archive-20260907-191132/x64/Debug/net8.0-windows/bin/dropdown.cfg","Custom-only","Build-or-runtime-review","5316",,"786E4A2CBA5E81C2F93CD2DEA88ACE8DF2193A76937EAAE15C65A654BD8025BA",
"scratch/build-archive-20260907-191132/x64/Debug/net8.0-windows/bin/dropdown.cfg.before-wgc-fix.bak","Custom-only","Build-or-runtime-review","3292",,"346F35CA4D681D2068E7911E08970D893547F8E0187FD804026D81AE82E4CE6E",
"scratch/build-archive-20260907-191132/x64/Debug/net8.0-windows/bin/filelocations.cfg","Custom-only","Build-or-runtime-review","104",,"86AE5C4C67F368DA284B4DFA45B4BE32F4FC0FB528997A927EB09BF6A2CB24B9",
"scratch/build-archive-20260907-191132/x64/Debug/net8.0-windows/bin/labels/labels.txt","Custom-only","Build-or-runtime-review","5",,"0021D5FE20A08754DD965D947E4830740633AA94B4555D03067AAA6A3E6E1214",
"scratch/build-archive-20260907-191132/x64/Debug/net8.0-windows/bin/minimize.cfg","Custom-only","Build-or-runtime-review","511",,"7E725093A0191B0BF1491E8C854F1C08BDF3EF08ECF4F6D459566F3932A4E2C2",
"scratch/build-archive-20260907-191132/x64/Debug/net8.0-windows/bin/models.cfg","Custom-only","Build-or-runtime-review","131",,"6FB1CD0F0F6FC99718E6D100FE3C4902665D6B8AED9909B336933B6E49B90238",
"scratch/build-archive-20260907-191132/x64/Debug/net8.0-windows/bin/models/Slot1/best_160x160_fp32_YOLO11.onnx","Custom-only","Build-or-runtime-review","10447736",,"7953C0BB27AF9EF389DEBAF89414053E8BA210DEA1D92BE0C499608553C05281",
"scratch/build-archive-20260907-191132/x64/Debug/net8.0-windows/bin/models/Slot1/best_160x160_fp32_YOLO26.onnx","Custom-only","Build-or-runtime-review","9648246",,"46651013D0C4C2707770FA5AD0A199DB2DEF3E0C5C991A247FCCB4D32061116C",
"scratch/build-archive-20260907-191132/x64/Debug/net8.0-windows/bin/models/Slot1/best_256x256_fp32_YOLO11.onnx","Custom-only","Build-or-runtime-review","10464132",,"6750465A1C68A4490B439C9D7D0BEFBDB9BEFAB04150C81E674861805EDE2385",
"scratch/build-archive-20260907-191132/x64/Debug/net8.0-windows/bin/models/Slot1/best_256x256_fp32_YOLO26.onnx","Custom-only","Build-or-runtime-review","9664642",,"E48C46A491693812B4E75F58AB69CF5EAD9642D1C888A33FCE3602EA299C5B1E",
"scratch/build-archive-20260907-191132/x64/Debug/net8.0-windows/bin/models/Slot1/best_320x320_fp32_YOLO11.onnx","Custom-only","Build-or-runtime-review","10479313",,"3E1D542530452056C3FCA4C665907237F0463A59DC9036C89926C19719D11B6E",
"scratch/build-archive-20260907-191132/x64/Debug/net8.0-windows/bin/models/Slot1/best_320x320_fp32_YOLO26.onnx","Custom-only","Build-or-runtime-review","9679861",,"4709EB552C7164265CAE5768CC2666349540464B97239ACC93331E10E26334AB",
"scratch/build-archive-20260907-191132/x64/Debug/net8.0-windows/bin/models/Slot1/best_416x416_fp32_YOLO11.onnx","Custom-only","Build-or-runtime-review","10508323",,"A550280BDAD9D9135918DF9337303A94C64B230CB8E57DA278AB3301A36285EE",
"scratch/build-archive-20260907-191132/x64/Debug/net8.0-windows/bin/models/Slot1/best_416x416_fp32_YOLO26.onnx","Custom-only","Build-or-runtime-review","9708897",,"6785F172775D0EED25F81A27A8E84B81F3FE2D841ED0A0EAEBF7194D2ACDFDDF",
"scratch/build-archive-20260907-191132/x64/Debug/net8.0-windows/bin/models/Slot1/best_512x512_fp32_YOLO11.onnx","Custom-only","Build-or-runtime-review","10544941",,"816B9C33E6110F7DC40E8BB59B3AFD2F5CA7D2B4A34B19658B9C6FA8750155B1",
"scratch/build-archive-20260907-191132/x64/Debug/net8.0-windows/bin/models/Slot1/best_512x512_fp32_YOLO26.onnx","Custom-only","Build-or-runtime-review","9745515",,"01D89882C20386741E5713DAD43906300D441AE0FFE4A0B9B646E76D077829B3",
"scratch/build-archive-20260907-191132/x64/Debug/net8.0-windows/bin/models/Slot1/best_640x640_fp32_YOLO11.onnx","Custom-only","Build-or-runtime-review","10605421",,"617A12BF6EF8F3BABC1CE042B81E0D7989E02BBABF8981151F36E027089C8FEE",
"scratch/build-archive-20260907-191132/x64/Debug/net8.0-windows/bin/models/Slot1/best_640x640_fp32_YOLO26.onnx","Custom-only","Build-or-runtime-review","9805995",,"31A373D7A57C724A0156FC482A4EDBFB6D874F139299734A8FB21519FD667C0D",
"scratch/build-archive-20260907-191132/x64/Debug/net8.0-windows/bin/models/Slot1/best_dynamic_fp32_YOLO11.onnx","Custom-only","Build-or-runtime-review","11135982",,"CF78D232FCD55CD42DBF9D3A34D20301189345A18488624BADDB7E854F4F94EB",
"scratch/build-archive-20260907-191132/x64/Debug/net8.0-windows/bin/models/Slot1/best_dynamic_fp32_YOLO26.onnx","Custom-only","Build-or-runtime-review","10355219",,"EA8BBB1EE5693C88BD49FBA8E05AD22835C1F45D7AC5FB6AEDDAAA6923E3F0FB",
"scratch/build-archive-20260907-191132/x64/Debug/net8.0-windows/bin/models/Slot2/best_160x160_fp32_YOLO11.onnx","Custom-only","Build-or-runtime-review","10447736",,"7953C0BB27AF9EF389DEBAF89414053E8BA210DEA1D92BE0C499608553C05281",
"scratch/build-archive-20260907-191132/x64/Debug/net8.0-windows/bin/models/Slot2/best_160x160_fp32_YOLO26.onnx","Custom-only","Build-or-runtime-review","9648246",,"46651013D0C4C2707770FA5AD0A199DB2DEF3E0C5C991A247FCCB4D32061116C",
"scratch/build-archive-20260907-191132/x64/Debug/net8.0-windows/bin/models/Slot2/best_256x256_fp32_YOLO11.onnx","Custom-only","Build-or-runtime-review","10464132",,"6750465A1C68A4490B439C9D7D0BEFBDB9BEFAB04150C81E674861805EDE2385",
"scratch/build-archive-20260907-191132/x64/Debug/net8.0-windows/bin/models/Slot2/best_256x256_fp32_YOLO26.onnx","Custom-only","Build-or-runtime-review","9664642",,"E48C46A491693812B4E75F58AB69CF5EAD9642D1C888A33FCE3602EA299C5B1E",
"scratch/build-archive-20260907-191132/x64/Debug/net8.0-windows/bin/models/Slot2/best_320x320_fp32_YOLO11.onnx","Custom-only","Build-or-runtime-review","10479313",,"3E1D542530452056C3FCA4C665907237F0463A59DC9036C89926C19719D11B6E",
"scratch/build-archive-20260907-191132/x64/Debug/net8.0-windows/bin/models/Slot2/best_320x320_fp32_YOLO26.onnx","Custom-only","Build-or-runtime-review","9679861",,"4709EB552C7164265CAE5768CC2666349540464B97239ACC93331E10E26334AB",
"scratch/build-archive-20260907-191132/x64/Debug/net8.0-windows/bin/models/Slot2/best_416x416_fp32_YOLO11.onnx","Custom-only","Build-or-runtime-review","10508323",,"A550280BDAD9D9135918DF9337303A94C64B230CB8E57DA278AB3301A36285EE",
"scratch/build-archive-20260907-191132/x64/Debug/net8.0-windows/bin/models/Slot2/best_416x416_fp32_YOLO26.onnx","Custom-only","Build-or-runtime-review","9708897",,"6785F172775D0EED25F81A27A8E84B81F3FE2D841ED0A0EAEBF7194D2ACDFDDF",
"scratch/build-archive-20260907-191132/x64/Debug/net8.0-windows/bin/models/Slot2/best_512x512_fp32_YOLO11.onnx","Custom-only","Build-or-runtime-review","10544941",,"816B9C33E6110F7DC40E8BB59B3AFD2F5CA7D2B4A34B19658B9C6FA8750155B1",
"scratch/build-archive-20260907-191132/x64/Debug/net8.0-windows/bin/models/Slot2/best_512x512_fp32_YOLO26.onnx","Custom-only","Build-or-runtime-review","9745515",,"01D89882C20386741E5713DAD43906300D441AE0FFE4A0B9B646E76D077829B3",
"scratch/build-archive-20260907-191132/x64/Debug/net8.0-windows/bin/models/Slot2/best_640x640_fp32_YOLO11.onnx","Custom-only","Build-or-runtime-review","10605421",,"617A12BF6EF8F3BABC1CE042B81E0D7989E02BBABF8981151F36E027089C8FEE",
"scratch/build-archive-20260907-191132/x64/Debug/net8.0-windows/bin/models/Slot2/best_640x640_fp32_YOLO26.onnx","Custom-only","Build-or-runtime-review","9805995",,"31A373D7A57C724A0156FC482A4EDBFB6D874F139299734A8FB21519FD667C0D",
"scratch/build-archive-20260907-191132/x64/Debug/net8.0-windows/bin/models/Slot2/best_dynamic_fp32_YOLO11.onnx","Custom-only","Build-or-runtime-review","11135982",,"CF78D232FCD55CD42DBF9D3A34D20301189345A18488624BADDB7E854F4F94EB",
"scratch/build-archive-20260907-191132/x64/Debug/net8.0-windows/bin/models/Slot2/best_dynamic_fp32_YOLO26.onnx","Custom-only","Build-or-runtime-review","10355219",,"EA8BBB1EE5693C88BD49FBA8E05AD22835C1F45D7AC5FB6AEDDAAA6923E3F0FB",
"scratch/build-archive-20260907-191132/x64/Debug/net8.0-windows/bin/priority_aiming.cfg","Custom-only","Build-or-runtime-review","152",,"AA35BD20E6FE6C23BB0AE61BDF61B2D9855E63B68E8799B2E6B9BA144126FBBE",
"scratch/build-archive-20260907-191132/x64/Debug/net8.0-windows/bin/scope_models/Scope_v6_opset11.onnx","Custom-only","Build-or-runtime-review","4974027",,"DDCAF1337A784D5EB7E73135E51D860BE61F7FC38B70168F42122B3B686519F4",
"scratch/build-archive-20260907-191132/x64/Debug/net8.0-windows/bin/scope_models/Scope_v6_opset12.onnx","Custom-only","Build-or-runtime-review","4974027",,"69E30CF568F2913CBBFE327DB6F6C97760951D8FB5380C26AA21641083BE8D62",
"scratch/build-archive-20260907-191132/x64/Debug/net8.0-windows/bin/scope_models/Scope_v6_opset13.onnx","Custom-only","Build-or-runtime-review","4974285",,"FE27B6E21890665CF62F55D0EAB61498268CCF7DC8F36420356059D74E0181C5",
"scratch/build-archive-20260907-191132/x64/Debug/net8.0-windows/bin/scope_models/Scope_v6_opset14.onnx","Custom-only","Build-or-runtime-review","4974501",,"79356E5C763D465467D08B7C62AD8FD361ADF1813CD114981CDC1A88D9AF4922",
"scratch/build-archive-20260907-191132/x64/Debug/net8.0-windows/bin/scope_models/Scope_v6_opset15.onnx","Custom-only","Build-or-runtime-review","4974501",,"9F7762B8DC086764448BB9B71FE28D341DED689206FC7DA78DDE8B1F872D5E3F",
"scratch/build-archive-20260907-191132/x64/Debug/net8.0-windows/bin/scope_models/Scope_v6_opset16.onnx","Custom-only","Build-or-runtime-review","4974501",,"77368E0EDD67833788DBE8A0167F1CC46B65D400262EEDA6B107B0852223E13E",
"scratch/build-archive-20260907-191132/x64/Debug/net8.0-windows/bin/scope_models/Scope_v6_opset17.onnx","Custom-only","Build-or-runtime-review","4974501",,"C7BB164612864889DD3D59A3182E4878CF9B91558B16C86766C7A8A91455581A",
"scratch/build-archive-20260907-191132/x64/Debug/net8.0-windows/bin/scope_models/Scope_v6_opset18.onnx","Custom-only","Build-or-runtime-review","4974512",,"56B8234F83E77A1E0CB8A94FC432F5C76E438E40D7F3C6BFA0A69EBFD6F2B0C5",
"scratch/build-archive-20260907-191132/x64/Debug/net8.0-windows/bin/scope_models/Scope_v6_opset19.onnx","Custom-only","Build-or-runtime-review","4974512",,"64552F7638BA4DF97DF08626AB54C45653CFD7BCF7EB83779A0868F0B308C400",
"scratch/build-archive-20260907-191132/x64/Debug/net8.0-windows/bin/scope_models/Scope_v6_opset20.onnx","Custom-only","Build-or-runtime-review","4974512",,"D4BB5F7F4FF1E5265C5975E4637E0EBD5296C2470E2EA84CBAF4A0F0541422E6",
"scratch/build-archive-20260907-191132/x64/Debug/net8.0-windows/bin/scope_models/Scope_v6_opset21.onnx","Custom-only","Build-or-runtime-review","4974512",,"BB40BBB82D79D1B37CC0D81DCDEAD42CA53A486D26A33F0B635A64AB63F48D4A",
"scratch/build-archive-20260907-191132/x64/Debug/net8.0-windows/bin/scope_models/Scope_v6_opset22.onnx","Custom-only","Build-or-runtime-review","4974512",,"218E8D0BE0996F7134D30EA26B7F3129D00362930C341D61EB7DF5BE96074392",
"scratch/build-archive-20260907-191132/x64/Debug/net8.0-windows/bin/scope_models/SCOPEv1.onnx","Custom-only","Build-or-runtime-review","12270366",,"DA0FCF46417C676A59ADCB40AA17027DF5468A3730CE8BB761FD780DE72BB052",
"scratch/build-archive-20260907-191132/x64/Debug/net8.0-windows/bin/scope_models/SCOPEV2.onnx","Custom-only","Build-or-runtime-review","10609179",,"54B6A07D5DEFAB632EA2F321D7531055A4B6699C6C5E997DCDFAC6E2D6DA4B07",
"scratch/build-archive-20260907-191132/x64/Debug/net8.0-windows/bin/scope_models/SCOPEv3.onnx","Custom-only","Build-or-runtime-review","10609179",,"0E5F1AEEEAD969AFB4B5A8BA5FF0D3CB25421A5F8C08620BD415014488B0D94C",
"scratch/build-archive-20260907-191132/x64/Debug/net8.0-windows/bin/scope_models/SCOPEv4.onnx","Custom-only","Build-or-runtime-review","9809377",,"A8AEA877C2D1FB2390FA82AA9FC1CEAC6CC9FCFB0FB2D05B55F8177FF1ED9B55",
"scratch/build-archive-20260907-191132/x64/Debug/net8.0-windows/bin/scope_models/SCOPEv5.onnx","Custom-only","Build-or-runtime-review","37937028",,"59120E5DE53C9967DA667A61B2AF8A27510ADB71B5140EFDC6D8FFEEBF48F7B3",
"scratch/build-archive-20260907-191132/x64/Debug/net8.0-windows/bin/toggles.cfg","Custom-only","Build-or-runtime-review","1100",,"BDDE7B33AA6ABB07CB09A4DDDFA607624B202E71435E0DFCE3B2C96C5F1F5008",
"scratch/build-archive-20260907-191132/x64/Debug/net8.0-windows/CouldBeAimmyV2.deps.json","Custom-only","Build-or-runtime-review","17912",,"BC2AD9D85E60CF1DC7738898B106481C8ACBD19D9945E1460D75210D18AD321A",
"scratch/build-archive-20260907-191132/x64/Debug/net8.0-windows/CouldBeAimmyV2.dll","Custom-only","Build-or-runtime-review","7986176",,"CD484C60ECB4E93667DFAFAEB9D209E94D3D1697C5DB2C474DE729C7E71032F3",
"scratch/build-archive-20260907-191132/x64/Debug/net8.0-windows/CouldBeAimmyV2.exe","Custom-only","Build-or-runtime-review","186368",,"9B47D351D30FC1BE3E5159E8CE6851E5C77FFCD87097C8F84BBF3536393AF75A",
"scratch/build-archive-20260907-191132/x64/Debug/net8.0-windows/CouldBeAimmyV2.runtimeconfig.json","Custom-only","Build-or-runtime-review","357",,"A6A31E881A564CE497254B0CC044C32ADE3CF5F02C6501E43C8425E8698B2C00",
"scratch/build-archive-20260907-191132/x64/Debug/net8.0-windows/DirectML.dll","Custom-only","Build-or-runtime-review","18527776",,"9C9E6D822561C6C41B90E6994B3E8857CF1D66DBFB1E0C4C799C7C89B4E92DA1",
"scratch/build-archive-20260907-191132/x64/Debug/net8.0-windows/DirectML.pdb","Custom-only","Build-or-runtime-review","8622080",,"24B67D1EE649D1E36FDD4BD8A25EC74B890C3B859AFAD89E0D4E1B7E51CD8D16",
"scratch/build-archive-20260907-191132/x64/Debug/net8.0-windows/icon/target.ico","Custom-only","Build-or-runtime-review","34714",,"252F3C4D54C091988E6516D97B61FA475EDAFB782C4BBEEEFC2479E49572133D",
"scratch/build-archive-20260907-191132/x64/Debug/net8.0-windows/loot/._cache_Loot.exe","Custom-only","Build-or-runtime-review","918016",,"043BC763D54ACDD8EC91246AE99B8310E0146BD577F98C7A26820980B45702A5",
"scratch/build-archive-20260907-191132/x64/Debug/net8.0-windows/loot/config.ini","Custom-only","Build-or-runtime-review","560",,"8E7E8B92E1E2ED7DA53F934A76F2FE677955D50856268D9B9E7681E9F1486FE9",
"scratch/build-archive-20260907-191132/x64/Debug/net8.0-windows/loot/laytoado.ahk","Custom-only","Build-or-runtime-review","8743",,"BDCDFD4488A8F2230CE762FEAD84944DDA2FFA8884B7F611906C34202C25185D",
"scratch/build-archive-20260907-191132/x64/Debug/net8.0-windows/loot/laytoado.exe","Custom-only","Build-or-runtime-review","1735168",,"1D8E14199A2E36B37577ED4BC930D725C9619EBDD04E6AF1A4D72B09F88E1225",
"scratch/build-archive-20260907-191132/x64/Debug/net8.0-windows/loot/Loot.ahk","Custom-only","Build-or-runtime-review","3713",,"20CEED5BBC8EE88E7199AACEF994838319961B349E2A80FF37B2148B77485C2E",
"scratch/build-archive-20260907-191132/x64/Debug/net8.0-windows/loot/Loot.exe","Custom-only","Build-or-runtime-review","1694208",,"E172794AD7559292C6DB988576C63C58AAB4DABA51E64C7FEF274D683360E215",
"scratch/build-archive-20260907-191132/x64/Debug/net8.0-windows/onnxruntime_providers_shared.dll","Custom-only","Build-or-runtime-review","22040",,"265C8DAF29637CB259CAC8BE9F08F2CD45F3883F0F0E4949CBFDDD5B4CBEC3B6",
"scratch/build-archive-20260907-191132/x64/Debug/net8.0-windows/onnxruntime.dll","Custom-only","Build-or-runtime-review","17328152",,"E7EEDEC6A6F26DC39DC948276A75EF6D2BEE3FFF944D874CEED0BBD3B97BFF40",
"scratch/build-archive-20260907-191132/x64/Debug/net8.0-windows/runtimes/browser/lib/net8.0/System.Text.Encodings.Web.dll","Custom-only","Build-or-runtime-review","70952",,"108C563B14FAEAF065EED875779AE768AE14A2884B023B700A6EA9D8B8486B49",
"scratch/build-archive-20260907-191132/x64/Debug/net8.0-windows/runtimes/win-arm64/native/onnxruntime_providers_shared.dll","Custom-only","Build-or-runtime-review","21528",,"3923290B6FC5DCD754B4D533463A9B8B46DA0889D3991EF4F9B9AFA17929E3E2",
"scratch/build-archive-20260907-191132/x64/Debug/net8.0-windows/runtimes/win-arm64/native/onnxruntime.dll","Custom-only","Build-or-runtime-review","17546784",,"939FA0BE435D253EADD9E394EE94AD6B6AC1878C83B64118BB4BDA669EB0E28C",
"scratch/build-archive-20260907-191132/x64/Debug/net8.0-windows/runtimes/win-arm64/native/onnxruntime.lib","Custom-only","Build-or-runtime-review","2834",,"4B48F294224CDFE09EF77A6E1F5582BDA16A4ADBA047C1B073F752FCE83AE40C",
"scratch/build-archive-20260907-191132/x64/Debug/net8.0-windows/runtimes/win-x64/native/onnxruntime_providers_shared.dll","Custom-only","Build-or-runtime-review","22040",,"265C8DAF29637CB259CAC8BE9F08F2CD45F3883F0F0E4949CBFDDD5B4CBEC3B6",
"scratch/build-archive-20260907-191132/x64/Debug/net8.0-windows/runtimes/win-x64/native/onnxruntime.dll","Custom-only","Build-or-runtime-review","17328152",,"E7EEDEC6A6F26DC39DC948276A75EF6D2BEE3FFF944D874CEED0BBD3B97BFF40",
"scratch/build-archive-20260907-191132/x64/Debug/net8.0-windows/runtimes/win-x64/native/onnxruntime.lib","Custom-only","Build-or-runtime-review","2834",,"281D55C95107AD75AC060569C005031BAF1BB7FE1011BDC07A6BEF1DEE8792B5",
"scratch/build-archive-20260907-191132/x64/Debug/net8.0-windows/runtimes/win-x64/native/TensorRT-C-API.dll","Custom-only","Build-or-runtime-review","473088",,"06C4CE8C93832A8AA9F39B6574CA7D72DAEFFF525C67641917E1F271356975A4",
"scratch/build-archive-20260907-191132/x64/Debug/net8.0-windows/runtimes/win/lib/net8.0/System.Management.dll","Custom-only","Build-or-runtime-review","313168",,"2EE0EDFC6E733EB3427CFFDA28CC8709C69BC9E8F498CEAA101A9A268D9FD46B",
"scratch/build-archive-20260907-191132/x64/Debug/net8.0-windows10.0.19041.0/bin/binding.cfg","Custom-only","Build-or-runtime-review","725",,"348DEC462DE32AC19BAB75E2251DF28FB10D840E50D8FF8A31E3677AAF791FCE",
"scratch/build-archive-20260907-191132/x64/Debug/net8.0-windows10.0.19041.0/bin/capture.cfg","Custom-only","Build-or-runtime-review","72",,"194B76A2FCC1E30636214FA80380BDB396EDF11EEA6927BE0FBD1E23BF642F8F",
"scratch/build-archive-20260907-191132/x64/Debug/net8.0-windows10.0.19041.0/bin/colors.cfg","Custom-only","Build-or-runtime-review","319",,"90A95D517F70682C2ED84AFA6A7E1B9BFDA1E682AB9735A566D3251BD8B5C7B3",
"scratch/build-archive-20260907-191132/x64/Debug/net8.0-windows10.0.19041.0/bin/configs/Default.cfg","Custom-only","Build-or-runtime-review","5314",,"2875B965362FA3E6FAE7129B02E1B97A42A51B7096534DE275B383573BB949F1",
"scratch/build-archive-20260907-191132/x64/Debug/net8.0-windows10.0.19041.0/bin/configs/Default.cfg.before-wgc-fix.bak","Custom-only","Build-or-runtime-review","3295",,"49158C88278029D8F555B9F121D792E71EB7C8CA8A4F55B9183836B73715D36D",
"scratch/build-archive-20260907-191132/x64/Debug/net8.0-windows10.0.19041.0/bin/dropdown.cfg","Custom-only","Build-or-runtime-review","5314",,"C5CC1F0921C789248E46BDAA68D23DAC9356904137C1AA9980007F3FFCBCA967",
"scratch/build-archive-20260907-191132/x64/Debug/net8.0-windows10.0.19041.0/bin/dropdown.cfg.before-wgc-fix.bak","Custom-only","Build-or-runtime-review","3292",,"346F35CA4D681D2068E7911E08970D893547F8E0187FD804026D81AE82E4CE6E",
"scratch/build-archive-20260907-191132/x64/Debug/net8.0-windows10.0.19041.0/bin/filelocations.cfg","Custom-only","Build-or-runtime-review","104",,"86AE5C4C67F368DA284B4DFA45B4BE32F4FC0FB528997A927EB09BF6A2CB24B9",
"scratch/build-archive-20260907-191132/x64/Debug/net8.0-windows10.0.19041.0/bin/labels/labels.txt","Custom-only","Build-or-runtime-review","5",,"0021D5FE20A08754DD965D947E4830740633AA94B4555D03067AAA6A3E6E1214",
"scratch/build-archive-20260907-191132/x64/Debug/net8.0-windows10.0.19041.0/bin/minimize.cfg","Custom-only","Build-or-runtime-review","513",,"2BC33B6904E3E683EEDCC3AEE776BFF1A81B15EB3C1847D15AA1FA67C9A4AB56",
"scratch/build-archive-20260907-191132/x64/Debug/net8.0-windows10.0.19041.0/bin/models.cfg","Custom-only","Build-or-runtime-review","131",,"6FB1CD0F0F6FC99718E6D100FE3C4902665D6B8AED9909B336933B6E49B90238",
"scratch/build-archive-20260907-191132/x64/Debug/net8.0-windows10.0.19041.0/bin/models/Slot1/best_160x160_fp32_YOLO11.onnx","Custom-only","Build-or-runtime-review","10447736",,"7953C0BB27AF9EF389DEBAF89414053E8BA210DEA1D92BE0C499608553C05281",
"scratch/build-archive-20260907-191132/x64/Debug/net8.0-windows10.0.19041.0/bin/models/Slot1/best_160x160_fp32_YOLO26.onnx","Custom-only","Build-or-runtime-review","9648246",,"46651013D0C4C2707770FA5AD0A199DB2DEF3E0C5C991A247FCCB4D32061116C",
"scratch/build-archive-20260907-191132/x64/Debug/net8.0-windows10.0.19041.0/bin/models/Slot1/best_256x256_fp32_YOLO11.onnx","Custom-only","Build-or-runtime-review","10464132",,"6750465A1C68A4490B439C9D7D0BEFBDB9BEFAB04150C81E674861805EDE2385",
"scratch/build-archive-20260907-191132/x64/Debug/net8.0-windows10.0.19041.0/bin/models/Slot1/best_256x256_fp32_YOLO26.onnx","Custom-only","Build-or-runtime-review","9664642",,"E48C46A491693812B4E75F58AB69CF5EAD9642D1C888A33FCE3602EA299C5B1E",
"scratch/build-archive-20260907-191132/x64/Debug/net8.0-windows10.0.19041.0/bin/models/Slot1/best_320x320_fp32_YOLO11.onnx","Custom-only","Build-or-runtime-review","10479313",,"3E1D542530452056C3FCA4C665907237F0463A59DC9036C89926C19719D11B6E",
"scratch/build-archive-20260907-191132/x64/Debug/net8.0-windows10.0.19041.0/bin/models/Slot1/best_320x320_fp32_YOLO26.onnx","Custom-only","Build-or-runtime-review","9679861",,"4709EB552C7164265CAE5768CC2666349540464B97239ACC93331E10E26334AB",
"scratch/build-archive-20260907-191132/x64/Debug/net8.0-windows10.0.19041.0/bin/models/Slot1/best_416x416_fp32_YOLO11.onnx","Custom-only","Build-or-runtime-review","10508323",,"A550280BDAD9D9135918DF9337303A94C64B230CB8E57DA278AB3301A36285EE",
"scratch/build-archive-20260907-191132/x64/Debug/net8.0-windows10.0.19041.0/bin/models/Slot1/best_416x416_fp32_YOLO26.onnx","Custom-only","Build-or-runtime-review","9708897",,"6785F172775D0EED25F81A27A8E84B81F3FE2D841ED0A0EAEBF7194D2ACDFDDF",
"scratch/build-archive-20260907-191132/x64/Debug/net8.0-windows10.0.19041.0/bin/models/Slot1/best_512x512_fp32_YOLO11.onnx","Custom-only","Build-or-runtime-review","10544941",,"816B9C33E6110F7DC40E8BB59B3AFD2F5CA7D2B4A34B19658B9C6FA8750155B1",
"scratch/build-archive-20260907-191132/x64/Debug/net8.0-windows10.0.19041.0/bin/models/Slot1/best_512x512_fp32_YOLO26.onnx","Custom-only","Build-or-runtime-review","9745515",,"01D89882C20386741E5713DAD43906300D441AE0FFE4A0B9B646E76D077829B3",
"scratch/build-archive-20260907-191132/x64/Debug/net8.0-windows10.0.19041.0/bin/models/Slot1/best_640x640_fp32_YOLO11.onnx","Custom-only","Build-or-runtime-review","10605421",,"617A12BF6EF8F3BABC1CE042B81E0D7989E02BBABF8981151F36E027089C8FEE",
"scratch/build-archive-20260907-191132/x64/Debug/net8.0-windows10.0.19041.0/bin/models/Slot1/best_640x640_fp32_YOLO26.onnx","Custom-only","Build-or-runtime-review","9805995",,"31A373D7A57C724A0156FC482A4EDBFB6D874F139299734A8FB21519FD667C0D",
"scratch/build-archive-20260907-191132/x64/Debug/net8.0-windows10.0.19041.0/bin/models/Slot1/best_dynamic_fp32_YOLO11.onnx","Custom-only","Build-or-runtime-review","11135982",,"CF78D232FCD55CD42DBF9D3A34D20301189345A18488624BADDB7E854F4F94EB",
"scratch/build-archive-20260907-191132/x64/Debug/net8.0-windows10.0.19041.0/bin/models/Slot1/best_dynamic_fp32_YOLO26.onnx","Custom-only","Build-or-runtime-review","10355219",,"EA8BBB1EE5693C88BD49FBA8E05AD22835C1F45D7AC5FB6AEDDAAA6923E3F0FB",
"scratch/build-archive-20260907-191132/x64/Debug/net8.0-windows10.0.19041.0/bin/models/Slot2/best_160x160_fp32_YOLO11.onnx","Custom-only","Build-or-runtime-review","10447736",,"7953C0BB27AF9EF389DEBAF89414053E8BA210DEA1D92BE0C499608553C05281",
"scratch/build-archive-20260907-191132/x64/Debug/net8.0-windows10.0.19041.0/bin/models/Slot2/best_160x160_fp32_YOLO26.onnx","Custom-only","Build-or-runtime-review","9648246",,"46651013D0C4C2707770FA5AD0A199DB2DEF3E0C5C991A247FCCB4D32061116C",
"scratch/build-archive-20260907-191132/x64/Debug/net8.0-windows10.0.19041.0/bin/models/Slot2/best_256x256_fp32_YOLO11.onnx","Custom-only","Build-or-runtime-review","10464132",,"6750465A1C68A4490B439C9D7D0BEFBDB9BEFAB04150C81E674861805EDE2385",
"scratch/build-archive-20260907-191132/x64/Debug/net8.0-windows10.0.19041.0/bin/models/Slot2/best_256x256_fp32_YOLO26.onnx","Custom-only","Build-or-runtime-review","9664642",,"E48C46A491693812B4E75F58AB69CF5EAD9642D1C888A33FCE3602EA299C5B1E",
"scratch/build-archive-20260907-191132/x64/Debug/net8.0-windows10.0.19041.0/bin/models/Slot2/best_320x320_fp32_YOLO11.onnx","Custom-only","Build-or-runtime-review","10479313",,"3E1D542530452056C3FCA4C665907237F0463A59DC9036C89926C19719D11B6E",
"scratch/build-archive-20260907-191132/x64/Debug/net8.0-windows10.0.19041.0/bin/models/Slot2/best_320x320_fp32_YOLO26.onnx","Custom-only","Build-or-runtime-review","9679861",,"4709EB552C7164265CAE5768CC2666349540464B97239ACC93331E10E26334AB",
"scratch/build-archive-20260907-191132/x64/Debug/net8.0-windows10.0.19041.0/bin/models/Slot2/best_416x416_fp32_YOLO11.onnx","Custom-only","Build-or-runtime-review","10508323",,"A550280BDAD9D9135918DF9337303A94C64B230CB8E57DA278AB3301A36285EE",
"scratch/build-archive-20260907-191132/x64/Debug/net8.0-windows10.0.19041.0/bin/models/Slot2/best_416x416_fp32_YOLO26.onnx","Custom-only","Build-or-runtime-review","9708897",,"6785F172775D0EED25F81A27A8E84B81F3FE2D841ED0A0EAEBF7194D2ACDFDDF",
"scratch/build-archive-20260907-191132/x64/Debug/net8.0-windows10.0.19041.0/bin/models/Slot2/best_512x512_fp32_YOLO11.onnx","Custom-only","Build-or-runtime-review","10544941",,"816B9C33E6110F7DC40E8BB59B3AFD2F5CA7D2B4A34B19658B9C6FA8750155B1",
"scratch/build-archive-20260907-191132/x64/Debug/net8.0-windows10.0.19041.0/bin/models/Slot2/best_512x512_fp32_YOLO26.onnx","Custom-only","Build-or-runtime-review","9745515",,"01D89882C20386741E5713DAD43906300D441AE0FFE4A0B9B646E76D077829B3",
"scratch/build-archive-20260907-191132/x64/Debug/net8.0-windows10.0.19041.0/bin/models/Slot2/best_640x640_fp32_YOLO11.onnx","Custom-only","Build-or-runtime-review","10605421",,"617A12BF6EF8F3BABC1CE042B81E0D7989E02BBABF8981151F36E027089C8FEE",
"scratch/build-archive-20260907-191132/x64/Debug/net8.0-windows10.0.19041.0/bin/models/Slot2/best_640x640_fp32_YOLO26.onnx","Custom-only","Build-or-runtime-review","9805995",,"31A373D7A57C724A0156FC482A4EDBFB6D874F139299734A8FB21519FD667C0D",
"scratch/build-archive-20260907-191132/x64/Debug/net8.0-windows10.0.19041.0/bin/models/Slot2/best_dynamic_fp32_YOLO11.onnx","Custom-only","Build-or-runtime-review","11135982",,"CF78D232FCD55CD42DBF9D3A34D20301189345A18488624BADDB7E854F4F94EB",
"scratch/build-archive-20260907-191132/x64/Debug/net8.0-windows10.0.19041.0/bin/models/Slot2/best_dynamic_fp32_YOLO26.onnx","Custom-only","Build-or-runtime-review","10355219",,"EA8BBB1EE5693C88BD49FBA8E05AD22835C1F45D7AC5FB6AEDDAAA6923E3F0FB",
"scratch/build-archive-20260907-191132/x64/Debug/net8.0-windows10.0.19041.0/bin/priority_aiming.cfg","Custom-only","Build-or-runtime-review","152",,"AA35BD20E6FE6C23BB0AE61BDF61B2D9855E63B68E8799B2E6B9BA144126FBBE",
"scratch/build-archive-20260907-191132/x64/Debug/net8.0-windows10.0.19041.0/bin/scope_models/Scope_v6_opset11.onnx","Custom-only","Build-or-runtime-review","4974027",,"DDCAF1337A784D5EB7E73135E51D860BE61F7FC38B70168F42122B3B686519F4",
"scratch/build-archive-20260907-191132/x64/Debug/net8.0-windows10.0.19041.0/bin/scope_models/Scope_v6_opset12.onnx","Custom-only","Build-or-runtime-review","4974027",,"69E30CF568F2913CBBFE327DB6F6C97760951D8FB5380C26AA21641083BE8D62",
"scratch/build-archive-20260907-191132/x64/Debug/net8.0-windows10.0.19041.0/bin/scope_models/Scope_v6_opset13.onnx","Custom-only","Build-or-runtime-review","4974285",,"FE27B6E21890665CF62F55D0EAB61498268CCF7DC8F36420356059D74E0181C5",
"scratch/build-archive-20260907-191132/x64/Debug/net8.0-windows10.0.19041.0/bin/scope_models/Scope_v6_opset14.onnx","Custom-only","Build-or-runtime-review","4974501",,"79356E5C763D465467D08B7C62AD8FD361ADF1813CD114981CDC1A88D9AF4922",
"scratch/build-archive-20260907-191132/x64/Debug/net8.0-windows10.0.19041.0/bin/scope_models/Scope_v6_opset15.onnx","Custom-only","Build-or-runtime-review","4974501",,"9F7762B8DC086764448BB9B71FE28D341DED689206FC7DA78DDE8B1F872D5E3F",
"scratch/build-archive-20260907-191132/x64/Debug/net8.0-windows10.0.19041.0/bin/scope_models/Scope_v6_opset16.onnx","Custom-only","Build-or-runtime-review","4974501",,"77368E0EDD67833788DBE8A0167F1CC46B65D400262EEDA6B107B0852223E13E",
"scratch/build-archive-20260907-191132/x64/Debug/net8.0-windows10.0.19041.0/bin/scope_models/Scope_v6_opset17.onnx","Custom-only","Build-or-runtime-review","4974501",,"C7BB164612864889DD3D59A3182E4878CF9B91558B16C86766C7A8A91455581A",
"scratch/build-archive-20260907-191132/x64/Debug/net8.0-windows10.0.19041.0/bin/scope_models/Scope_v6_opset18.onnx","Custom-only","Build-or-runtime-review","4974512",,"56B8234F83E77A1E0CB8A94FC432F5C76E438E40D7F3C6BFA0A69EBFD6F2B0C5",
"scratch/build-archive-20260907-191132/x64/Debug/net8.0-windows10.0.19041.0/bin/scope_models/Scope_v6_opset19.onnx","Custom-only","Build-or-runtime-review","4974512",,"64552F7638BA4DF97DF08626AB54C45653CFD7BCF7EB83779A0868F0B308C400",
"scratch/build-archive-20260907-191132/x64/Debug/net8.0-windows10.0.19041.0/bin/scope_models/Scope_v6_opset20.onnx","Custom-only","Build-or-runtime-review","4974512",,"D4BB5F7F4FF1E5265C5975E4637E0EBD5296C2470E2EA84CBAF4A0F0541422E6",
"scratch/build-archive-20260907-191132/x64/Debug/net8.0-windows10.0.19041.0/bin/scope_models/Scope_v6_opset21.onnx","Custom-only","Build-or-runtime-review","4974512",,"BB40BBB82D79D1B37CC0D81DCDEAD42CA53A486D26A33F0B635A64AB63F48D4A",
"scratch/build-archive-20260907-191132/x64/Debug/net8.0-windows10.0.19041.0/bin/scope_models/Scope_v6_opset22.onnx","Custom-only","Build-or-runtime-review","4974512",,"218E8D0BE0996F7134D30EA26B7F3129D00362930C341D61EB7DF5BE96074392",
"scratch/build-archive-20260907-191132/x64/Debug/net8.0-windows10.0.19041.0/bin/scope_models/SCOPEv1.onnx","Custom-only","Build-or-runtime-review","12270366",,"DA0FCF46417C676A59ADCB40AA17027DF5468A3730CE8BB761FD780DE72BB052",
"scratch/build-archive-20260907-191132/x64/Debug/net8.0-windows10.0.19041.0/bin/scope_models/SCOPEV2.onnx","Custom-only","Build-or-runtime-review","10609179",,"54B6A07D5DEFAB632EA2F321D7531055A4B6699C6C5E997DCDFAC6E2D6DA4B07",
"scratch/build-archive-20260907-191132/x64/Debug/net8.0-windows10.0.19041.0/bin/scope_models/SCOPEv3.onnx","Custom-only","Build-or-runtime-review","10609179",,"0E5F1AEEEAD969AFB4B5A8BA5FF0D3CB25421A5F8C08620BD415014488B0D94C",
"scratch/build-archive-20260907-191132/x64/Debug/net8.0-windows10.0.19041.0/bin/scope_models/SCOPEv4.onnx","Custom-only","Build-or-runtime-review","9809377",,"A8AEA877C2D1FB2390FA82AA9FC1CEAC6CC9FCFB0FB2D05B55F8177FF1ED9B55",
"scratch/build-archive-20260907-191132/x64/Debug/net8.0-windows10.0.19041.0/bin/scope_models/SCOPEv5.onnx","Custom-only","Build-or-runtime-review","37937028",,"59120E5DE53C9967DA667A61B2AF8A27510ADB71B5140EFDC6D8FFEEBF48F7B3",
"scratch/build-archive-20260907-191132/x64/Debug/net8.0-windows10.0.19041.0/bin/toggles.cfg","Custom-only","Build-or-runtime-review","1097",,"B30C142273EA17A8752286645C2F08AB19F073839786E5D223D4D2FA11081A1F",
"scratch/build-archive-20260907-191132/x64/Debug/net8.0-windows10.0.19041.0/bin/window.cfg","Custom-only","Build-or-runtime-review","54",,"A5A0A306742C3E0D4D9A9F8E02A641C7793278896894D67D6F2821A138E4BA0B",
"scratch/build-archive-20260907-191132/x64/Debug/net8.0-windows10.0.19041.0/CouldBeAimmyV2.deps.json","Custom-only","Build-or-runtime-review","18534",,"3684573E93ED28C274E018D1426619AAA62ABCA475971F372063970E6AE03E27",
"scratch/build-archive-20260907-191132/x64/Debug/net8.0-windows10.0.19041.0/CouldBeAimmyV2.dll","Custom-only","Build-or-runtime-review","14685184",,"77C9F64EE2D6930956BDD6C8BBA43F06B817CD94B3B2FEB00CF32F5A22FDB5A3",
"scratch/build-archive-20260907-191132/x64/Debug/net8.0-windows10.0.19041.0/CouldBeAimmyV2.exe","Custom-only","Build-or-runtime-review","186368",,"9B47D351D30FC1BE3E5159E8CE6851E5C77FFCD87097C8F84BBF3536393AF75A",
"scratch/build-archive-20260907-191132/x64/Debug/net8.0-windows10.0.19041.0/CouldBeAimmyV2.runtimeconfig.json","Custom-only","Build-or-runtime-review","357",,"A6A31E881A564CE497254B0CC044C32ADE3CF5F02C6501E43C8425E8698B2C00",
"scratch/build-archive-20260907-191132/x64/Debug/net8.0-windows10.0.19041.0/DirectML.dll","Custom-only","Build-or-runtime-review","18527776",,"9C9E6D822561C6C41B90E6994B3E8857CF1D66DBFB1E0C4C799C7C89B4E92DA1",
"scratch/build-archive-20260907-191132/x64/Debug/net8.0-windows10.0.19041.0/DirectML.pdb","Custom-only","Build-or-runtime-review","8622080",,"24B67D1EE649D1E36FDD4BD8A25EC74B890C3B859AFAD89E0D4E1B7E51CD8D16",
"scratch/build-archive-20260907-191132/x64/Debug/net8.0-windows10.0.19041.0/icon/target.ico","Custom-only","Build-or-runtime-review","34714",,"252F3C4D54C091988E6516D97B61FA475EDAFB782C4BBEEEFC2479E49572133D",
"scratch/build-archive-20260907-191132/x64/Debug/net8.0-windows10.0.19041.0/logs/capture-error.txt","Custom-only","Build-or-runtime-review","1108",,"1CB7E6032C5B8FC6789D40CB2B76935CBA14EC11AC824AED5CF8D4E48F40D82A",
"scratch/build-archive-20260907-191132/x64/Debug/net8.0-windows10.0.19041.0/loot/._cache_Loot.exe","Custom-only","Build-or-runtime-review","918016",,"043BC763D54ACDD8EC91246AE99B8310E0146BD577F98C7A26820980B45702A5",
"scratch/build-archive-20260907-191132/x64/Debug/net8.0-windows10.0.19041.0/loot/config.ini","Custom-only","Build-or-runtime-review","560",,"8E7E8B92E1E2ED7DA53F934A76F2FE677955D50856268D9B9E7681E9F1486FE9",
"scratch/build-archive-20260907-191132/x64/Debug/net8.0-windows10.0.19041.0/loot/laytoado.ahk","Custom-only","Build-or-runtime-review","8743",,"BDCDFD4488A8F2230CE762FEAD84944DDA2FFA8884B7F611906C34202C25185D",
"scratch/build-archive-20260907-191132/x64/Debug/net8.0-windows10.0.19041.0/loot/laytoado.exe","Custom-only","Build-or-runtime-review","1735168",,"1D8E14199A2E36B37577ED4BC930D725C9619EBDD04E6AF1A4D72B09F88E1225",
"scratch/build-archive-20260907-191132/x64/Debug/net8.0-windows10.0.19041.0/loot/Loot.ahk","Custom-only","Build-or-runtime-review","3713",,"20CEED5BBC8EE88E7199AACEF994838319961B349E2A80FF37B2148B77485C2E",
"scratch/build-archive-20260907-191132/x64/Debug/net8.0-windows10.0.19041.0/loot/Loot.exe","Custom-only","Build-or-runtime-review","1694208",,"E172794AD7559292C6DB988576C63C58AAB4DABA51E64C7FEF274D683360E215",
"scratch/build-archive-20260907-191132/x64/Debug/net8.0-windows10.0.19041.0/onnxruntime_providers_shared.dll","Custom-only","Build-or-runtime-review","22040",,"265C8DAF29637CB259CAC8BE9F08F2CD45F3883F0F0E4949CBFDDD5B4CBEC3B6",
"scratch/build-archive-20260907-191132/x64/Debug/net8.0-windows10.0.19041.0/onnxruntime.dll","Custom-only","Build-or-runtime-review","17328152",,"E7EEDEC6A6F26DC39DC948276A75EF6D2BEE3FFF944D874CEED0BBD3B97BFF40",
"scratch/build-archive-20260907-191132/x64/Debug/net8.0-windows10.0.19041.0/runtimes/browser/lib/net8.0/System.Text.Encodings.Web.dll","Custom-only","Build-or-runtime-review","70952",,"108C563B14FAEAF065EED875779AE768AE14A2884B023B700A6EA9D8B8486B49",
"scratch/build-archive-20260907-191132/x64/Debug/net8.0-windows10.0.19041.0/runtimes/win-arm64/native/onnxruntime_providers_shared.dll","Custom-only","Build-or-runtime-review","21528",,"3923290B6FC5DCD754B4D533463A9B8B46DA0889D3991EF4F9B9AFA17929E3E2",
"scratch/build-archive-20260907-191132/x64/Debug/net8.0-windows10.0.19041.0/runtimes/win-arm64/native/onnxruntime.dll","Custom-only","Build-or-runtime-review","17546784",,"939FA0BE435D253EADD9E394EE94AD6B6AC1878C83B64118BB4BDA669EB0E28C",
"scratch/build-archive-20260907-191132/x64/Debug/net8.0-windows10.0.19041.0/runtimes/win-arm64/native/onnxruntime.lib","Custom-only","Build-or-runtime-review","2834",,"4B48F294224CDFE09EF77A6E1F5582BDA16A4ADBA047C1B073F752FCE83AE40C",
"scratch/build-archive-20260907-191132/x64/Debug/net8.0-windows10.0.19041.0/runtimes/win-x64/native/onnxruntime_providers_shared.dll","Custom-only","Build-or-runtime-review","22040",,"265C8DAF29637CB259CAC8BE9F08F2CD45F3883F0F0E4949CBFDDD5B4CBEC3B6",
"scratch/build-archive-20260907-191132/x64/Debug/net8.0-windows10.0.19041.0/runtimes/win-x64/native/onnxruntime.dll","Custom-only","Build-or-runtime-review","17328152",,"E7EEDEC6A6F26DC39DC948276A75EF6D2BEE3FFF944D874CEED0BBD3B97BFF40",
"scratch/build-archive-20260907-191132/x64/Debug/net8.0-windows10.0.19041.0/runtimes/win-x64/native/onnxruntime.lib","Custom-only","Build-or-runtime-review","2834",,"281D55C95107AD75AC060569C005031BAF1BB7FE1011BDC07A6BEF1DEE8792B5",
"scratch/build-archive-20260907-191132/x64/Debug/net8.0-windows10.0.19041.0/runtimes/win-x64/native/TensorRT-C-API.dll","Custom-only","Build-or-runtime-review","473088",,"06C4CE8C93832A8AA9F39B6574CA7D72DAEFFF525C67641917E1F271356975A4",
"scratch/build-archive-20260907-191132/x64/Debug/net8.0-windows10.0.19041.0/runtimes/win/lib/net8.0/System.Management.dll","Custom-only","Build-or-runtime-review","313168",,"2EE0EDFC6E733EB3427CFFDA28CC8709C69BC9E8F498CEAA101A9A268D9FD46B",
"scratch/build-archive-20260907-191132/x64/Debug/wgc-validated/bin/binding.cfg","Custom-only","Build-or-runtime-review","725",,"348DEC462DE32AC19BAB75E2251DF28FB10D840E50D8FF8A31E3677AAF791FCE",
"scratch/build-archive-20260907-191132/x64/Debug/wgc-validated/bin/colors.cfg","Custom-only","Build-or-runtime-review","319",,"90A95D517F70682C2ED84AFA6A7E1B9BFDA1E682AB9735A566D3251BD8B5C7B3",
"scratch/build-archive-20260907-191132/x64/Debug/wgc-validated/bin/configs/Default.cfg","Custom-only","Build-or-runtime-review","5316",,"AAB39356822E650844B34E5650039132178AA23E8951F428BD5856A6F7452D27",
"scratch/build-archive-20260907-191132/x64/Debug/wgc-validated/bin/configs/Default.cfg.before-wgc-fix.bak","Custom-only","Build-or-runtime-review","3295",,"49158C88278029D8F555B9F121D792E71EB7C8CA8A4F55B9183836B73715D36D",
"scratch/build-archive-20260907-191132/x64/Debug/wgc-validated/bin/dropdown.cfg","Custom-only","Build-or-runtime-review","5316",,"786E4A2CBA5E81C2F93CD2DEA88ACE8DF2193A76937EAAE15C65A654BD8025BA",
"scratch/build-archive-20260907-191132/x64/Debug/wgc-validated/bin/dropdown.cfg.before-wgc-fix.bak","Custom-only","Build-or-runtime-review","3292",,"346F35CA4D681D2068E7911E08970D893547F8E0187FD804026D81AE82E4CE6E",
"scratch/build-archive-20260907-191132/x64/Debug/wgc-validated/bin/filelocations.cfg","Custom-only","Build-or-runtime-review","104",,"86AE5C4C67F368DA284B4DFA45B4BE32F4FC0FB528997A927EB09BF6A2CB24B9",
"scratch/build-archive-20260907-191132/x64/Debug/wgc-validated/bin/labels/labels.txt","Custom-only","Build-or-runtime-review","5",,"0021D5FE20A08754DD965D947E4830740633AA94B4555D03067AAA6A3E6E1214",
"scratch/build-archive-20260907-191132/x64/Debug/wgc-validated/bin/minimize.cfg","Custom-only","Build-or-runtime-review","511",,"7E725093A0191B0BF1491E8C854F1C08BDF3EF08ECF4F6D459566F3932A4E2C2",
"scratch/build-archive-20260907-191132/x64/Debug/wgc-validated/bin/models.cfg","Custom-only","Build-or-runtime-review","131",,"6FB1CD0F0F6FC99718E6D100FE3C4902665D6B8AED9909B336933B6E49B90238",
"scratch/build-archive-20260907-191132/x64/Debug/wgc-validated/bin/models/Slot1/best_160x160_fp32_YOLO11.onnx","Custom-only","Build-or-runtime-review","10447736",,"7953C0BB27AF9EF389DEBAF89414053E8BA210DEA1D92BE0C499608553C05281",
"scratch/build-archive-20260907-191132/x64/Debug/wgc-validated/bin/models/Slot1/best_160x160_fp32_YOLO26.onnx","Custom-only","Build-or-runtime-review","9648246",,"46651013D0C4C2707770FA5AD0A199DB2DEF3E0C5C991A247FCCB4D32061116C",
"scratch/build-archive-20260907-191132/x64/Debug/wgc-validated/bin/models/Slot1/best_256x256_fp32_YOLO11.onnx","Custom-only","Build-or-runtime-review","10464132",,"6750465A1C68A4490B439C9D7D0BEFBDB9BEFAB04150C81E674861805EDE2385",
"scratch/build-archive-20260907-191132/x64/Debug/wgc-validated/bin/models/Slot1/best_256x256_fp32_YOLO26.onnx","Custom-only","Build-or-runtime-review","9664642",,"E48C46A491693812B4E75F58AB69CF5EAD9642D1C888A33FCE3602EA299C5B1E",
"scratch/build-archive-20260907-191132/x64/Debug/wgc-validated/bin/models/Slot1/best_320x320_fp32_YOLO11.onnx","Custom-only","Build-or-runtime-review","10479313",,"3E1D542530452056C3FCA4C665907237F0463A59DC9036C89926C19719D11B6E",
"scratch/build-archive-20260907-191132/x64/Debug/wgc-validated/bin/models/Slot1/best_320x320_fp32_YOLO26.onnx","Custom-only","Build-or-runtime-review","9679861",,"4709EB552C7164265CAE5768CC2666349540464B97239ACC93331E10E26334AB",
"scratch/build-archive-20260907-191132/x64/Debug/wgc-validated/bin/models/Slot1/best_416x416_fp32_YOLO11.onnx","Custom-only","Build-or-runtime-review","10508323",,"A550280BDAD9D9135918DF9337303A94C64B230CB8E57DA278AB3301A36285EE",
"scratch/build-archive-20260907-191132/x64/Debug/wgc-validated/bin/models/Slot1/best_416x416_fp32_YOLO26.onnx","Custom-only","Build-or-runtime-review","9708897",,"6785F172775D0EED25F81A27A8E84B81F3FE2D841ED0A0EAEBF7194D2ACDFDDF",
"scratch/build-archive-20260907-191132/x64/Debug/wgc-validated/bin/models/Slot1/best_512x512_fp32_YOLO11.onnx","Custom-only","Build-or-runtime-review","10544941",,"816B9C33E6110F7DC40E8BB59B3AFD2F5CA7D2B4A34B19658B9C6FA8750155B1",
"scratch/build-archive-20260907-191132/x64/Debug/wgc-validated/bin/models/Slot1/best_512x512_fp32_YOLO26.onnx","Custom-only","Build-or-runtime-review","9745515",,"01D89882C20386741E5713DAD43906300D441AE0FFE4A0B9B646E76D077829B3",
"scratch/build-archive-20260907-191132/x64/Debug/wgc-validated/bin/models/Slot1/best_640x640_fp32_YOLO11.onnx","Custom-only","Build-or-runtime-review","10605421",,"617A12BF6EF8F3BABC1CE042B81E0D7989E02BBABF8981151F36E027089C8FEE",
"scratch/build-archive-20260907-191132/x64/Debug/wgc-validated/bin/models/Slot1/best_640x640_fp32_YOLO26.onnx","Custom-only","Build-or-runtime-review","9805995",,"31A373D7A57C724A0156FC482A4EDBFB6D874F139299734A8FB21519FD667C0D",
"scratch/build-archive-20260907-191132/x64/Debug/wgc-validated/bin/models/Slot1/best_dynamic_fp32_YOLO11.onnx","Custom-only","Build-or-runtime-review","11135982",,"CF78D232FCD55CD42DBF9D3A34D20301189345A18488624BADDB7E854F4F94EB",
"scratch/build-archive-20260907-191132/x64/Debug/wgc-validated/bin/models/Slot1/best_dynamic_fp32_YOLO26.onnx","Custom-only","Build-or-runtime-review","10355219",,"EA8BBB1EE5693C88BD49FBA8E05AD22835C1F45D7AC5FB6AEDDAAA6923E3F0FB",
"scratch/build-archive-20260907-191132/x64/Debug/wgc-validated/bin/models/Slot2/best_160x160_fp32_YOLO11.onnx","Custom-only","Build-or-runtime-review","10447736",,"7953C0BB27AF9EF389DEBAF89414053E8BA210DEA1D92BE0C499608553C05281",
"scratch/build-archive-20260907-191132/x64/Debug/wgc-validated/bin/models/Slot2/best_160x160_fp32_YOLO26.onnx","Custom-only","Build-or-runtime-review","9648246",,"46651013D0C4C2707770FA5AD0A199DB2DEF3E0C5C991A247FCCB4D32061116C",
"scratch/build-archive-20260907-191132/x64/Debug/wgc-validated/bin/models/Slot2/best_256x256_fp32_YOLO11.onnx","Custom-only","Build-or-runtime-review","10464132",,"6750465A1C68A4490B439C9D7D0BEFBDB9BEFAB04150C81E674861805EDE2385",
"scratch/build-archive-20260907-191132/x64/Debug/wgc-validated/bin/models/Slot2/best_256x256_fp32_YOLO26.onnx","Custom-only","Build-or-runtime-review","9664642",,"E48C46A491693812B4E75F58AB69CF5EAD9642D1C888A33FCE3602EA299C5B1E",
"scratch/build-archive-20260907-191132/x64/Debug/wgc-validated/bin/models/Slot2/best_320x320_fp32_YOLO11.onnx","Custom-only","Build-or-runtime-review","10479313",,"3E1D542530452056C3FCA4C665907237F0463A59DC9036C89926C19719D11B6E",
"scratch/build-archive-20260907-191132/x64/Debug/wgc-validated/bin/models/Slot2/best_320x320_fp32_YOLO26.onnx","Custom-only","Build-or-runtime-review","9679861",,"4709EB552C7164265CAE5768CC2666349540464B97239ACC93331E10E26334AB",
"scratch/build-archive-20260907-191132/x64/Debug/wgc-validated/bin/models/Slot2/best_416x416_fp32_YOLO11.onnx","Custom-only","Build-or-runtime-review","10508323",,"A550280BDAD9D9135918DF9337303A94C64B230CB8E57DA278AB3301A36285EE",
"scratch/build-archive-20260907-191132/x64/Debug/wgc-validated/bin/models/Slot2/best_416x416_fp32_YOLO26.onnx","Custom-only","Build-or-runtime-review","9708897",,"6785F172775D0EED25F81A27A8E84B81F3FE2D841ED0A0EAEBF7194D2ACDFDDF",
"scratch/build-archive-20260907-191132/x64/Debug/wgc-validated/bin/models/Slot2/best_512x512_fp32_YOLO11.onnx","Custom-only","Build-or-runtime-review","10544941",,"816B9C33E6110F7DC40E8BB59B3AFD2F5CA7D2B4A34B19658B9C6FA8750155B1",
"scratch/build-archive-20260907-191132/x64/Debug/wgc-validated/bin/models/Slot2/best_512x512_fp32_YOLO26.onnx","Custom-only","Build-or-runtime-review","9745515",,"01D89882C20386741E5713DAD43906300D441AE0FFE4A0B9B646E76D077829B3",
"scratch/build-archive-20260907-191132/x64/Debug/wgc-validated/bin/models/Slot2/best_640x640_fp32_YOLO11.onnx","Custom-only","Build-or-runtime-review","10605421",,"617A12BF6EF8F3BABC1CE042B81E0D7989E02BBABF8981151F36E027089C8FEE",
"scratch/build-archive-20260907-191132/x64/Debug/wgc-validated/bin/models/Slot2/best_640x640_fp32_YOLO26.onnx","Custom-only","Build-or-runtime-review","9805995",,"31A373D7A57C724A0156FC482A4EDBFB6D874F139299734A8FB21519FD667C0D",
"scratch/build-archive-20260907-191132/x64/Debug/wgc-validated/bin/models/Slot2/best_dynamic_fp32_YOLO11.onnx","Custom-only","Build-or-runtime-review","11135982",,"CF78D232FCD55CD42DBF9D3A34D20301189345A18488624BADDB7E854F4F94EB",
"scratch/build-archive-20260907-191132/x64/Debug/wgc-validated/bin/models/Slot2/best_dynamic_fp32_YOLO26.onnx","Custom-only","Build-or-runtime-review","10355219",,"EA8BBB1EE5693C88BD49FBA8E05AD22835C1F45D7AC5FB6AEDDAAA6923E3F0FB",
"scratch/build-archive-20260907-191132/x64/Debug/wgc-validated/bin/priority_aiming.cfg","Custom-only","Build-or-runtime-review","152",,"AA35BD20E6FE6C23BB0AE61BDF61B2D9855E63B68E8799B2E6B9BA144126FBBE",
"scratch/build-archive-20260907-191132/x64/Debug/wgc-validated/bin/scope_models/Scope_v6_opset11.onnx","Custom-only","Build-or-runtime-review","4974027",,"DDCAF1337A784D5EB7E73135E51D860BE61F7FC38B70168F42122B3B686519F4",
"scratch/build-archive-20260907-191132/x64/Debug/wgc-validated/bin/scope_models/Scope_v6_opset12.onnx","Custom-only","Build-or-runtime-review","4974027",,"69E30CF568F2913CBBFE327DB6F6C97760951D8FB5380C26AA21641083BE8D62",
"scratch/build-archive-20260907-191132/x64/Debug/wgc-validated/bin/scope_models/Scope_v6_opset13.onnx","Custom-only","Build-or-runtime-review","4974285",,"FE27B6E21890665CF62F55D0EAB61498268CCF7DC8F36420356059D74E0181C5",
"scratch/build-archive-20260907-191132/x64/Debug/wgc-validated/bin/scope_models/Scope_v6_opset14.onnx","Custom-only","Build-or-runtime-review","4974501",,"79356E5C763D465467D08B7C62AD8FD361ADF1813CD114981CDC1A88D9AF4922",
"scratch/build-archive-20260907-191132/x64/Debug/wgc-validated/bin/scope_models/Scope_v6_opset15.onnx","Custom-only","Build-or-runtime-review","4974501",,"9F7762B8DC086764448BB9B71FE28D341DED689206FC7DA78DDE8B1F872D5E3F",
"scratch/build-archive-20260907-191132/x64/Debug/wgc-validated/bin/scope_models/Scope_v6_opset16.onnx","Custom-only","Build-or-runtime-review","4974501",,"77368E0EDD67833788DBE8A0167F1CC46B65D400262EEDA6B107B0852223E13E",
"scratch/build-archive-20260907-191132/x64/Debug/wgc-validated/bin/scope_models/Scope_v6_opset17.onnx","Custom-only","Build-or-runtime-review","4974501",,"C7BB164612864889DD3D59A3182E4878CF9B91558B16C86766C7A8A91455581A",
"scratch/build-archive-20260907-191132/x64/Debug/wgc-validated/bin/scope_models/Scope_v6_opset18.onnx","Custom-only","Build-or-runtime-review","4974512",,"56B8234F83E77A1E0CB8A94FC432F5C76E438E40D7F3C6BFA0A69EBFD6F2B0C5",
"scratch/build-archive-20260907-191132/x64/Debug/wgc-validated/bin/scope_models/Scope_v6_opset19.onnx","Custom-only","Build-or-runtime-review","4974512",,"64552F7638BA4DF97DF08626AB54C45653CFD7BCF7EB83779A0868F0B308C400",
"scratch/build-archive-20260907-191132/x64/Debug/wgc-validated/bin/scope_models/Scope_v6_opset20.onnx","Custom-only","Build-or-runtime-review","4974512",,"D4BB5F7F4FF1E5265C5975E4637E0EBD5296C2470E2EA84CBAF4A0F0541422E6",
"scratch/build-archive-20260907-191132/x64/Debug/wgc-validated/bin/scope_models/Scope_v6_opset21.onnx","Custom-only","Build-or-runtime-review","4974512",,"BB40BBB82D79D1B37CC0D81DCDEAD42CA53A486D26A33F0B635A64AB63F48D4A",
"scratch/build-archive-20260907-191132/x64/Debug/wgc-validated/bin/scope_models/Scope_v6_opset22.onnx","Custom-only","Build-or-runtime-review","4974512",,"218E8D0BE0996F7134D30EA26B7F3129D00362930C341D61EB7DF5BE96074392",
"scratch/build-archive-20260907-191132/x64/Debug/wgc-validated/bin/scope_models/SCOPEv1.onnx","Custom-only","Build-or-runtime-review","12270366",,"DA0FCF46417C676A59ADCB40AA17027DF5468A3730CE8BB761FD780DE72BB052",
"scratch/build-archive-20260907-191132/x64/Debug/wgc-validated/bin/scope_models/SCOPEV2.onnx","Custom-only","Build-or-runtime-review","10609179",,"54B6A07D5DEFAB632EA2F321D7531055A4B6699C6C5E997DCDFAC6E2D6DA4B07",
"scratch/build-archive-20260907-191132/x64/Debug/wgc-validated/bin/scope_models/SCOPEv3.onnx","Custom-only","Build-or-runtime-review","10609179",,"0E5F1AEEEAD969AFB4B5A8BA5FF0D3CB25421A5F8C08620BD415014488B0D94C",
"scratch/build-archive-20260907-191132/x64/Debug/wgc-validated/bin/scope_models/SCOPEv4.onnx","Custom-only","Build-or-runtime-review","9809377",,"A8AEA877C2D1FB2390FA82AA9FC1CEAC6CC9FCFB0FB2D05B55F8177FF1ED9B55",
"scratch/build-archive-20260907-191132/x64/Debug/wgc-validated/bin/scope_models/SCOPEv5.onnx","Custom-only","Build-or-runtime-review","37937028",,"59120E5DE53C9967DA667A61B2AF8A27510ADB71B5140EFDC6D8FFEEBF48F7B3",
"scratch/build-archive-20260907-191132/x64/Debug/wgc-validated/bin/toggles.cfg","Custom-only","Build-or-runtime-review","1100",,"BDDE7B33AA6ABB07CB09A4DDDFA607624B202E71435E0DFCE3B2C96C5F1F5008",
"scratch/build-archive-20260907-191132/x64/Debug/wgc-validated/CouldBeAimmyV2.deps.json","Custom-only","Build-or-runtime-review","18534",,"3684573E93ED28C274E018D1426619AAA62ABCA475971F372063970E6AE03E27",
"scratch/build-archive-20260907-191132/x64/Debug/wgc-validated/CouldBeAimmyV2.dll","Custom-only","Build-or-runtime-review","14685184",,"77C9F64EE2D6930956BDD6C8BBA43F06B817CD94B3B2FEB00CF32F5A22FDB5A3",
"scratch/build-archive-20260907-191132/x64/Debug/wgc-validated/CouldBeAimmyV2.exe","Custom-only","Build-or-runtime-review","186368",,"9B47D351D30FC1BE3E5159E8CE6851E5C77FFCD87097C8F84BBF3536393AF75A",
"scratch/build-archive-20260907-191132/x64/Debug/wgc-validated/CouldBeAimmyV2.runtimeconfig.json","Custom-only","Build-or-runtime-review","357",,"A6A31E881A564CE497254B0CC044C32ADE3CF5F02C6501E43C8425E8698B2C00",
"scratch/build-archive-20260907-191132/x64/Debug/wgc-validated/DirectML.dll","Custom-only","Build-or-runtime-review","18527776",,"9C9E6D822561C6C41B90E6994B3E8857CF1D66DBFB1E0C4C799C7C89B4E92DA1",
"scratch/build-archive-20260907-191132/x64/Debug/wgc-validated/DirectML.pdb","Custom-only","Build-or-runtime-review","8622080",,"24B67D1EE649D1E36FDD4BD8A25EC74B890C3B859AFAD89E0D4E1B7E51CD8D16",
"scratch/build-archive-20260907-191132/x64/Debug/wgc-validated/icon/target.ico","Custom-only","Build-or-runtime-review","34714",,"252F3C4D54C091988E6516D97B61FA475EDAFB782C4BBEEEFC2479E49572133D",
"scratch/build-archive-20260907-191132/x64/Debug/wgc-validated/loot/._cache_Loot.exe","Custom-only","Build-or-runtime-review","918016",,"043BC763D54ACDD8EC91246AE99B8310E0146BD577F98C7A26820980B45702A5",
"scratch/build-archive-20260907-191132/x64/Debug/wgc-validated/loot/config.ini","Custom-only","Build-or-runtime-review","560",,"8E7E8B92E1E2ED7DA53F934A76F2FE677955D50856268D9B9E7681E9F1486FE9",
"scratch/build-archive-20260907-191132/x64/Debug/wgc-validated/loot/laytoado.ahk","Custom-only","Build-or-runtime-review","8743",,"BDCDFD4488A8F2230CE762FEAD84944DDA2FFA8884B7F611906C34202C25185D",
"scratch/build-archive-20260907-191132/x64/Debug/wgc-validated/loot/laytoado.exe","Custom-only","Build-or-runtime-review","1735168",,"1D8E14199A2E36B37577ED4BC930D725C9619EBDD04E6AF1A4D72B09F88E1225",
"scratch/build-archive-20260907-191132/x64/Debug/wgc-validated/loot/Loot.ahk","Custom-only","Build-or-runtime-review","3713",,"20CEED5BBC8EE88E7199AACEF994838319961B349E2A80FF37B2148B77485C2E",
"scratch/build-archive-20260907-191132/x64/Debug/wgc-validated/loot/Loot.exe","Custom-only","Build-or-runtime-review","1694208",,"E172794AD7559292C6DB988576C63C58AAB4DABA51E64C7FEF274D683360E215",
"scratch/build-archive-20260907-191132/x64/Debug/wgc-validated/onnxruntime_providers_shared.dll","Custom-only","Build-or-runtime-review","22040",,"265C8DAF29637CB259CAC8BE9F08F2CD45F3883F0F0E4949CBFDDD5B4CBEC3B6",
"scratch/build-archive-20260907-191132/x64/Debug/wgc-validated/onnxruntime.dll","Custom-only","Build-or-runtime-review","17328152",,"E7EEDEC6A6F26DC39DC948276A75EF6D2BEE3FFF944D874CEED0BBD3B97BFF40",
"scratch/build-archive-20260907-191132/x64/Debug/wgc-validated/runtimes/browser/lib/net8.0/System.Text.Encodings.Web.dll","Custom-only","Build-or-runtime-review","70952",,"108C563B14FAEAF065EED875779AE768AE14A2884B023B700A6EA9D8B8486B49",
"scratch/build-archive-20260907-191132/x64/Debug/wgc-validated/runtimes/win-arm64/native/onnxruntime_providers_shared.dll","Custom-only","Build-or-runtime-review","21528",,"3923290B6FC5DCD754B4D533463A9B8B46DA0889D3991EF4F9B9AFA17929E3E2",
"scratch/build-archive-20260907-191132/x64/Debug/wgc-validated/runtimes/win-arm64/native/onnxruntime.dll","Custom-only","Build-or-runtime-review","17546784",,"939FA0BE435D253EADD9E394EE94AD6B6AC1878C83B64118BB4BDA669EB0E28C",
"scratch/build-archive-20260907-191132/x64/Debug/wgc-validated/runtimes/win-arm64/native/onnxruntime.lib","Custom-only","Build-or-runtime-review","2834",,"4B48F294224CDFE09EF77A6E1F5582BDA16A4ADBA047C1B073F752FCE83AE40C",
"scratch/build-archive-20260907-191132/x64/Debug/wgc-validated/runtimes/win-x64/native/onnxruntime_providers_shared.dll","Custom-only","Build-or-runtime-review","22040",,"265C8DAF29637CB259CAC8BE9F08F2CD45F3883F0F0E4949CBFDDD5B4CBEC3B6",
"scratch/build-archive-20260907-191132/x64/Debug/wgc-validated/runtimes/win-x64/native/onnxruntime.dll","Custom-only","Build-or-runtime-review","17328152",,"E7EEDEC6A6F26DC39DC948276A75EF6D2BEE3FFF944D874CEED0BBD3B97BFF40",
"scratch/build-archive-20260907-191132/x64/Debug/wgc-validated/runtimes/win-x64/native/onnxruntime.lib","Custom-only","Build-or-runtime-review","2834",,"281D55C95107AD75AC060569C005031BAF1BB7FE1011BDC07A6BEF1DEE8792B5",
"scratch/build-archive-20260907-191132/x64/Debug/wgc-validated/runtimes/win-x64/native/TensorRT-C-API.dll","Custom-only","Build-or-runtime-review","473088",,"06C4CE8C93832A8AA9F39B6574CA7D72DAEFFF525C67641917E1F271356975A4",
"scratch/build-archive-20260907-191132/x64/Debug/wgc-validated/runtimes/win/lib/net8.0/System.Management.dll","Custom-only","Build-or-runtime-review","313168",,"2EE0EDFC6E733EB3427CFFDA28CC8709C69BC9E8F498CEAA101A9A268D9FD46B",
"scratch/build.log","Custom-only","Test-debug-tool","141674",,"4E48ABBC82DB96079DF5DE3990646962C23980D302E7B9DB98CC7EED08F16860",
"scratch/config-backup-20260907-125959/binding.cfg","Custom-only","Model-or-config","664",,"1E2AE0B2B66216314798EDCF4971BE0FCBA500D843056E40743653CAC33FC800",
"scratch/config-backup-20260907-125959/colors.cfg","Custom-only","Model-or-config","319",,"68BAA8DA7F56FB562562D753CA00C6C9FF69C93AFEF455A4723EC8D90BA7A3ED",
"scratch/config-backup-20260907-125959/configs/Default.cfg","Custom-only","Model-or-config","3293",,"31D84BB554B9FBB139004255FA91A324E9A9A8B5157E2B5910395DE0E4A4850B",
"scratch/config-backup-20260907-125959/dropdown.cfg","Custom-only","Model-or-config","3293",,"CD568CE2C01B85117E9F97BE635C0E1702B90A4259C13411A931464B85DE0DC1",
"scratch/config-backup-20260907-125959/filelocations.cfg","Custom-only","Model-or-config","104",,"86AE5C4C67F368DA284B4DFA45B4BE32F4FC0FB528997A927EB09BF6A2CB24B9",
"scratch/config-backup-20260907-125959/minimize.cfg","Custom-only","Model-or-config","523",,"8A11AD44E5A780AF8AE8D1EFFD6AAC38DD60C74862FBA45D5BA24184B5E2DF05",
"scratch/config-backup-20260907-125959/models.cfg","Custom-only","Model-or-config","79",,"D9A0858E147625BA6A1F94EDFEA327A61D10C8FA970EE65E3321857E7B34513C",
"scratch/config-backup-20260907-125959/priority_aiming.cfg","Custom-only","Model-or-config","141",,"E34773C5CE2817D5788DAEC50E499FFAB7FD471BD09311004EACE76E805BCD33",
"scratch/config-backup-20260907-125959/toggles.cfg","Custom-only","Model-or-config","1105",,"14787DA85121271D503D1DF889FAE037920B1335F012EBD72012BB7D8D997DA6",
"scratch/motion-gdi.png","Custom-only","Test-debug-tool","1306",,"1CC6B939A2D04F33C1FAC6F0CC08EBFF66FABF62E2E9B805848C53A60DB3B7CD",
"scratch/motion-wgc.png","Custom-only","Test-debug-tool","1306",,"1CC6B939A2D04F33C1FAC6F0CC08EBFF66FABF62E2E9B805848C53A60DB3B7CD",
"scratch/wgc-build.log","Custom-only","Test-debug-tool","139678",,"34C93D3B6DD7466519589D16493250056E8F84DAEEE7960010A70E6664ACBC82",
"scratch/wgc-smoke.log","Custom-only","Test-debug-tool","16",,"249EDFE5B8B0C254C76BAB1CFDCBDA20EF6A6EFC047BE9D26A82EA1ED5B67399",
"scratch/wgc-smoke/bin/Debug/net8.0-windows10.0.19041.0/logs/capture-error.txt","Custom-only","Build-or-runtime-review","5201",,"5BDFD47161B9021A506C472448E3A95209B475E49F40842AB6D50EEACE7DC803",
"scratch/wgc-smoke/bin/Debug/net8.0-windows10.0.19041.0/Microsoft.Windows.SDK.NET.dll","Custom-only","Build-or-runtime-review","24877600",,"0EC371D93798852E36461C8ADDDBEADCE0F963A04752F0B64E54FE19C1C834A7",
"scratch/wgc-smoke/bin/Debug/net8.0-windows10.0.19041.0/runtimes/browser/lib/net8.0/System.Text.Encodings.Web.dll","Custom-only","Build-or-runtime-review","70952",,"108C563B14FAEAF065EED875779AE768AE14A2884B023B700A6EA9D8B8486B49",
"scratch/wgc-smoke/bin/Debug/net8.0-windows10.0.19041.0/SharpGen.Runtime.COM.dll","Custom-only","Build-or-runtime-review","168960",,"28DEB56E87EE908DCE10094B666C5B603E3F01EF5B1C92603B0E7ED49B9B60AE",
"scratch/wgc-smoke/bin/Debug/net8.0-windows10.0.19041.0/SharpGen.Runtime.dll","Custom-only","Build-or-runtime-review","81408",,"409AA1B082136C5FBA1FCF363EF91739551691979F237C9BC0E93CF6778427B7",
"scratch/wgc-smoke/bin/Debug/net8.0-windows10.0.19041.0/System.IO.Pipelines.dll","Custom-only","Build-or-runtime-review","77608",,"1A397EBF43B555E03189AAE23879F4D4DE132BC1D0F7C46F7E2884204148B343",
"scratch/wgc-smoke/bin/Debug/net8.0-windows10.0.19041.0/System.Text.Encodings.Web.dll","Custom-only","Build-or-runtime-review","70952",,"6BE651FCD81A92AB4B0E1157E46FF13F69B66E581DEF1495F767147E51A1AFA9",
"scratch/wgc-smoke/bin/Debug/net8.0-windows10.0.19041.0/System.Text.Json.dll","Custom-only","Build-or-runtime-review","643376",,"793D646A2440E427F7897740B3AB9F1F692B31B419B3254E7ACE17275BAA8613",
"scratch/wgc-smoke/bin/Debug/net8.0-windows10.0.19041.0/Vortice.Direct3D11.dll","Custom-only","Build-or-runtime-review","352768",,"BB5DB514F1C4D32B23564EF48231189F17C98854B078EC4C9FFE78DA05445AB4",
"scratch/wgc-smoke/bin/Debug/net8.0-windows10.0.19041.0/Vortice.DirectX.dll","Custom-only","Build-or-runtime-review","364544",,"F2592742CB433466EA685A669E55720B0D604A4EF1FB6E13625242A102E64EC6",
"scratch/wgc-smoke/bin/Debug/net8.0-windows10.0.19041.0/Vortice.DXGI.dll","Custom-only","Build-or-runtime-review","91648",,"DBE7E6B76641843DD5B7B2C250335199538C2EB6DF530F96B654E871824949C0",
"scratch/wgc-smoke/bin/Debug/net8.0-windows10.0.19041.0/Vortice.Mathematics.dll","Custom-only","Build-or-runtime-review","123904",,"525A67F1F998B557D35554406CE5744A26C8D1ABD5321B383A07FAD8E86AB8DC",
"scratch/wgc-smoke/bin/Debug/net8.0-windows10.0.19041.0/WgcSmoke.deps.json","Custom-only","Build-or-runtime-review","7083",,"F4BB8C3E79FA1A1AC54456AA3979E9C38EE47BC4419C21E29FAE16C706D29223",
"scratch/wgc-smoke/bin/Debug/net8.0-windows10.0.19041.0/WgcSmoke.dll","Custom-only","Build-or-runtime-review","33280",,"511D2464E3DADB8063FCEC43337C7F75BB1A08D74C588F003FD58096A22F1BD7",
"scratch/wgc-smoke/bin/Debug/net8.0-windows10.0.19041.0/WgcSmoke.exe","Custom-only","Build-or-runtime-review","151552",,"8CF067DBD825BF9364912AA8B97306FEE6E30A9B848D2E82707E5FDA44760C40",
"scratch/wgc-smoke/bin/Debug/net8.0-windows10.0.19041.0/WgcSmoke.pdb","Custom-only","Build-or-runtime-review","20380",,"FDBB0BC8A9330057768F405148A4E16B1033F9D3C15BA81CA39E5AB2F80A8FB8",
"scratch/wgc-smoke/bin/Debug/net8.0-windows10.0.19041.0/WgcSmoke.runtimeconfig.json","Custom-only","Build-or-runtime-review","357",,"A6A31E881A564CE497254B0CC044C32ADE3CF5F02C6501E43C8425E8698B2C00",
"scratch/wgc-smoke/bin/Debug/net8.0-windows10.0.19041.0/WinRT.Runtime.dll","Custom-only","Build-or-runtime-review","528944",,"BCF3A14E8712A90837FC5C0D8C8A24696AF2BD7F74E9767597EC81EDEDFB23DB",
"scratch/wgc-smoke/motion-snippet.txt","Custom-only","Test-debug-tool","2427",,"36CDAA78D7749E4D34995E1A866382F84D472E3A8AA069AF77539419E2BD3D8F",
"scratch/wgc-smoke/obj/Debug/net8.0-windows10.0.19041.0/.NETCoreApp,Version=v8.0.AssemblyAttributes.cs","Custom-only","Build-or-runtime-review","198",,"F7A5D9789C863625E139FF99E1113A503830F6B85A88F6129916DF83AC76B49E",
"scratch/wgc-smoke/obj/Debug/net8.0-windows10.0.19041.0/apphost.exe","Custom-only","Build-or-runtime-review","151552",,"8CF067DBD825BF9364912AA8B97306FEE6E30A9B848D2E82707E5FDA44760C40",
"scratch/wgc-smoke/obj/Debug/net8.0-windows10.0.19041.0/ref/WgcSmoke.dll","Custom-only","Build-or-runtime-review","7680",,"DF252E7AA952AB889A9B38B519C6B34D902AA6E0B3593908DA6A2BE19AA65CD2",
"scratch/wgc-smoke/obj/Debug/net8.0-windows10.0.19041.0/refint/WgcSmoke.dll","Custom-only","Build-or-runtime-review","7680",,"DF252E7AA952AB889A9B38B519C6B34D902AA6E0B3593908DA6A2BE19AA65CD2",
"scratch/wgc-smoke/obj/Debug/net8.0-windows10.0.19041.0/WgcSmoke.AssemblyInfo.cs","Custom-only","Build-or-runtime-review","1134",,"061F34A654CE3BF51DA5CCD2708BF7DA1BD77086E03A702499CDEEAAD48D8B4B",
"scratch/wgc-smoke/obj/Debug/net8.0-windows10.0.19041.0/WgcSmoke.AssemblyInfoInputs.cache","Custom-only","Build-or-runtime-review","66",,"B13493CD622F27B6B969666A1B4948AF8F3816DD2C4FDB2508D9FD4EAB5E2671",
"scratch/wgc-smoke/obj/Debug/net8.0-windows10.0.19041.0/WgcSmoke.assets.cache","Custom-only","Build-or-runtime-review","5217",,"38624BE506843EC2F8DECDF4F69632FFB66B3A3324A754714DD101C4D33B0FE7",
"scratch/wgc-smoke/obj/Debug/net8.0-windows10.0.19041.0/WgcSmoke.csproj.AssemblyReference.cache","Custom-only","Build-or-runtime-review","4049",,"BFDA684F74A6B920F99AE543CEF5857FD6F9D9F9CD69FCB7A1F5E027C0E909C7",
"scratch/wgc-smoke/obj/Debug/net8.0-windows10.0.19041.0/WgcSmoke.csproj.CoreCompileInputs.cache","Custom-only","Build-or-runtime-review","66",,"D1019DFFB4B90C28EEA41AD3F1E503895CE128E6CCD1534019B7BDD6638CA753",
"scratch/wgc-smoke/obj/Debug/net8.0-windows10.0.19041.0/WgcSmoke.csproj.FileListAbsolute.txt","Custom-only","Build-or-runtime-review","3562",,"421A56C1134778613B482D547DC153F042514E272C9332EF97F8B86A9DA00907",
"scratch/wgc-smoke/obj/Debug/net8.0-windows10.0.19041.0/WgcSmoke.csproj.Up2Date","Custom-only","Build-or-runtime-review","0",,"E3B0C44298FC1C149AFBF4C8996FB92427AE41E4649B934CA495991B7852B855",
"scratch/wgc-smoke/obj/Debug/net8.0-windows10.0.19041.0/WgcSmoke.dll","Custom-only","Build-or-runtime-review","33280",,"511D2464E3DADB8063FCEC43337C7F75BB1A08D74C588F003FD58096A22F1BD7",
"scratch/wgc-smoke/obj/Debug/net8.0-windows10.0.19041.0/WgcSmoke.GeneratedMSBuildEditorConfig.editorconfig","Custom-only","Build-or-runtime-review","1577",,"46123057F75ABC04B37CE6FF5A0C5DA6BA2A7915128F929E61228214700B971E",
"scratch/wgc-smoke/obj/Debug/net8.0-windows10.0.19041.0/WgcSmoke.genruntimeconfig.cache","Custom-only","Build-or-runtime-review","66",,"347C71E9A73B6E89B172C9E9FC67895CB417371A839474871559DC0667A5C674",
"scratch/wgc-smoke/obj/Debug/net8.0-windows10.0.19041.0/WgcSmoke.GlobalUsings.g.cs","Custom-only","Build-or-runtime-review","249",,"D3A5D602EB6C59425412B82DEF49D310FF096D51902DDD730BAF10631EBCD2DE",
"scratch/wgc-smoke/obj/Debug/net8.0-windows10.0.19041.0/WgcSmoke.pdb","Custom-only","Build-or-runtime-review","20380",,"FDBB0BC8A9330057768F405148A4E16B1033F9D3C15BA81CA39E5AB2F80A8FB8",
"scratch/wgc-smoke/obj/project.assets.json","Custom-only","Build-or-runtime-review","22194",,"590ED1D68424CA2C14F6D49EFF5BA13BC0B8C1DDCDAD69F8E8510A2ED0A22B06",
"scratch/wgc-smoke/obj/project.nuget.cache","Custom-only","Build-or-runtime-review","1916",,"D7A48C87EBA50F684775C6F1687D9736C6AF2504CF0FCCA672A71BF5A9C36935",
"scratch/wgc-smoke/obj/WgcSmoke.csproj.nuget.dgspec.json","Custom-only","Build-or-runtime-review","3757",,"7AFE6D97C7D942C185BAA3B2B11EE9A1CA6B48E095801FC2DC8CE13CBC713180",
"scratch/wgc-smoke/obj/WgcSmoke.csproj.nuget.g.props","Custom-only","Build-or-runtime-review","1600",,"DC35463F75ABBB35B05A4395CC981EF348ACFD3788DD69411268DAF85A0EDC96",
"scratch/wgc-smoke/obj/WgcSmoke.csproj.nuget.g.targets","Custom-only","Build-or-runtime-review","481",,"8BBC1467DDD696C7ED9BA93F2A8E1AC370551C6073AEBDF5023B96DB6BC84927",
"scratch/wgc-smoke/pattern-snippet.txt","Custom-only","Test-debug-tool","2910",,"B88F07335753F7BC732CE9EDBFA8E788492FBBFEA5476BE10FB0EC834A06D387",
"scratch/wgc-smoke/Program.cs.txt","Custom-only","Test-debug-tool","15002",,"9279F4F015D8AD78ABD9C18DFFB468C0AD16CB8B0F1D06F48B6685D86D009C70",
"scratch/wgc-smoke/testdata/bin/configs/Regression.cfg","Custom-only","Model-or-config","2943",,"2B995E92B72797B51C462ABA1C14C06C2B032651DCEE0376C962B48B536B5E88",
"scratch/wgc-smoke/testdata/bin/dropdown.cfg","Custom-only","Model-or-config","675",,"74F539D2A028DE98D4AA62394EF464B8F5B3F44006A0E0B90E136181A2370338",
"scratch/wgc-smoke/WgcSmoke.csproj","Custom-only","Test-debug-tool","672",,"E437BF1BBAF8B92985B971FE5E5F9BA5E7BF180BA73A53909F86B4053516C620",
"StartupWindow.xaml","Identical","Source-resource","17000","17000","8FC43346E0316EA3D8F6D41C806C41061D3DBDA218E97C0DC7C59407728B95B9","8FC43346E0316EA3D8F6D41C806C41061D3DBDA218E97C0DC7C59407728B95B9"
"StartupWindow.xaml.cs","Identical","Source-resource","19505","19505","F35667CA39402B2F90AA6E75748F8B2B88E7AE00614942BB9389DF1415329980","F35667CA39402B2F90AA6E75748F8B2B88E7AE00614942BB9389DF1415329980"
"tools/Inventory.ps1","Custom-only","Test-debug-tool","1788",,"BC61EBC463A2674AC578DB3443492FD2266EF69758ADF43276452B45706692AA",
"UILibrary/AColorChanger.xaml","Identical","Source-resource","1911","1911","F4F83088C9A53DB2E7DE698AEAA260DD118A53AD7BD2EA329A3C79947DC2259B","F4F83088C9A53DB2E7DE698AEAA260DD118A53AD7BD2EA329A3C79947DC2259B"
"UILibrary/AColorChanger.xaml.cs","Identical","Source-resource","353","353","461E5051A5D51F45D6D0D3FD708F1EBD18A2323FD9F52169C1FEC4361AD6C6BE","461E5051A5D51F45D6D0D3FD708F1EBD18A2323FD9F52169C1FEC4361AD6C6BE"
"UILibrary/AColorWheel.xaml","Identical","Source-resource","27465","27465","B435ACA1ECC1EE61FB5916AF7BC78E09CFA60E6204D31FB67DF25760D4481236","B435ACA1ECC1EE61FB5916AF7BC78E09CFA60E6204D31FB67DF25760D4481236"
"UILibrary/AColorWheel.xaml.cs","Different-no-common-base","Source-resource","31237","31104","D25CCF940E8C021E5EAFC358D6AE2DBBBFEF9A007784C13ABD2D37058EDD13DB","C4928A88D247A93156812CBEEC6C66A733B86A4B5C77C809BEFE5747B2FA0C5D"
"UILibrary/ADisplaySelector.xaml","Identical","Source-resource","2637","2637","F0E7650FA08D6764D114C5E0EA8E5086B8D726EF94C1F53AD7DC242C4A6FEF7C","F0E7650FA08D6764D114C5E0EA8E5086B8D726EF94C1F53AD7DC242C4A6FEF7C"
"UILibrary/ADisplaySelector.xaml.cs","Identical","Source-resource","10890","10890","6573F6CAE379294BC1D9B78644304888CFD3D4780EF3E2DE7C4C57F7F0B7A318","6573F6CAE379294BC1D9B78644304888CFD3D4780EF3E2DE7C4C57F7F0B7A318"
"UILibrary/ADownloadGateway.xaml","Different-no-common-base","Source-resource","2683","2680","F0009A571E0F2DB0B7D74D40CE6244FAA478545BA1965EADAFB73C473D32BA7C","ED3F46D09FDBA1B67F963DBE63A87066885F4140D828060680F0E427139794A2"
"UILibrary/ADownloadGateway.xaml.cs","Identical","Source-resource","2858","2858","2C74859431C67C81F26769F6B59E65CA8BA3349262D568A0FDCD6AA790EF7836","2C74859431C67C81F26769F6B59E65CA8BA3349262D568A0FDCD6AA790EF7836"
"UILibrary/ADropdown.xaml","Identical","Source-resource","2083","2083","A5A61E6DFC16F49502796D7E4F838C445E272499698BA8D0FB595A7D1219052E","A5A61E6DFC16F49502796D7E4F838C445E272499698BA8D0FB595A7D1219052E"
"UILibrary/ADropdown.xaml.cs","Identical","Source-resource","1256","1256","530CFC0E298DE7412E5847A8D288B41AB1852A2254DC8A3C23EAA4A5B0ED6AE7","530CFC0E298DE7412E5847A8D288B41AB1852A2254DC8A3C23EAA4A5B0ED6AE7"
"UILibrary/AFileLocator.xaml","Identical","Source-resource","3053","3053","17F8C287D9192EE961D655B98534F0B157842BB9061AA5E70E4B2A36AA590EC0","17F8C287D9192EE961D655B98534F0B157842BB9061AA5E70E4B2A36AA590EC0"
"UILibrary/AFileLocator.xaml.cs","Different-no-common-base","Source-resource","3924","1644","E518CDD53243D96234A272F0152AD78A556CCFCA8F269CD1CBC73FC1CF29A993","128447A97830E7456DA4607ACFB8401DA0654B83734244545D85585559B2CFBC"
"UILibrary/AKeyChanger.xaml","Identical","Source-resource","2303","2303","DA57B3864DD43FBC8F7DB790A4E4AAFB0E930BFD08EECDBBFAB6206F659D27B8","DA57B3864DD43FBC8F7DB790A4E4AAFB0E930BFD08EECDBBFAB6206F659D27B8"
"UILibrary/AKeyChanger.xaml.cs","Identical","Source-resource","788","788","2AE5EB9A84E510F8CCD0B19AEEDF5DFAA9AE81280CA1445185FCAA4A9277A331","2AE5EB9A84E510F8CCD0B19AEEDF5DFAA9AE81280CA1445185FCAA4A9277A331"
"UILibrary/APButton.xaml","Different-no-common-base","Source-resource","1957","2000","0AF8738890F6F67A1191D2044B483289D45BAE3D0ACA40A6BE827402D28962E5","B8F6E635F7A8466570CB1017B159EF4E5CAF856B5ABCF3DF14942900F3852750"
"UILibrary/APButton.xaml.cs","Different-no-common-base","Source-resource","661","734","CCAFF574DCF3D8C3AA84556932A2A79AC14E6C319A7FB11AF8DB801CA9C134DC","CA68907416794DEAD04113E3381676DAF34D955736C4FB4E9D67FE77A19451DB"
"UILibrary/ARectangleBottom.xaml","Identical","Source-resource","772","772","4013E6A767C70C2EE26CD3C041BEA04411033ECF5EC48F676DE80E7DD45EC83A","4013E6A767C70C2EE26CD3C041BEA04411033ECF5EC48F676DE80E7DD45EC83A"
"UILibrary/ARectangleBottom.xaml.cs","Identical","Source-resource","303","303","156051538C61DEFD7C0BE7B1E13E7A19C0A74ED8364BF127822954C266E08192","156051538C61DEFD7C0BE7B1E13E7A19C0A74ED8364BF127822954C266E08192"
"UILibrary/ASlider.xaml","Different-no-common-base","Source-resource","4525","3899","CCB327463282F1A4D5C3D1443512004F5904929C88911583A3919E2EAA5904D8","9A00CC9CABA9A939129480E655824F090811E8CB1BC3375F5B0E4DD048B87CDF"
"UILibrary/ASlider.xaml.cs","Different-no-common-base","Source-resource","2747","2142","8A8522CC7F4EBA286BDB484C396F82862DD67F06295535CE886C8BAFDE0493DD","38604D80BBAD0602D369F8426036A3DE284CBBEDC8F1A16A2D872F2D8A2A96D1"
"UILibrary/ASpacer.xaml","Identical","Source-resource","575","575","0B61AEF5A50EB7250AFD6426D3AAD82FBE196D89109070F7BD642F920AFA33B2","0B61AEF5A50EB7250AFD6426D3AAD82FBE196D89109070F7BD642F920AFA33B2"
"UILibrary/ASpacer.xaml.cs","Identical","Source-resource","276","276","F2F20D1AD668AD834E5B330CA9B45C309CFCF3723FE8494564409B2F60D5FDC5","F2F20D1AD668AD834E5B330CA9B45C309CFCF3723FE8494564409B2F60D5FDC5"
"UILibrary/ATitle.xaml","Identical","Source-resource","2142","2142","B69206DF1FFBCB04BDEA13FD51321AFD6162C48698B7EE807DAA58D1FD7242D9","B69206DF1FFBCB04BDEA13FD51321AFD6162C48698B7EE807DAA58D1FD7242D9"
"UILibrary/ATitle.xaml.cs","Identical","Source-resource","1311","1311","7AEA6B22CC34886DE69901CF8EDC6E7AE4058878A11FE583ADBA97308B141329","7AEA6B22CC34886DE69901CF8EDC6E7AE4058878A11FE583ADBA97308B141329"
"UILibrary/AToggle.xaml","Identical","Source-resource","2585","2585","B6EEE7FDF6AD82C5D5B553A680FA0840878A82106AA7EF0E0CE9E6BB179759B7","B6EEE7FDF6AD82C5D5B553A680FA0840878A82106AA7EF0E0CE9E6BB179759B7"
"UILibrary/AToggle.xaml.cs","Different-no-common-base","Source-resource","2992","2992","42ACC0AD54D1BBC17E2841978925792D4ADC99B9197BC35C8F15C85F190EDE7B","2DFFB41C49B899B9FD5E769EF1EA02972EE4E663E0AC61AA334D6ED4D9AC69D2"
"UISections/AboutMenuControl.xaml","Different-no-common-base","Source-resource","11660","11570","CBB0B15E45C1EBD8DEBF2DCB68B8155C53A4FA93FE8DFF98D70B85275AF6EC0D","7249972180BF72256D54202B46BA4F3B432C763D7D9898048856D6CAF81A6676"
"UISections/AboutMenuControl.xaml.cs","Different-no-common-base","Source-resource","11303","11295","93088C0D4EA6238C65174175DADB63E95C2FE5426D5C084C24B2B800FBA0AB9D","B150C601503A6B85537B5D5AD47210ACD13D9C5B7F97645EF7F957591C333802"
"UISections/AimMenuControl.xaml","Different-no-common-base","Source-resource","1587","1374","BCCEB621ED57755E81E71C28B10C1913308BD1B9DD372ABD4377FD8147B41415","0F03FFC98A52F2DCC9167A6A5D08E5EA5844646F769C432634F28A810D897C32"
"UISections/AimMenuControl.xaml.cs","Different-no-common-base","Source-resource","112249","38844","28D0B730962476A3E909E92C898C3591CEBD7933AFEC103442CCED59DB345BA7","CE70BFA19D6C2CBDBC9FA57682422951D57833F76255E928A829D4F9F22B5BB8"
"UISections/ModelMenuControl.xaml","Different-no-common-base","Source-resource","18138","14082","A34222A90BCE2597450B0AF4381D88B8EBC877FEA91CACA0F1953F890A5C6F49","81C4E76007B2A4D805D44BF5DC3AFC71BA45B107A9B2A7E1C0204F3CE43C62A2"
"UISections/ModelMenuControl.xaml.cs","Different-no-common-base","Source-resource","14819","14126","B1245AB2EA10BE8C418586B7478634B85D51631142803C28E79701D7766ADAA0","9E77218B739D3BFF4AA338EEB6B8D764EA870C550C014CA295AA68DA6FF92C40"
"UISections/SettingsMenuControl.xaml","Different-no-common-base","Source-resource","1878","1352","78F4400E7C49B617C5EF2A247EA556A1CBFC2525DB9593456C8EEEA10ACCC005","725C740C8EC6B984CCF2725DA086B482FA6E7222DCB9B409FE881F05A75CC73A"
"UISections/SettingsMenuControl.xaml.cs","Different-no-common-base","Source-resource","34424","24927","E7866CEF373C40D9085C5EEDE5B7D40D15A647A103146FC39190D9D1D363AE96","FF5777D3C28BA01D067DACF089D00A509B44680659FB097160023E7E916AD7F0"
"Visuality/ColorPicker.xaml","Identical","Source-resource","5149","5149","2CDC8109F8226E8D474B188561756E3DD4818162636B281F603D3F6A3F46154C","2CDC8109F8226E8D474B188561756E3DD4818162636B281F603D3F6A3F46154C"
"Visuality/ColorPicker.xaml.cs","Different-no-common-base","Source-resource","5740","5726","C8A794DA1308E6B1F270462C329A2221FD7115D19DE7972D147A1E29126EE41B","2D18B3DCB447B4823A4103860A0AA9498DE00970E7B53A2129E07208AE32F43D"
"Visuality/ConfigSaver.xaml","Identical","Source-resource","11217","11217","DC7CAA09927123E5AD34C2B94F62C48F67A0F005D3AB96CD405BD8D11549A973","DC7CAA09927123E5AD34C2B94F62C48F67A0F005D3AB96CD405BD8D11549A973"
"Visuality/ConfigSaver.xaml.cs","Different-no-common-base","Source-resource","6117","5971","8FC56490DA27B68C67C59B1ED7559FA1E1930F2DE7BB69C311AF1281A7D3E911","D2E4233CBAFD21A0E4ECE82A779367C87636AD832416A4F9ADA32E0F9196371B"
"Visuality/CrosshairWindow.xaml","Custom-only","Source-resource","1023",,"BFC459668BD0DF4681A849414608C2329B3AC96710480ACFF62A7322F949E467",
"Visuality/CrosshairWindow.xaml.cs","Custom-only","Source-resource","6168",,"B20C660C09488F36AEAA3B53F20147B28D36CCA4BC02800D99E321F97B1E69F3",
"Visuality/DetectedPlayerWindow.xaml","Different-no-common-base","Source-resource","1786","1656","CAC6C14A4F7FE2D7E0A6B2B7308C07A91E05989128EA80EDC7E5E95C2E57D40F","271D37E67D33F04E2CFE464B305825DF9C019AEEE4D7F00365A93644118765C4"
"Visuality/DetectedPlayerWindow.xaml.cs","Different-no-common-base","Source-resource","12129","5834","FB977B567CF25F2D7A77DD19D6F2CEBA189AA23BA3506242B17BBB961D1A64BA","604FB7655685ABA5624794D948DE454F516BA296E33B6A4772055D373EC2AC60"
"Visuality/DetectedScopeWindow.xaml","Custom-only","Source-resource","3018",,"D486F6E29A9CA1060A1FAC65716D06C0AC1964DCB2A3AAF4BE99DD6D68847784",
"Visuality/DetectedScopeWindow.xaml.cs","Custom-only","Source-resource","2050",,"03ED10225F83158FB7F10658C36CA864445ABA6C6EC0D8CBEF3F36668E9D7058",
"Visuality/FOV.xaml","Different-no-common-base","Source-resource","1362","1352","F5AABBE55DA743AACECCBE76956BC02B902EE30539D4593C70EE5413B3DB64B6","98DAA9284253D4258778CFD882FA3EEDFA8E9ABAB97E6AE56785156F1D5B1B22"
"Visuality/FOV.xaml.cs","Different-no-common-base","Source-resource","5328","4410","AF5C4EA671DA7D9E59E128D6903B999AA0A8011032634D4AC471860F4003A258","19FCDA11376156FF284982CA6FC4E3AB425EB024D9EF58C7E39A6DC61A832A77"
"Visuality/NoticeBar.xaml","Identical","Source-resource","7331","7331","65B2D9B70F046FE618E10058E8B0B9020D612523E6E7A4F3CA59D13712C50A63","65B2D9B70F046FE618E10058E8B0B9020D612523E6E7A4F3CA59D13712C50A63"
"Visuality/NoticeBar.xaml.cs","Different-no-common-base","Source-resource","12053","10985","728FEEC9A867E714B822AF958F07F630BE1D8CA724820A5F733AE8AE2FEE9A5C","C74ABD266049D699B29211E6FEA525F001EFDB0CCCB535CE13DE5085456E0662"
"Visuality/PerformanceHelperWindow.xaml","Upstream-only","Source-resource",,"30785",,"848305A8C3EE2C8F7A064302B481AD181FA95C803C485760E07F6E1DF1C1B062"
"Visuality/PerformanceHelperWindow.xaml.cs","Upstream-only","Source-resource",,"41324",,"5A6187AE98049746850E74A1656238AAD1B8CA05359D1208D1B0C5C758754263"
"Visuality/RegionSelectorWindow.xaml","Custom-only","Source-resource","2301",,"AE43F39A1ABE773C0A86345E25FB4EE4ED8110B0832AF0EC79C28BE07E9D4487",
"Visuality/RegionSelectorWindow.xaml.cs","Custom-only","Source-resource","4311",,"7C680A52775940FE46C3FF443032CEB30B1AC6631394F55256E2F1276C18602D",
"Visuality/Resources.xaml","Identical","Source-resource","5288","5288","0ADB64AD3ED9CAFB3F2F05C9E634AF3F8E6F0089D17089212ECA3C4DF53E8916","0ADB64AD3ED9CAFB3F2F05C9E634AF3F8E6F0089D17089212ECA3C4DF53E8916"
"WinformsReplacement/GetScalingFactor.cs","Identical","Source-resource","593","593","148D0AA0F6D764A9AF868A2A4F27907974873AFF49258CFFEFC1A68BCD423820","148D0AA0F6D764A9AF868A2A4F27907974873AFF49258CFFEFC1A68BCD423820"
"WinformsReplacement/NativeMethods.cs","Identical","Source-resource","1229","1229","A69A9D1448EA10D4BB5AB655C131357A555A3EE875D6828FB991B5E4501F1918","A69A9D1448EA10D4BB5AB655C131357A555A3EE875D6828FB991B5E4501F1918"
"WinformsReplacement/WinAPICaller.cs","Identical","Source-resource","2712","2712","E3186A282A713482D3600B967EE195B367235D59BB8A4ED8877362FA88F27419","E3186A282A713482D3600B967EE195B367235D59BB8A4ED8877362FA88F27419"
