C:\Users\sihun\Downloads\Aimmy2.5_update_V1.7\Aimmy2.csproj : warning NU1701: Package 'JYPPX.TensorRT.CSharp.API.runtime.win-x64.cuda12 0.0.5' was restored using '.NETFramework,Version=v4.6.1, .NETFramework,Version=v4.6.2, .NETFramework,Version=v4.7, .NETFramework,Version=v4.7.1, .NETFramework,Version=v4.7.2, .NETFramework,Version=v4.8, .NETFramework,Version=v4.8.1' instead of the project target framework 'net8.0-windows10.0.19041'. This package may not be fully compatible with your project.
C:\Users\sihun\Downloads\Aimmy2.5_update_V1.7\Aimmy2.csproj : warning NU1701: Package 'Supercluster.KDTree 1.0.4' was restored using '.NETFramework,Version=v4.6.1, .NETFramework,Version=v4.6.2, .NETFramework,Version=v4.7, .NETFramework,Version=v4.7.1, .NETFramework,Version=v4.7.2, .NETFramework,Version=v4.8, .NETFramework,Version=v4.8.1' instead of the project target framework 'net8.0-windows10.0.19041'. This package may not be fully compatible with your project.
C:\Users\sihun\Downloads\Aimmy2.5_update_V1.7\Aimmy2_ng5hvuvm_wpftmp.csproj : warning NU1701: Package 'JYPPX.TensorRT.CSharp.API.runtime.win-x64.cuda12 0.0.5' was restored using '.NETFramework,Version=v4.6.1, .NETFramework,Version=v4.6.2, .NETFramework,Version=v4.7, .NETFramework,Version=v4.7.1, .NETFramework,Version=v4.7.2, .NETFramework,Version=v4.8, .NETFramework,Version=v4.8.1' instead of the project target framework 'net8.0-windows10.0.19041'. This package may not be fully compatible with your project.
C:\Users\sihun\Downloads\Aimmy2.5_update_V1.7\Aimmy2_ng5hvuvm_wpftmp.csproj : warning NU1701: Package 'Supercluster.KDTree 1.0.4' was restored using '.NETFramework,Version=v4.6.1, .NETFramework,Version=v4.6.2, .NETFramework,Version=v4.7, .NETFramework,Version=v4.7.1, .NETFramework,Version=v4.7.2, .NETFramework,Version=v4.8, .NETFramework,Version=v4.8.1' instead of the project target framework 'net8.0-windows10.0.19041'. This package may not be fully compatible with your project.
C:\Users\sihun\Downloads\Aimmy2.5_update_V1.7\Other\UpdateManager.cs(32,30): warning CS0168: The variable 'ex' is declared but never used [C:\Users\sihun\Downloads\Aimmy2.5_update_V1.7\Aimmy2_ng5hvuvm_wpftmp.csproj]
C:\Users\sihun\Downloads\Aimmy2.5_update_V1.7\Class\UI.cs(85,26): warning CS8618: Non-nullable property 'D_FOVSTYLE' must contain a non-null value when exiting constructor. Consider adding the 'required' modifier or declaring the property as nullable. [C:\Users\sihun\Downloads\Aimmy2.5_update_V1.7\Aimmy2_ng5hvuvm_wpftmp.csproj]
C:\Users\sihun\Downloads\Aimmy2.5_update_V1.7\Visuality\ColorPicker.xaml.cs(35,42): warning CS8622: Nullability of reference types in type of parameter 'sender' of 'void ColorPicker.OnThemeChanged(object sender, Color newColor)' doesn't match the target delegate 'EventHandler<Color>' (possibly because of nullability attributes). [C:\Users\sihun\Downloads\Aimmy2.5_update_V1.7\Aimmy2_ng5hvuvm_wpftmp.csproj]
C:\Users\sihun\Downloads\Aimmy2.5_update_V1.7\Visuality\ColorPicker.xaml.cs(20,16): warning CS8618: Non-nullable event 'ColorChanged' must contain a non-null value when exiting constructor. Consider adding the 'required' modifier or declaring the event as nullable. [C:\Users\sihun\Downloads\Aimmy2.5_update_V1.7\Aimmy2_ng5hvuvm_wpftmp.csproj]
C:\Users\sihun\Downloads\Aimmy2.5_update_V1.7\Visuality\ColorPicker.xaml.cs(97,24): warning CS8600: Converting null literal or possible null value to non-nullable type. [C:\Users\sihun\Downloads\Aimmy2.5_update_V1.7\Aimmy2_ng5hvuvm_wpftmp.csproj]
C:\Users\sihun\Downloads\Aimmy2.5_update_V1.7\Visuality\ColorPicker.xaml.cs(97,24): warning CS8603: Possible null reference return. [C:\Users\sihun\Downloads\Aimmy2.5_update_V1.7\Aimmy2_ng5hvuvm_wpftmp.csproj]
C:\Users\sihun\Downloads\Aimmy2.5_update_V1.7\Visuality\ColorPicker.xaml.cs(98,20): warning CS8603: Possible null reference return. [C:\Users\sihun\Downloads\Aimmy2.5_update_V1.7\Aimmy2_ng5hvuvm_wpftmp.csproj]
C:\Users\sihun\Downloads\Aimmy2.5_update_V1.7\Visuality\ColorPicker.xaml.cs(139,42): warning CS8622: Nullability of reference types in type of parameter 'sender' of 'void ColorPicker.OnThemeChanged(object sender, Color newColor)' doesn't match the target delegate 'EventHandler<Color>' (possibly because of nullability attributes). [C:\Users\sihun\Downloads\Aimmy2.5_update_V1.7\Aimmy2_ng5hvuvm_wpftmp.csproj]
C:\Users\sihun\Downloads\Aimmy2.5_update_V1.7\AILogic\CaptureManager.cs(138,34): warning CS0168: The variable 'ex' is declared but never used [C:\Users\sihun\Downloads\Aimmy2.5_update_V1.7\Aimmy2_ng5hvuvm_wpftmp.csproj]
C:\Users\sihun\Downloads\Aimmy2.5_update_V1.7\Other\RequirementsManager.cs(52,39): warning CS8602: Dereference of a possibly null reference. [C:\Users\sihun\Downloads\Aimmy2.5_update_V1.7\Aimmy2_ng5hvuvm_wpftmp.csproj]
C:\Users\sihun\Downloads\Aimmy2.5_update_V1.7\Other\RequirementsManager.cs(61,22): warning CS8602: Dereference of a possibly null reference. [C:\Users\sihun\Downloads\Aimmy2.5_update_V1.7\Aimmy2_ng5hvuvm_wpftmp.csproj]
C:\Users\sihun\Downloads\Aimmy2.5_update_V1.7\MouseMovementLibraries\GHubSupport\LGDownloader.xaml.cs(34,42): warning CS8622: Nullability of reference types in type of parameter 'sender' of 'void LGDownloader.OnThemeChanged(object sender, Color newColor)' doesn't match the target delegate 'EventHandler<Color>' (possibly because of nullability attributes). [C:\Users\sihun\Downloads\Aimmy2.5_update_V1.7\Aimmy2_ng5hvuvm_wpftmp.csproj]
C:\Users\sihun\Downloads\Aimmy2.5_update_V1.7\App.xaml.cs(57,13): warning CS0162: Unreachable code detected [C:\Users\sihun\Downloads\Aimmy2.5_update_V1.7\Aimmy2_ng5hvuvm_wpftmp.csproj]
C:\Users\sihun\Downloads\Aimmy2.5_update_V1.7\App.xaml.cs(110,30): warning CS0168: The variable 'ex' is declared but never used [C:\Users\sihun\Downloads\Aimmy2.5_update_V1.7\Aimmy2_ng5hvuvm_wpftmp.csproj]
C:\Users\sihun\Downloads\Aimmy2.5_update_V1.7\MouseMovementLibraries\GHubSupport\LGDownloader.xaml.cs(110,66): warning CS8604: Possible null reference argument for parameter 'uriString' in 'Uri.Uri(string uriString)'. [C:\Users\sihun\Downloads\Aimmy2.5_update_V1.7\Aimmy2_ng5hvuvm_wpftmp.csproj]
C:\Users\sihun\Downloads\Aimmy2.5_update_V1.7\MouseMovementLibraries\GHubSupport\LGDownloader.xaml.cs(141,42): warning CS8622: Nullability of reference types in type of parameter 'sender' of 'void LGDownloader.OnThemeChanged(object sender, Color newColor)' doesn't match the target delegate 'EventHandler<Color>' (possibly because of nullability attributes). [C:\Users\sihun\Downloads\Aimmy2.5_update_V1.7\Aimmy2_ng5hvuvm_wpftmp.csproj]
C:\Users\sihun\Downloads\Aimmy2.5_update_V1.7\UISections\SettingsMenuControl.xaml.cs(481,13): warning CS8602: Dereference of a possibly null reference. [C:\Users\sihun\Downloads\Aimmy2.5_update_V1.7\Aimmy2_ng5hvuvm_wpftmp.csproj]
C:\Users\sihun\Downloads\Aimmy2.5_update_V1.7\UISections\SettingsMenuControl.xaml.cs(502,34): warning CS0168: The variable 'ex' is declared but never used [C:\Users\sihun\Downloads\Aimmy2.5_update_V1.7\Aimmy2_ng5hvuvm_wpftmp.csproj]
C:\Users\sihun\Downloads\Aimmy2.5_update_V1.7\MouseMovementLibraries\ddxoftSupport\ddxoftMouse.cs(41,24): warning CS8618: Non-nullable field 'btn' must contain a non-null value when exiting constructor. Consider adding the 'required' modifier or declaring the field as nullable. [C:\Users\sihun\Downloads\Aimmy2.5_update_V1.7\Aimmy2_ng5hvuvm_wpftmp.csproj]
C:\Users\sihun\Downloads\Aimmy2.5_update_V1.7\MouseMovementLibraries\ddxoftSupport\ddxoftMouse.cs(42,24): warning CS8618: Non-nullable field 'whl' must contain a non-null value when exiting constructor. Consider adding the 'required' modifier or declaring the field as nullable. [C:\Users\sihun\Downloads\Aimmy2.5_update_V1.7\Aimmy2_ng5hvuvm_wpftmp.csproj]
C:\Users\sihun\Downloads\Aimmy2.5_update_V1.7\MouseMovementLibraries\ddxoftSupport\ddxoftMouse.cs(43,24): warning CS8618: Non-nullable field 'mov' must contain a non-null value when exiting constructor. Consider adding the 'required' modifier or declaring the field as nullable. [C:\Users\sihun\Downloads\Aimmy2.5_update_V1.7\Aimmy2_ng5hvuvm_wpftmp.csproj]
C:\Users\sihun\Downloads\Aimmy2.5_update_V1.7\MouseMovementLibraries\ddxoftSupport\ddxoftMouse.cs(44,25): warning CS8618: Non-nullable field 'movR' must contain a non-null value when exiting constructor. Consider adding the 'required' modifier or declaring the field as nullable. [C:\Users\sihun\Downloads\Aimmy2.5_update_V1.7\Aimmy2_ng5hvuvm_wpftmp.csproj]
C:\Users\sihun\Downloads\Aimmy2.5_update_V1.7\MouseMovementLibraries\ddxoftSupport\ddxoftMouse.cs(45,24): warning CS8618: Non-nullable field 'key' must contain a non-null value when exiting constructor. Consider adding the 'required' modifier or declaring the field as nullable. [C:\Users\sihun\Downloads\Aimmy2.5_update_V1.7\Aimmy2_ng5hvuvm_wpftmp.csproj]
C:\Users\sihun\Downloads\Aimmy2.5_update_V1.7\MouseMovementLibraries\ddxoftSupport\ddxoftMouse.cs(46,24): warning CS8618: Non-nullable field 'str' must contain a non-null value when exiting constructor. Consider adding the 'required' modifier or declaring the field as nullable. [C:\Users\sihun\Downloads\Aimmy2.5_update_V1.7\Aimmy2_ng5hvuvm_wpftmp.csproj]
C:\Users\sihun\Downloads\Aimmy2.5_update_V1.7\MouseMovementLibraries\ddxoftSupport\ddxoftMouse.cs(47,25): warning CS8618: Non-nullable field 'todc' must contain a non-null value when exiting constructor. Consider adding the 'required' modifier or declaring the field as nullable. [C:\Users\sihun\Downloads\Aimmy2.5_update_V1.7\Aimmy2_ng5hvuvm_wpftmp.csproj]
C:\Users\sihun\Downloads\Aimmy2.5_update_V1.7\Visuality\ConfigSaver.xaml.cs(49,42): warning CS8622: Nullability of reference types in type of parameter 'sender' of 'void ConfigSaver.OnThemeChanged(object sender, Color newColor)' doesn't match the target delegate 'EventHandler<Color>' (possibly because of nullability attributes). [C:\Users\sihun\Downloads\Aimmy2.5_update_V1.7\Aimmy2_ng5hvuvm_wpftmp.csproj]
C:\Users\sihun\Downloads\Aimmy2.5_update_V1.7\Visuality\ConfigSaver.xaml.cs(113,42): warning CS8622: Nullability of reference types in type of parameter 'sender' of 'void ConfigSaver.OnThemeChanged(object sender, Color newColor)' doesn't match the target delegate 'EventHandler<Color>' (possibly because of nullability attributes). [C:\Users\sihun\Downloads\Aimmy2.5_update_V1.7\Aimmy2_ng5hvuvm_wpftmp.csproj]
C:\Users\sihun\Downloads\Aimmy2.5_update_V1.7\Visuality\DetectedPlayerWindow.xaml.cs(132,30): warning CS0168: The variable 'ex' is declared but never used [C:\Users\sihun\Downloads\Aimmy2.5_update_V1.7\Aimmy2_ng5hvuvm_wpftmp.csproj]
C:\Users\sihun\Downloads\Aimmy2.5_update_V1.7\MainWindow.xaml.cs(112,16): warning CS8618: Non-nullable field '_notifyIcon' must contain a non-null value when exiting constructor. Consider adding the 'required' modifier or declaring the field as nullable. [C:\Users\sihun\Downloads\Aimmy2.5_update_V1.7\Aimmy2_ng5hvuvm_wpftmp.csproj]
C:\Users\sihun\Downloads\Aimmy2.5_update_V1.7\Visuality\DetectedPlayerWindow.xaml.cs(193,68): warning CS8602: Dereference of a possibly null reference. [C:\Users\sihun\Downloads\Aimmy2.5_update_V1.7\Aimmy2_ng5hvuvm_wpftmp.csproj]
C:\Users\sihun\Downloads\Aimmy2.5_update_V1.7\AILogic\AIManager.cs(761,76): warning CS8602: Dereference of a possibly null reference. [C:\Users\sihun\Downloads\Aimmy2.5_update_V1.7\Aimmy2_ng5hvuvm_wpftmp.csproj]
C:\Users\sihun\Downloads\Aimmy2.5_update_V1.7\AILogic\WeaponSlotManager.cs(759,17): warning CS8602: Dereference of a possibly null reference. [C:\Users\sihun\Downloads\Aimmy2.5_update_V1.7\Aimmy2_ng5hvuvm_wpftmp.csproj]
C:\Users\sihun\Downloads\Aimmy2.5_update_V1.7\Visuality\FOV.xaml.cs(108,30): warning CS0168: The variable 'ex' is declared but never used [C:\Users\sihun\Downloads\Aimmy2.5_update_V1.7\Aimmy2_ng5hvuvm_wpftmp.csproj]
C:\Users\sihun\Downloads\Aimmy2.5_update_V1.7\MainWindow.xaml.cs(195,71): warning CS8600: Converting null literal or possible null value to non-nullable type. [C:\Users\sihun\Downloads\Aimmy2.5_update_V1.7\Aimmy2_ng5hvuvm_wpftmp.csproj]
C:\Users\sihun\Downloads\Aimmy2.5_update_V1.7\MainWindow.xaml.cs(197,70): warning CS8600: Converting null literal or possible null value to non-nullable type. [C:\Users\sihun\Downloads\Aimmy2.5_update_V1.7\Aimmy2_ng5hvuvm_wpftmp.csproj]
C:\Users\sihun\Downloads\Aimmy2.5_update_V1.7\Other\StreamGuardManager.cs(129,20): warning CS8603: Possible null reference return. [C:\Users\sihun\Downloads\Aimmy2.5_update_V1.7\Aimmy2_ng5hvuvm_wpftmp.csproj]
C:\Users\sihun\Downloads\Aimmy2.5_update_V1.7\Other\GithubManager.cs(33,30): warning CS8602: Dereference of a possibly null reference. [C:\Users\sihun\Downloads\Aimmy2.5_update_V1.7\Aimmy2_ng5hvuvm_wpftmp.csproj]
C:\Users\sihun\Downloads\Aimmy2.5_update_V1.7\Other\ThemeManager.cs(55,35): warning CS8622: Nullability of reference types in type of parameter 'sender' of 'void ThemeManager.CleanupDeadReferences(object sender, EventArgs e)' doesn't match the target delegate 'EventHandler' (possibly because of nullability attributes). [C:\Users\sihun\Downloads\Aimmy2.5_update_V1.7\Aimmy2_ng5hvuvm_wpftmp.csproj]
C:\Users\sihun\Downloads\Aimmy2.5_update_V1.7\Other\ThemeManager.cs(45,16): warning CS8618: Non-nullable event 'ThemeChanged' must contain a non-null value when exiting constructor. Consider adding the 'required' modifier or declaring the event as nullable. [C:\Users\sihun\Downloads\Aimmy2.5_update_V1.7\Aimmy2_ng5hvuvm_wpftmp.csproj]
C:\Users\sihun\Downloads\Aimmy2.5_update_V1.7\Other\ThemeManager.cs(45,16): warning CS8618: Non-nullable field '_mediaBackgroundBrush' must contain a non-null value when exiting constructor. Consider adding the 'required' modifier or declaring the field as nullable. [C:\Users\sihun\Downloads\Aimmy2.5_update_V1.7\Aimmy2_ng5hvuvm_wpftmp.csproj]
C:\Users\sihun\Downloads\Aimmy2.5_update_V1.7\Other\ThemeManager.cs(45,16): warning CS8618: Non-nullable field '_currentMediaPath' must contain a non-null value when exiting constructor. Consider adding the 'required' modifier or declaring the field as nullable. [C:\Users\sihun\Downloads\Aimmy2.5_update_V1.7\Aimmy2_ng5hvuvm_wpftmp.csproj]
C:\Users\sihun\Downloads\Aimmy2.5_update_V1.7\StartupWindow.xaml.cs(66,30): warning CS0168: The variable 'ex' is declared but never used [C:\Users\sihun\Downloads\Aimmy2.5_update_V1.7\Aimmy2_ng5hvuvm_wpftmp.csproj]
C:\Users\sihun\Downloads\Aimmy2.5_update_V1.7\StartupWindow.xaml.cs(91,30): warning CS0168: The variable 'ex' is declared but never used [C:\Users\sihun\Downloads\Aimmy2.5_update_V1.7\Aimmy2_ng5hvuvm_wpftmp.csproj]
C:\Users\sihun\Downloads\Aimmy2.5_update_V1.7\Other\ThemeManager.cs(120,30): warning CS0168: The variable 'ex' is declared but never used [C:\Users\sihun\Downloads\Aimmy2.5_update_V1.7\Aimmy2_ng5hvuvm_wpftmp.csproj]
C:\Users\sihun\Downloads\Aimmy2.5_update_V1.7\Other\GithubManager.cs(20,27): warning CS8618: Non-nullable property 'name' must contain a non-null value when exiting constructor. Consider adding the 'required' modifier or declaring the property as nullable. [C:\Users\sihun\Downloads\Aimmy2.5_update_V1.7\Aimmy2_ng5hvuvm_wpftmp.csproj]
C:\Users\sihun\Downloads\Aimmy2.5_update_V1.7\Other\StreamGuardManager.cs(249,38): warning CS8625: Cannot convert null literal to non-nullable reference type. [C:\Users\sihun\Downloads\Aimmy2.5_update_V1.7\Aimmy2_ng5hvuvm_wpftmp.csproj]
C:\Users\sihun\Downloads\Aimmy2.5_update_V1.7\UILibrary\AToggle.xaml.cs(32,42): warning CS8622: Nullability of reference types in type of parameter 'sender' of 'void AToggle.OnThemeChanged(object sender, Color newThemeColor)' doesn't match the target delegate 'EventHandler<Color>' (possibly because of nullability attributes). [C:\Users\sihun\Downloads\Aimmy2.5_update_V1.7\Aimmy2_ng5hvuvm_wpftmp.csproj]
C:\Users\sihun\Downloads\Aimmy2.5_update_V1.7\UILibrary\AToggle.xaml.cs(38,69): warning CS8622: Nullability of reference types in type of parameter 'sender' of 'void AToggle.OnThemeChanged(object sender, Color newThemeColor)' doesn't match the target delegate 'EventHandler<Color>' (possibly because of nullability attributes). [C:\Users\sihun\Downloads\Aimmy2.5_update_V1.7\Aimmy2_ng5hvuvm_wpftmp.csproj]
C:\Users\sihun\Downloads\Aimmy2.5_update_V1.7\Other\ThemeManager.cs(184,25): warning CS8602: Dereference of a possibly null reference. [C:\Users\sihun\Downloads\Aimmy2.5_update_V1.7\Aimmy2_ng5hvuvm_wpftmp.csproj]
C:\Users\sihun\Downloads\Aimmy2.5_update_V1.7\Other\ThemeManager.cs(211,25): warning CS8602: Dereference of a possibly null reference. [C:\Users\sihun\Downloads\Aimmy2.5_update_V1.7\Aimmy2_ng5hvuvm_wpftmp.csproj]
C:\Users\sihun\Downloads\Aimmy2.5_update_V1.7\Other\StreamGuardManager.cs(27,65): warning CS8618: Non-nullable field '_popupMonitorTimer' must contain a non-null value when exiting constructor. Consider adding the 'required' modifier or declaring the field as nullable. [C:\Users\sihun\Downloads\Aimmy2.5_update_V1.7\Aimmy2_ng5hvuvm_wpftmp.csproj]
C:\Users\sihun\Downloads\Aimmy2.5_update_V1.7\UISections\ModelMenuControl.xaml.cs(182,85): warning CS8604: Possible null reference argument for parameter 'path3' in 'string Path.Combine(string path1, string path2, string path3)'. [C:\Users\sihun\Downloads\Aimmy2.5_update_V1.7\Aimmy2_ng5hvuvm_wpftmp.csproj]
C:\Users\sihun\Downloads\Aimmy2.5_update_V1.7\UILibrary\AColorWheel.xaml.cs(69,16): warning CS8618: Non-nullable field '_colorWheelBitmap' must contain a non-null value when exiting constructor. Consider adding the 'required' modifier or declaring the field as nullable. [C:\Users\sihun\Downloads\Aimmy2.5_update_V1.7\Aimmy2_ng5hvuvm_wpftmp.csproj]
C:\Users\sihun\Downloads\Aimmy2.5_update_V1.7\MainWindow.xaml.cs(451,38): warning CS0168: The variable 'ex' is declared but never used [C:\Users\sihun\Downloads\Aimmy2.5_update_V1.7\Aimmy2_ng5hvuvm_wpftmp.csproj]
C:\Users\sihun\Downloads\Aimmy2.5_update_V1.7\AILogic\AIManager.cs(1084,75): warning CS8602: Dereference of a possibly null reference. [C:\Users\sihun\Downloads\Aimmy2.5_update_V1.7\Aimmy2_ng5hvuvm_wpftmp.csproj]
C:\Users\sihun\Downloads\Aimmy2.5_update_V1.7\Other\DisplayManager.cs(322,30): warning CS0168: The variable 'ex' is declared but never used [C:\Users\sihun\Downloads\Aimmy2.5_update_V1.7\Aimmy2_ng5hvuvm_wpftmp.csproj]
C:\Users\sihun\Downloads\Aimmy2.5_update_V1.7\Other\DisplayManager.cs(336,30): warning CS0168: The variable 'ex' is declared but never used [C:\Users\sihun\Downloads\Aimmy2.5_update_V1.7\Aimmy2_ng5hvuvm_wpftmp.csproj]
C:\Users\sihun\Downloads\Aimmy2.5_update_V1.7\Other\DisplayManager.cs(350,30): warning CS0168: The variable 'ex' is declared but never used [C:\Users\sihun\Downloads\Aimmy2.5_update_V1.7\Aimmy2_ng5hvuvm_wpftmp.csproj]
C:\Users\sihun\Downloads\Aimmy2.5_update_V1.7\StartupWindow.xaml.cs(361,13): warning CS8602: Dereference of a possibly null reference. [C:\Users\sihun\Downloads\Aimmy2.5_update_V1.7\Aimmy2_ng5hvuvm_wpftmp.csproj]
C:\Users\sihun\Downloads\Aimmy2.5_update_V1.7\Other\ThemeManager.cs(449,33): warning CS8625: Cannot convert null literal to non-nullable reference type. [C:\Users\sihun\Downloads\Aimmy2.5_update_V1.7\Aimmy2_ng5hvuvm_wpftmp.csproj]
C:\Users\sihun\Downloads\Aimmy2.5_update_V1.7\Other\ThemeManager.cs(450,37): warning CS8625: Cannot convert null literal to non-nullable reference type. [C:\Users\sihun\Downloads\Aimmy2.5_update_V1.7\Aimmy2_ng5hvuvm_wpftmp.csproj]
C:\Users\sihun\Downloads\Aimmy2.5_update_V1.7\AILogic\AIManager.cs(1347,55): warning CS8604: Possible null reference argument for parameter 'DetectedPlayerOverlay' in 'void AIManager.UpdateOverlay(DetectedPlayerWindow DetectedPlayerOverlay, Prediction closestPrediction)'. [C:\Users\sihun\Downloads\Aimmy2.5_update_V1.7\Aimmy2_ng5hvuvm_wpftmp.csproj]
C:\Users\sihun\Downloads\Aimmy2.5_update_V1.7\AILogic\AIManager.cs(1347,78): warning CS8604: Possible null reference argument for parameter 'closestPrediction' in 'void AIManager.UpdateOverlay(DetectedPlayerWindow DetectedPlayerOverlay, Prediction closestPrediction)'. [C:\Users\sihun\Downloads\Aimmy2.5_update_V1.7\Aimmy2_ng5hvuvm_wpftmp.csproj]
C:\Users\sihun\Downloads\Aimmy2.5_update_V1.7\AILogic\AIManager.cs(1369,62): warning CS8604: Possible null reference argument for parameter 'DetectedPlayerOverlay' in 'void AIManager.CalculateCoordinates(DetectedPlayerWindow DetectedPlayerOverlay, Prediction closestPrediction, float scaleX, float scaleY)'. [C:\Users\sihun\Downloads\Aimmy2.5_update_V1.7\Aimmy2_ng5hvuvm_wpftmp.csproj]
C:\Users\sihun\Downloads\Aimmy2.5_update_V1.7\StartupWindow.xaml.cs(448,30): warning CS0168: The variable 'ex' is declared but never used [C:\Users\sihun\Downloads\Aimmy2.5_update_V1.7\Aimmy2_ng5hvuvm_wpftmp.csproj]
C:\Users\sihun\Downloads\Aimmy2.5_update_V1.7\StartupWindow.xaml.cs(477,30): warning CS0168: The variable 'ex' is declared but never used [C:\Users\sihun\Downloads\Aimmy2.5_update_V1.7\Aimmy2_ng5hvuvm_wpftmp.csproj]
C:\Users\sihun\Downloads\Aimmy2.5_update_V1.7\UILibrary\AColorWheel.xaml.cs(513,40): warning CS8600: Converting null literal or possible null value to non-nullable type. [C:\Users\sihun\Downloads\Aimmy2.5_update_V1.7\Aimmy2_ng5hvuvm_wpftmp.csproj]
C:\Users\sihun\Downloads\Aimmy2.5_update_V1.7\Other\ThemeManager.cs(803,34): warning CS0168: The variable 'ex' is declared but never used [C:\Users\sihun\Downloads\Aimmy2.5_update_V1.7\Aimmy2_ng5hvuvm_wpftmp.csproj]
C:\Users\sihun\Downloads\Aimmy2.5_update_V1.7\MainWindow.xaml.cs(577,30): warning CS0168: The variable 'ex' is declared but never used [C:\Users\sihun\Downloads\Aimmy2.5_update_V1.7\Aimmy2_ng5hvuvm_wpftmp.csproj]
C:\Users\sihun\Downloads\Aimmy2.5_update_V1.7\UILibrary\ADownloadGateway.xaml.cs(69,39): warning CS8604: Possible null reference argument for parameter 'path' in 'DirectoryInfo Directory.CreateDirectory(string path)'. [C:\Users\sihun\Downloads\Aimmy2.5_update_V1.7\Aimmy2_ng5hvuvm_wpftmp.csproj]
C:\Users\sihun\Downloads\Aimmy2.5_update_V1.7\MainWindow.xaml.cs(598,34): warning CS0168: The variable 'ex' is declared but never used [C:\Users\sihun\Downloads\Aimmy2.5_update_V1.7\Aimmy2_ng5hvuvm_wpftmp.csproj]
C:\Users\sihun\Downloads\Aimmy2.5_update_V1.7\Other\ThemeManager.cs(883,37): warning CS8618: Non-nullable property 'Target' must contain a non-null value when exiting constructor. Consider adding the 'required' modifier or declaring the property as nullable. [C:\Users\sihun\Downloads\Aimmy2.5_update_V1.7\Aimmy2_ng5hvuvm_wpftmp.csproj]
C:\Users\sihun\Downloads\Aimmy2.5_update_V1.7\Other\ThemeManager.cs(884,27): warning CS8618: Non-nullable property 'PropertyPath' must contain a non-null value when exiting constructor. Consider adding the 'required' modifier or declaring the property as nullable. [C:\Users\sihun\Downloads\Aimmy2.5_update_V1.7\Aimmy2_ng5hvuvm_wpftmp.csproj]
C:\Users\sihun\Downloads\Aimmy2.5_update_V1.7\UISections\AimMenuControl.xaml.cs(22,54): warning CS8625: Cannot convert null literal to non-nullable reference type. [C:\Users\sihun\Downloads\Aimmy2.5_update_V1.7\Aimmy2_ng5hvuvm_wpftmp.csproj]
C:\Users\sihun\Downloads\Aimmy2.5_update_V1.7\UISections\AimMenuControl.xaml.cs(23,57): warning CS8625: Cannot convert null literal to non-nullable reference type. [C:\Users\sihun\Downloads\Aimmy2.5_update_V1.7\Aimmy2_ng5hvuvm_wpftmp.csproj]
C:\Users\sihun\Downloads\Aimmy2.5_update_V1.7\UISections\AimMenuControl.xaml.cs(24,63): warning CS8625: Cannot convert null literal to non-nullable reference type. [C:\Users\sihun\Downloads\Aimmy2.5_update_V1.7\Aimmy2_ng5hvuvm_wpftmp.csproj]
C:\Users\sihun\Downloads\Aimmy2.5_update_V1.7\AILogic\AIManager.cs(1558,81): warning CS8602: Dereference of a possibly null reference. [C:\Users\sihun\Downloads\Aimmy2.5_update_V1.7\Aimmy2_ng5hvuvm_wpftmp.csproj]
C:\Users\sihun\Downloads\Aimmy2.5_update_V1.7\UISections\AimMenuControl.xaml.cs(214,29): warning CS8602: Dereference of a possibly null reference. [C:\Users\sihun\Downloads\Aimmy2.5_update_V1.7\Aimmy2_ng5hvuvm_wpftmp.csproj]
C:\Users\sihun\Downloads\Aimmy2.5_update_V1.7\UISections\AimMenuControl.xaml.cs(238,60): warning CS8604: Possible null reference argument for parameter 'toggle' in 'void MainWindow.UpdateToggleUI(AToggle toggle, bool isEnabled)'. [C:\Users\sihun\Downloads\Aimmy2.5_update_V1.7\Aimmy2_ng5hvuvm_wpftmp.csproj]
C:\Users\sihun\Downloads\Aimmy2.5_update_V1.7\MainWindow.xaml.cs(844,30): warning CS0168: The variable 'ex' is declared but never used [C:\Users\sihun\Downloads\Aimmy2.5_update_V1.7\Aimmy2_ng5hvuvm_wpftmp.csproj]
C:\Users\sihun\Downloads\Aimmy2.5_update_V1.7\MainWindow.xaml.cs(890,30): warning CS0168: The variable 'ex' is declared but never used [C:\Users\sihun\Downloads\Aimmy2.5_update_V1.7\Aimmy2_ng5hvuvm_wpftmp.csproj]
C:\Users\sihun\Downloads\Aimmy2.5_update_V1.7\MainWindow.xaml.cs(1283,36): warning CS8604: Possible null reference argument for parameter 'toggle' in 'void MainWindow.UpdateToggleUI(AToggle toggle, bool isEnabled)'. [C:\Users\sihun\Downloads\Aimmy2.5_update_V1.7\Aimmy2_ng5hvuvm_wpftmp.csproj]
C:\Users\sihun\Downloads\Aimmy2.5_update_V1.7\UISections\AimMenuControl.xaml.cs(657,38): warning CS8602: Dereference of a possibly null reference. [C:\Users\sihun\Downloads\Aimmy2.5_update_V1.7\Aimmy2_ng5hvuvm_wpftmp.csproj]
C:\Users\sihun\Downloads\Aimmy2.5_update_V1.7\UISections\AimMenuControl.xaml.cs(918,60): warning CS8625: Cannot convert null literal to non-nullable reference type. [C:\Users\sihun\Downloads\Aimmy2.5_update_V1.7\Aimmy2_ng5hvuvm_wpftmp.csproj]
C:\Users\sihun\Downloads\Aimmy2.5_update_V1.7\UISections\AimMenuControl.xaml.cs(981,54): warning CS8625: Cannot convert null literal to non-nullable reference type. [C:\Users\sihun\Downloads\Aimmy2.5_update_V1.7\Aimmy2_ng5hvuvm_wpftmp.csproj]
C:\Users\sihun\Downloads\Aimmy2.5_update_V1.7\AILogic\AIManager.cs(2615,24): warning CS8603: Possible null reference return. [C:\Users\sihun\Downloads\Aimmy2.5_update_V1.7\Aimmy2_ng5hvuvm_wpftmp.csproj]
C:\Users\sihun\Downloads\Aimmy2.5_update_V1.7\UISections\AimMenuControl.xaml.cs(1043,25): warning CS8602: Dereference of a possibly null reference. [C:\Users\sihun\Downloads\Aimmy2.5_update_V1.7\Aimmy2_ng5hvuvm_wpftmp.csproj]
C:\Users\sihun\Downloads\Aimmy2.5_update_V1.7\UISections\AimMenuControl.xaml.cs(1084,51): warning CS8625: Cannot convert null literal to non-nullable reference type. [C:\Users\sihun\Downloads\Aimmy2.5_update_V1.7\Aimmy2_ng5hvuvm_wpftmp.csproj]
C:\Users\sihun\Downloads\Aimmy2.5_update_V1.7\UISections\AimMenuControl.xaml.cs(1113,51): warning CS8625: Cannot convert null literal to non-nullable reference type. [C:\Users\sihun\Downloads\Aimmy2.5_update_V1.7\Aimmy2_ng5hvuvm_wpftmp.csproj]
C:\Users\sihun\Downloads\Aimmy2.5_update_V1.7\UISections\AimMenuControl.xaml.cs(1142,51): warning CS8625: Cannot convert null literal to non-nullable reference type. [C:\Users\sihun\Downloads\Aimmy2.5_update_V1.7\Aimmy2_ng5hvuvm_wpftmp.csproj]
C:\Users\sihun\Downloads\Aimmy2.5_update_V1.7\UISections\AimMenuControl.xaml.cs(1171,51): warning CS8625: Cannot convert null literal to non-nullable reference type. [C:\Users\sihun\Downloads\Aimmy2.5_update_V1.7\Aimmy2_ng5hvuvm_wpftmp.csproj]
C:\Users\sihun\Downloads\Aimmy2.5_update_V1.7\UISections\AimMenuControl.xaml.cs(1200,51): warning CS8625: Cannot convert null literal to non-nullable reference type. [C:\Users\sihun\Downloads\Aimmy2.5_update_V1.7\Aimmy2_ng5hvuvm_wpftmp.csproj]
C:\Users\sihun\Downloads\Aimmy2.5_update_V1.7\UISections\AimMenuControl.xaml.cs(1229,51): warning CS8625: Cannot convert null literal to non-nullable reference type. [C:\Users\sihun\Downloads\Aimmy2.5_update_V1.7\Aimmy2_ng5hvuvm_wpftmp.csproj]
C:\Users\sihun\Downloads\Aimmy2.5_update_V1.7\AILogic\CaptureManager.cs(52,22): warning CS0414: The field 'CaptureManager._lastStrideMatch' is assigned but its value is never used [C:\Users\sihun\Downloads\Aimmy2.5_update_V1.7\Aimmy2_ng5hvuvm_wpftmp.csproj]
C:\Users\sihun\Downloads\Aimmy2.5_update_V1.7\AILogic\CaptureManager.cs(53,21): warning CS0414: The field 'CaptureManager._lastSrcStride' is assigned but its value is never used [C:\Users\sihun\Downloads\Aimmy2.5_update_V1.7\Aimmy2_ng5hvuvm_wpftmp.csproj]
C:\Users\sihun\Downloads\Aimmy2.5_update_V1.7\AILogic\CaptureManager.cs(54,21): warning CS0414: The field 'CaptureManager._lastDstStride' is assigned but its value is never used [C:\Users\sihun\Downloads\Aimmy2.5_update_V1.7\Aimmy2_ng5hvuvm_wpftmp.csproj]
C:\Users\sihun\Downloads\Aimmy2.5_update_V1.7\AILogic\AIManager.cs(147,22): warning CS0414: The field 'AIManager.PlayerFound' is assigned but its value is never used [C:\Users\sihun\Downloads\Aimmy2.5_update_V1.7\Aimmy2_ng5hvuvm_wpftmp.csproj]
C:\Users\sihun\Downloads\Aimmy2.5_update_V1.7\AILogic\CaptureManager.cs(23,22): warning CS0414: The field 'CaptureManager._notificationShown' is assigned but its value is never used [C:\Users\sihun\Downloads\Aimmy2.5_update_V1.7\Aimmy2_ng5hvuvm_wpftmp.csproj]
C:\Users\sihun\Downloads\Aimmy2.5_update_V1.7\AILogic\WindowsGraphicsCapture.cs(87,36): warning CA1416: This call site is reachable on: 'Windows' 7.0 and later. 'Direct3D11CaptureFramePool.TryGetNextFrame()' is only supported on: 'Windows' 10.0.17134.0 and later. (https://learn.microsoft.com/dotnet/fundamentals/code-analysis/quality-rules/ca1416) [C:\Users\sihun\Downloads\Aimmy2.5_update_V1.7\Aimmy2_ng5hvuvm_wpftmp.csproj]
C:\Users\sihun\Downloads\Aimmy2.5_update_V1.7\AILogic\WindowsGraphicsCapture.cs(92,50): warning CA1416: This call site is reachable on: 'Windows' 7.0 and later. 'SizeInt32.Height' is only supported on: 'Windows' 10.0.15063.0 and later. (https://learn.microsoft.com/dotnet/fundamentals/code-analysis/quality-rules/ca1416) [C:\Users\sihun\Downloads\Aimmy2.5_update_V1.7\Aimmy2_ng5hvuvm_wpftmp.csproj]
C:\Users\sihun\Downloads\Aimmy2.5_update_V1.7\AILogic\WindowsGraphicsCapture.cs(85,35): warning CA1416: This call site is reachable on: 'Windows' 7.0 and later. 'Direct3D11CaptureFramePool.TryGetNextFrame()' is only supported on: 'Windows' 10.0.17134.0 and later. (https://learn.microsoft.com/dotnet/fundamentals/code-analysis/quality-rules/ca1416) [C:\Users\sihun\Downloads\Aimmy2.5_update_V1.7\Aimmy2_ng5hvuvm_wpftmp.csproj]
C:\Users\sihun\Downloads\Aimmy2.5_update_V1.7\AILogic\WindowsGraphicsCapture.cs(98,21): warning CA1416: This call site is reachable on: 'Windows' 7.0 and later. 'Direct3D11CaptureFramePool.Recreate(IDirect3DDevice, DirectXPixelFormat, int, SizeInt32)' is only supported on: 'Windows' 10.0.17134.0 and later. (https://learn.microsoft.com/dotnet/fundamentals/code-analysis/quality-rules/ca1416) [C:\Users\sihun\Downloads\Aimmy2.5_update_V1.7\Aimmy2_ng5hvuvm_wpftmp.csproj]
C:\Users\sihun\Downloads\Aimmy2.5_update_V1.7\AILogic\WindowsGraphicsCapture.cs(92,21): warning CA1416: This call site is reachable on: 'Windows' 7.0 and later. 'SizeInt32.Width' is only supported on: 'Windows' 10.0.15063.0 and later. (https://learn.microsoft.com/dotnet/fundamentals/code-analysis/quality-rules/ca1416) [C:\Users\sihun\Downloads\Aimmy2.5_update_V1.7\Aimmy2_ng5hvuvm_wpftmp.csproj]
C:\Users\sihun\Downloads\Aimmy2.5_update_V1.7\AILogic\WindowsGraphicsCapture.cs(92,65): warning CA1416: This call site is reachable on: 'Windows' 7.0 and later. 'SizeInt32.Height' is only supported on: 'Windows' 10.0.15063.0 and later. (https://learn.microsoft.com/dotnet/fundamentals/code-analysis/quality-rules/ca1416) [C:\Users\sihun\Downloads\Aimmy2.5_update_V1.7\Aimmy2_ng5hvuvm_wpftmp.csproj]
C:\Users\sihun\Downloads\Aimmy2.5_update_V1.7\AILogic\WindowsGraphicsCapture.cs(90,28): warning CA1416: This call site is reachable on: 'Windows' 7.0 and later. 'Direct3D11CaptureFrame.ContentSize' is only supported on: 'Windows' 10.0.17134.0 and later. (https://learn.microsoft.com/dotnet/fundamentals/code-analysis/quality-rules/ca1416) [C:\Users\sihun\Downloads\Aimmy2.5_update_V1.7\Aimmy2_ng5hvuvm_wpftmp.csproj]
C:\Users\sihun\Downloads\Aimmy2.5_update_V1.7\AILogic\WindowsGraphicsCapture.cs(91,40): warning CA1416: This call site is reachable on: 'Windows' 7.0 and later. 'SizeInt32.Height' is only supported on: 'Windows' 10.0.15063.0 and later. (https://learn.microsoft.com/dotnet/fundamentals/code-analysis/quality-rules/ca1416) [C:\Users\sihun\Downloads\Aimmy2.5_update_V1.7\Aimmy2_ng5hvuvm_wpftmp.csproj]
C:\Users\sihun\Downloads\Aimmy2.5_update_V1.7\AILogic\WindowsGraphicsCapture.cs(121,48): warning CA1416: This call site is reachable on: 'Windows' 7.0 and later. 'SizeInt32.Height' is only supported on: 'Windows' 10.0.15063.0 and later. (https://learn.microsoft.com/dotnet/fundamentals/code-analysis/quality-rules/ca1416) [C:\Users\sihun\Downloads\Aimmy2.5_update_V1.7\Aimmy2_ng5hvuvm_wpftmp.csproj]
C:\Users\sihun\Downloads\Aimmy2.5_update_V1.7\AILogic\WindowsGraphicsCapture.cs(98,52): warning CA1416: This call site is reachable on: 'Windows' 7.0 and later. 'DirectXPixelFormat.B8G8R8A8UIntNormalized' is only supported on: 'Windows' 10.0.10240.0 and later. (https://learn.microsoft.com/dotnet/fundamentals/code-analysis/quality-rules/ca1416) [C:\Users\sihun\Downloads\Aimmy2.5_update_V1.7\Aimmy2_ng5hvuvm_wpftmp.csproj]
C:\Users\sihun\Downloads\Aimmy2.5_update_V1.7\AILogic\WindowsGraphicsCapture.cs(92,35): warning CA1416: This call site is reachable on: 'Windows' 7.0 and later. 'SizeInt32.Width' is only supported on: 'Windows' 10.0.15063.0 and later. (https://learn.microsoft.com/dotnet/fundamentals/code-analysis/quality-rules/ca1416) [C:\Users\sihun\Downloads\Aimmy2.5_update_V1.7\Aimmy2_ng5hvuvm_wpftmp.csproj]
C:\Users\sihun\Downloads\Aimmy2.5_update_V1.7\AILogic\WindowsGraphicsCapture.cs(120,47): warning CA1416: This call site is reachable on: 'Windows' 7.0 and later. 'SizeInt32.Width' is only supported on: 'Windows' 10.0.15063.0 and later. (https://learn.microsoft.com/dotnet/fundamentals/code-analysis/quality-rules/ca1416) [C:\Users\sihun\Downloads\Aimmy2.5_update_V1.7\Aimmy2_ng5hvuvm_wpftmp.csproj]
C:\Users\sihun\Downloads\Aimmy2.5_update_V1.7\AILogic\WindowsGraphicsCapture.cs(97,21): warning CA1416: This call site is reachable on: 'Windows' 7.0 and later. 'Direct3D11CaptureFrame.Dispose()' is only supported on: 'Windows' 10.0.17134.0 and later. (https://learn.microsoft.com/dotnet/fundamentals/code-analysis/quality-rules/ca1416) [C:\Users\sihun\Downloads\Aimmy2.5_update_V1.7\Aimmy2_ng5hvuvm_wpftmp.csproj]
C:\Users\sihun\Downloads\Aimmy2.5_update_V1.7\AILogic\WindowsGraphicsCapture.cs(101,30): warning CA1416: This call site is reachable on: 'Windows' 7.0 and later. 'Direct3D11CaptureFrame.Surface' is only supported on: 'Windows' 10.0.17134.0 and later. (https://learn.microsoft.com/dotnet/fundamentals/code-analysis/quality-rules/ca1416) [C:\Users\sihun\Downloads\Aimmy2.5_update_V1.7\Aimmy2_ng5hvuvm_wpftmp.csproj]
C:\Users\sihun\Downloads\Aimmy2.5_update_V1.7\AILogic\WindowsGraphicsCapture.cs(91,21): warning CA1416: This call site is reachable on: 'Windows' 7.0 and later. 'SizeInt32.Width' is only supported on: 'Windows' 10.0.15063.0 and later. (https://learn.microsoft.com/dotnet/fundamentals/code-analysis/quality-rules/ca1416) [C:\Users\sihun\Downloads\Aimmy2.5_update_V1.7\Aimmy2_ng5hvuvm_wpftmp.csproj]
C:\Users\sihun\Downloads\Aimmy2.5_update_V1.7\AILogic\WindowsGraphicsCapture.cs(214,34): warning CA1416: This call site is reachable on: 'Windows' 7.0 and later. 'GraphicsCaptureItem.Closed' is only supported on: 'Windows' 10.0.17134.0 and later. (https://learn.microsoft.com/dotnet/fundamentals/code-analysis/quality-rules/ca1416) [C:\Users\sihun\Downloads\Aimmy2.5_update_V1.7\Aimmy2_ng5hvuvm_wpftmp.csproj]
C:\Users\sihun\Downloads\Aimmy2.5_update_V1.7\AILogic\WindowsGraphicsCapture.cs(177,31): warning CA1416: This call site is reachable on: 'Windows' 7.0 and later. 'SizeInt32.Height' is only supported on: 'Windows' 10.0.15063.0 and later. (https://learn.microsoft.com/dotnet/fundamentals/code-analysis/quality-rules/ca1416) [C:\Users\sihun\Downloads\Aimmy2.5_update_V1.7\Aimmy2_ng5hvuvm_wpftmp.csproj]
C:\Users\sihun\Downloads\Aimmy2.5_update_V1.7\AILogic\WindowsGraphicsCapture.cs(176,30): warning CA1416: This call site is reachable on: 'Windows' 7.0 and later. 'SizeInt32.Width' is only supported on: 'Windows' 10.0.15063.0 and later. (https://learn.microsoft.com/dotnet/fundamentals/code-analysis/quality-rules/ca1416) [C:\Users\sihun\Downloads\Aimmy2.5_update_V1.7\Aimmy2_ng5hvuvm_wpftmp.csproj]
C:\Users\sihun\Downloads\Aimmy2.5_update_V1.7\AILogic\WindowsGraphicsCapture.cs(246,30): warning CA1416: This call site is reachable on: 'Windows' 7.0 and later. 'GraphicsCaptureItem' is only supported on: 'Windows' 10.0.17134.0 and later. (https://learn.microsoft.com/dotnet/fundamentals/code-analysis/quality-rules/ca1416) [C:\Users\sihun\Downloads\Aimmy2.5_update_V1.7\Aimmy2_ng5hvuvm_wpftmp.csproj]
C:\Users\sihun\Downloads\Aimmy2.5_update_V1.7\Other\UpdateManager.cs(32,30): warning CS0168: The variable 'ex' is declared but never used [C:\Users\sihun\Downloads\Aimmy2.5_update_V1.7\Aimmy2.csproj]
C:\Users\sihun\Downloads\Aimmy2.5_update_V1.7\Visuality\ColorPicker.xaml.cs(35,42): warning CS8622: Nullability of reference types in type of parameter 'sender' of 'void ColorPicker.OnThemeChanged(object sender, Color newColor)' doesn't match the target delegate 'EventHandler<Color>' (possibly because of nullability attributes). [C:\Users\sihun\Downloads\Aimmy2.5_update_V1.7\Aimmy2.csproj]
C:\Users\sihun\Downloads\Aimmy2.5_update_V1.7\Visuality\ColorPicker.xaml.cs(20,16): warning CS8618: Non-nullable event 'ColorChanged' must contain a non-null value when exiting constructor. Consider adding the 'required' modifier or declaring the event as nullable. [C:\Users\sihun\Downloads\Aimmy2.5_update_V1.7\Aimmy2.csproj]
C:\Users\sihun\Downloads\Aimmy2.5_update_V1.7\Visuality\ColorPicker.xaml.cs(97,24): warning CS8600: Converting null literal or possible null value to non-nullable type. [C:\Users\sihun\Downloads\Aimmy2.5_update_V1.7\Aimmy2.csproj]
C:\Users\sihun\Downloads\Aimmy2.5_update_V1.7\Visuality\ColorPicker.xaml.cs(97,24): warning CS8603: Possible null reference return. [C:\Users\sihun\Downloads\Aimmy2.5_update_V1.7\Aimmy2.csproj]
C:\Users\sihun\Downloads\Aimmy2.5_update_V1.7\Visuality\ColorPicker.xaml.cs(98,20): warning CS8603: Possible null reference return. [C:\Users\sihun\Downloads\Aimmy2.5_update_V1.7\Aimmy2.csproj]
C:\Users\sihun\Downloads\Aimmy2.5_update_V1.7\Visuality\ColorPicker.xaml.cs(139,42): warning CS8622: Nullability of reference types in type of parameter 'sender' of 'void ColorPicker.OnThemeChanged(object sender, Color newColor)' doesn't match the target delegate 'EventHandler<Color>' (possibly because of nullability attributes). [C:\Users\sihun\Downloads\Aimmy2.5_update_V1.7\Aimmy2.csproj]
C:\Users\sihun\Downloads\Aimmy2.5_update_V1.7\MouseMovementLibraries\GHubSupport\LGDownloader.xaml.cs(34,42): warning CS8622: Nullability of reference types in type of parameter 'sender' of 'void LGDownloader.OnThemeChanged(object sender, Color newColor)' doesn't match the target delegate 'EventHandler<Color>' (possibly because of nullability attributes). [C:\Users\sihun\Downloads\Aimmy2.5_update_V1.7\Aimmy2.csproj]
C:\Users\sihun\Downloads\Aimmy2.5_update_V1.7\AILogic\CaptureManager.cs(138,34): warning CS0168: The variable 'ex' is declared but never used [C:\Users\sihun\Downloads\Aimmy2.5_update_V1.7\Aimmy2.csproj]
C:\Users\sihun\Downloads\Aimmy2.5_update_V1.7\Other\RequirementsManager.cs(52,39): warning CS8602: Dereference of a possibly null reference. [C:\Users\sihun\Downloads\Aimmy2.5_update_V1.7\Aimmy2.csproj]
C:\Users\sihun\Downloads\Aimmy2.5_update_V1.7\Other\RequirementsManager.cs(61,22): warning CS8602: Dereference of a possibly null reference. [C:\Users\sihun\Downloads\Aimmy2.5_update_V1.7\Aimmy2.csproj]
C:\Users\sihun\Downloads\Aimmy2.5_update_V1.7\MouseMovementLibraries\GHubSupport\LGDownloader.xaml.cs(110,66): warning CS8604: Possible null reference argument for parameter 'uriString' in 'Uri.Uri(string uriString)'. [C:\Users\sihun\Downloads\Aimmy2.5_update_V1.7\Aimmy2.csproj]
C:\Users\sihun\Downloads\Aimmy2.5_update_V1.7\MouseMovementLibraries\GHubSupport\LGDownloader.xaml.cs(141,42): warning CS8622: Nullability of reference types in type of parameter 'sender' of 'void LGDownloader.OnThemeChanged(object sender, Color newColor)' doesn't match the target delegate 'EventHandler<Color>' (possibly because of nullability attributes). [C:\Users\sihun\Downloads\Aimmy2.5_update_V1.7\Aimmy2.csproj]
C:\Users\sihun\Downloads\Aimmy2.5_update_V1.7\App.xaml.cs(57,13): warning CS0162: Unreachable code detected [C:\Users\sihun\Downloads\Aimmy2.5_update_V1.7\Aimmy2.csproj]
C:\Users\sihun\Downloads\Aimmy2.5_update_V1.7\App.xaml.cs(110,30): warning CS0168: The variable 'ex' is declared but never used [C:\Users\sihun\Downloads\Aimmy2.5_update_V1.7\Aimmy2.csproj]
C:\Users\sihun\Downloads\Aimmy2.5_update_V1.7\UISections\SettingsMenuControl.xaml.cs(481,13): warning CS8602: Dereference of a possibly null reference. [C:\Users\sihun\Downloads\Aimmy2.5_update_V1.7\Aimmy2.csproj]
C:\Users\sihun\Downloads\Aimmy2.5_update_V1.7\UISections\SettingsMenuControl.xaml.cs(502,34): warning CS0168: The variable 'ex' is declared but never used [C:\Users\sihun\Downloads\Aimmy2.5_update_V1.7\Aimmy2.csproj]
C:\Users\sihun\Downloads\Aimmy2.5_update_V1.7\Class\UI.cs(85,26): warning CS8618: Non-nullable property 'D_FOVSTYLE' must contain a non-null value when exiting constructor. Consider adding the 'required' modifier or declaring the property as nullable. [C:\Users\sihun\Downloads\Aimmy2.5_update_V1.7\Aimmy2.csproj]
C:\Users\sihun\Downloads\Aimmy2.5_update_V1.7\Visuality\ConfigSaver.xaml.cs(49,42): warning CS8622: Nullability of reference types in type of parameter 'sender' of 'void ConfigSaver.OnThemeChanged(object sender, Color newColor)' doesn't match the target delegate 'EventHandler<Color>' (possibly because of nullability attributes). [C:\Users\sihun\Downloads\Aimmy2.5_update_V1.7\Aimmy2.csproj]
C:\Users\sihun\Downloads\Aimmy2.5_update_V1.7\Visuality\ConfigSaver.xaml.cs(113,42): warning CS8622: Nullability of reference types in type of parameter 'sender' of 'void ConfigSaver.OnThemeChanged(object sender, Color newColor)' doesn't match the target delegate 'EventHandler<Color>' (possibly because of nullability attributes). [C:\Users\sihun\Downloads\Aimmy2.5_update_V1.7\Aimmy2.csproj]
C:\Users\sihun\Downloads\Aimmy2.5_update_V1.7\MouseMovementLibraries\ddxoftSupport\ddxoftMouse.cs(41,24): warning CS8618: Non-nullable field 'btn' must contain a non-null value when exiting constructor. Consider adding the 'required' modifier or declaring the field as nullable. [C:\Users\sihun\Downloads\Aimmy2.5_update_V1.7\Aimmy2.csproj]
C:\Users\sihun\Downloads\Aimmy2.5_update_V1.7\MouseMovementLibraries\ddxoftSupport\ddxoftMouse.cs(42,24): warning CS8618: Non-nullable field 'whl' must contain a non-null value when exiting constructor. Consider adding the 'required' modifier or declaring the field as nullable. [C:\Users\sihun\Downloads\Aimmy2.5_update_V1.7\Aimmy2.csproj]
C:\Users\sihun\Downloads\Aimmy2.5_update_V1.7\MouseMovementLibraries\ddxoftSupport\ddxoftMouse.cs(43,24): warning CS8618: Non-nullable field 'mov' must contain a non-null value when exiting constructor. Consider adding the 'required' modifier or declaring the field as nullable. [C:\Users\sihun\Downloads\Aimmy2.5_update_V1.7\Aimmy2.csproj]
C:\Users\sihun\Downloads\Aimmy2.5_update_V1.7\MouseMovementLibraries\ddxoftSupport\ddxoftMouse.cs(44,25): warning CS8618: Non-nullable field 'movR' must contain a non-null value when exiting constructor. Consider adding the 'required' modifier or declaring the field as nullable. [C:\Users\sihun\Downloads\Aimmy2.5_update_V1.7\Aimmy2.csproj]
C:\Users\sihun\Downloads\Aimmy2.5_update_V1.7\MouseMovementLibraries\ddxoftSupport\ddxoftMouse.cs(45,24): warning CS8618: Non-nullable field 'key' must contain a non-null value when exiting constructor. Consider adding the 'required' modifier or declaring the field as nullable. [C:\Users\sihun\Downloads\Aimmy2.5_update_V1.7\Aimmy2.csproj]
C:\Users\sihun\Downloads\Aimmy2.5_update_V1.7\MouseMovementLibraries\ddxoftSupport\ddxoftMouse.cs(46,24): warning CS8618: Non-nullable field 'str' must contain a non-null value when exiting constructor. Consider adding the 'required' modifier or declaring the field as nullable. [C:\Users\sihun\Downloads\Aimmy2.5_update_V1.7\Aimmy2.csproj]
C:\Users\sihun\Downloads\Aimmy2.5_update_V1.7\MouseMovementLibraries\ddxoftSupport\ddxoftMouse.cs(47,25): warning CS8618: Non-nullable field 'todc' must contain a non-null value when exiting constructor. Consider adding the 'required' modifier or declaring the field as nullable. [C:\Users\sihun\Downloads\Aimmy2.5_update_V1.7\Aimmy2.csproj]
C:\Users\sihun\Downloads\Aimmy2.5_update_V1.7\Visuality\FOV.xaml.cs(108,30): warning CS0168: The variable 'ex' is declared but never used [C:\Users\sihun\Downloads\Aimmy2.5_update_V1.7\Aimmy2.csproj]
C:\Users\sihun\Downloads\Aimmy2.5_update_V1.7\Other\DisplayManager.cs(322,30): warning CS0168: The variable 'ex' is declared but never used [C:\Users\sihun\Downloads\Aimmy2.5_update_V1.7\Aimmy2.csproj]
C:\Users\sihun\Downloads\Aimmy2.5_update_V1.7\Other\DisplayManager.cs(336,30): warning CS0168: The variable 'ex' is declared but never used [C:\Users\sihun\Downloads\Aimmy2.5_update_V1.7\Aimmy2.csproj]
C:\Users\sihun\Downloads\Aimmy2.5_update_V1.7\Other\DisplayManager.cs(350,30): warning CS0168: The variable 'ex' is declared but never used [C:\Users\sihun\Downloads\Aimmy2.5_update_V1.7\Aimmy2.csproj]
C:\Users\sihun\Downloads\Aimmy2.5_update_V1.7\Other\StreamGuardManager.cs(129,20): warning CS8603: Possible null reference return. [C:\Users\sihun\Downloads\Aimmy2.5_update_V1.7\Aimmy2.csproj]
C:\Users\sihun\Downloads\Aimmy2.5_update_V1.7\StartupWindow.xaml.cs(66,30): warning CS0168: The variable 'ex' is declared but never used [C:\Users\sihun\Downloads\Aimmy2.5_update_V1.7\Aimmy2.csproj]
C:\Users\sihun\Downloads\Aimmy2.5_update_V1.7\AILogic\WeaponSlotManager.cs(759,17): warning CS8602: Dereference of a possibly null reference. [C:\Users\sihun\Downloads\Aimmy2.5_update_V1.7\Aimmy2.csproj]
C:\Users\sihun\Downloads\Aimmy2.5_update_V1.7\StartupWindow.xaml.cs(91,30): warning CS0168: The variable 'ex' is declared but never used [C:\Users\sihun\Downloads\Aimmy2.5_update_V1.7\Aimmy2.csproj]
C:\Users\sihun\Downloads\Aimmy2.5_update_V1.7\Other\GithubManager.cs(33,30): warning CS8602: Dereference of a possibly null reference. [C:\Users\sihun\Downloads\Aimmy2.5_update_V1.7\Aimmy2.csproj]
C:\Users\sihun\Downloads\Aimmy2.5_update_V1.7\Other\GithubManager.cs(20,27): warning CS8618: Non-nullable property 'name' must contain a non-null value when exiting constructor. Consider adding the 'required' modifier or declaring the property as nullable. [C:\Users\sihun\Downloads\Aimmy2.5_update_V1.7\Aimmy2.csproj]
C:\Users\sihun\Downloads\Aimmy2.5_update_V1.7\MainWindow.xaml.cs(112,16): warning CS8618: Non-nullable field '_notifyIcon' must contain a non-null value when exiting constructor. Consider adding the 'required' modifier or declaring the field as nullable. [C:\Users\sihun\Downloads\Aimmy2.5_update_V1.7\Aimmy2.csproj]
C:\Users\sihun\Downloads\Aimmy2.5_update_V1.7\UISections\ModelMenuControl.xaml.cs(182,85): warning CS8604: Possible null reference argument for parameter 'path3' in 'string Path.Combine(string path1, string path2, string path3)'. [C:\Users\sihun\Downloads\Aimmy2.5_update_V1.7\Aimmy2.csproj]
C:\Users\sihun\Downloads\Aimmy2.5_update_V1.7\Other\StreamGuardManager.cs(249,38): warning CS8625: Cannot convert null literal to non-nullable reference type. [C:\Users\sihun\Downloads\Aimmy2.5_update_V1.7\Aimmy2.csproj]
C:\Users\sihun\Downloads\Aimmy2.5_update_V1.7\MainWindow.xaml.cs(195,71): warning CS8600: Converting null literal or possible null value to non-nullable type. [C:\Users\sihun\Downloads\Aimmy2.5_update_V1.7\Aimmy2.csproj]
C:\Users\sihun\Downloads\Aimmy2.5_update_V1.7\MainWindow.xaml.cs(197,70): warning CS8600: Converting null literal or possible null value to non-nullable type. [C:\Users\sihun\Downloads\Aimmy2.5_update_V1.7\Aimmy2.csproj]
C:\Users\sihun\Downloads\Aimmy2.5_update_V1.7\Other\StreamGuardManager.cs(27,65): warning CS8618: Non-nullable field '_popupMonitorTimer' must contain a non-null value when exiting constructor. Consider adding the 'required' modifier or declaring the field as nullable. [C:\Users\sihun\Downloads\Aimmy2.5_update_V1.7\Aimmy2.csproj]
C:\Users\sihun\Downloads\Aimmy2.5_update_V1.7\Other\ThemeManager.cs(55,35): warning CS8622: Nullability of reference types in type of parameter 'sender' of 'void ThemeManager.CleanupDeadReferences(object sender, EventArgs e)' doesn't match the target delegate 'EventHandler' (possibly because of nullability attributes). [C:\Users\sihun\Downloads\Aimmy2.5_update_V1.7\Aimmy2.csproj]
C:\Users\sihun\Downloads\Aimmy2.5_update_V1.7\Other\ThemeManager.cs(45,16): warning CS8618: Non-nullable event 'ThemeChanged' must contain a non-null value when exiting constructor. Consider adding the 'required' modifier or declaring the event as nullable. [C:\Users\sihun\Downloads\Aimmy2.5_update_V1.7\Aimmy2.csproj]
C:\Users\sihun\Downloads\Aimmy2.5_update_V1.7\Other\ThemeManager.cs(45,16): warning CS8618: Non-nullable field '_mediaBackgroundBrush' must contain a non-null value when exiting constructor. Consider adding the 'required' modifier or declaring the field as nullable. [C:\Users\sihun\Downloads\Aimmy2.5_update_V1.7\Aimmy2.csproj]
C:\Users\sihun\Downloads\Aimmy2.5_update_V1.7\Other\ThemeManager.cs(45,16): warning CS8618: Non-nullable field '_currentMediaPath' must contain a non-null value when exiting constructor. Consider adding the 'required' modifier or declaring the field as nullable. [C:\Users\sihun\Downloads\Aimmy2.5_update_V1.7\Aimmy2.csproj]
C:\Users\sihun\Downloads\Aimmy2.5_update_V1.7\Other\ThemeManager.cs(120,30): warning CS0168: The variable 'ex' is declared but never used [C:\Users\sihun\Downloads\Aimmy2.5_update_V1.7\Aimmy2.csproj]
C:\Users\sihun\Downloads\Aimmy2.5_update_V1.7\UILibrary\AToggle.xaml.cs(32,42): warning CS8622: Nullability of reference types in type of parameter 'sender' of 'void AToggle.OnThemeChanged(object sender, Color newThemeColor)' doesn't match the target delegate 'EventHandler<Color>' (possibly because of nullability attributes). [C:\Users\sihun\Downloads\Aimmy2.5_update_V1.7\Aimmy2.csproj]
C:\Users\sihun\Downloads\Aimmy2.5_update_V1.7\UILibrary\AToggle.xaml.cs(38,69): warning CS8622: Nullability of reference types in type of parameter 'sender' of 'void AToggle.OnThemeChanged(object sender, Color newThemeColor)' doesn't match the target delegate 'EventHandler<Color>' (possibly because of nullability attributes). [C:\Users\sihun\Downloads\Aimmy2.5_update_V1.7\Aimmy2.csproj]
C:\Users\sihun\Downloads\Aimmy2.5_update_V1.7\UILibrary\AColorWheel.xaml.cs(69,16): warning CS8618: Non-nullable field '_colorWheelBitmap' must contain a non-null value when exiting constructor. Consider adding the 'required' modifier or declaring the field as nullable. [C:\Users\sihun\Downloads\Aimmy2.5_update_V1.7\Aimmy2.csproj]
C:\Users\sihun\Downloads\Aimmy2.5_update_V1.7\Other\ThemeManager.cs(184,25): warning CS8602: Dereference of a possibly null reference. [C:\Users\sihun\Downloads\Aimmy2.5_update_V1.7\Aimmy2.csproj]
C:\Users\sihun\Downloads\Aimmy2.5_update_V1.7\Other\ThemeManager.cs(211,25): warning CS8602: Dereference of a possibly null reference. [C:\Users\sihun\Downloads\Aimmy2.5_update_V1.7\Aimmy2.csproj]
C:\Users\sihun\Downloads\Aimmy2.5_update_V1.7\StartupWindow.xaml.cs(361,13): warning CS8602: Dereference of a possibly null reference. [C:\Users\sihun\Downloads\Aimmy2.5_update_V1.7\Aimmy2.csproj]
C:\Users\sihun\Downloads\Aimmy2.5_update_V1.7\StartupWindow.xaml.cs(448,30): warning CS0168: The variable 'ex' is declared but never used [C:\Users\sihun\Downloads\Aimmy2.5_update_V1.7\Aimmy2.csproj]
C:\Users\sihun\Downloads\Aimmy2.5_update_V1.7\StartupWindow.xaml.cs(477,30): warning CS0168: The variable 'ex' is declared but never used [C:\Users\sihun\Downloads\Aimmy2.5_update_V1.7\Aimmy2.csproj]
C:\Users\sihun\Downloads\Aimmy2.5_update_V1.7\Visuality\DetectedPlayerWindow.xaml.cs(132,30): warning CS0168: The variable 'ex' is declared but never used [C:\Users\sihun\Downloads\Aimmy2.5_update_V1.7\Aimmy2.csproj]
C:\Users\sihun\Downloads\Aimmy2.5_update_V1.7\Visuality\DetectedPlayerWindow.xaml.cs(193,68): warning CS8602: Dereference of a possibly null reference. [C:\Users\sihun\Downloads\Aimmy2.5_update_V1.7\Aimmy2.csproj]
C:\Users\sihun\Downloads\Aimmy2.5_update_V1.7\Other\ThemeManager.cs(449,33): warning CS8625: Cannot convert null literal to non-nullable reference type. [C:\Users\sihun\Downloads\Aimmy2.5_update_V1.7\Aimmy2.csproj]
C:\Users\sihun\Downloads\Aimmy2.5_update_V1.7\Other\ThemeManager.cs(450,37): warning CS8625: Cannot convert null literal to non-nullable reference type. [C:\Users\sihun\Downloads\Aimmy2.5_update_V1.7\Aimmy2.csproj]
C:\Users\sihun\Downloads\Aimmy2.5_update_V1.7\UILibrary\ADownloadGateway.xaml.cs(69,39): warning CS8604: Possible null reference argument for parameter 'path' in 'DirectoryInfo Directory.CreateDirectory(string path)'. [C:\Users\sihun\Downloads\Aimmy2.5_update_V1.7\Aimmy2.csproj]
C:\Users\sihun\Downloads\Aimmy2.5_update_V1.7\UILibrary\AColorWheel.xaml.cs(513,40): warning CS8600: Converting null literal or possible null value to non-nullable type. [C:\Users\sihun\Downloads\Aimmy2.5_update_V1.7\Aimmy2.csproj]
C:\Users\sihun\Downloads\Aimmy2.5_update_V1.7\Other\ThemeManager.cs(803,34): warning CS0168: The variable 'ex' is declared but never used [C:\Users\sihun\Downloads\Aimmy2.5_update_V1.7\Aimmy2.csproj]
C:\Users\sihun\Downloads\Aimmy2.5_update_V1.7\UISections\AimMenuControl.xaml.cs(22,54): warning CS8625: Cannot convert null literal to non-nullable reference type. [C:\Users\sihun\Downloads\Aimmy2.5_update_V1.7\Aimmy2.csproj]
C:\Users\sihun\Downloads\Aimmy2.5_update_V1.7\UISections\AimMenuControl.xaml.cs(23,57): warning CS8625: Cannot convert null literal to non-nullable reference type. [C:\Users\sihun\Downloads\Aimmy2.5_update_V1.7\Aimmy2.csproj]
C:\Users\sihun\Downloads\Aimmy2.5_update_V1.7\UISections\AimMenuControl.xaml.cs(24,63): warning CS8625: Cannot convert null literal to non-nullable reference type. [C:\Users\sihun\Downloads\Aimmy2.5_update_V1.7\Aimmy2.csproj]
C:\Users\sihun\Downloads\Aimmy2.5_update_V1.7\Other\ThemeManager.cs(883,37): warning CS8618: Non-nullable property 'Target' must contain a non-null value when exiting constructor. Consider adding the 'required' modifier or declaring the property as nullable. [C:\Users\sihun\Downloads\Aimmy2.5_update_V1.7\Aimmy2.csproj]
C:\Users\sihun\Downloads\Aimmy2.5_update_V1.7\Other\ThemeManager.cs(884,27): warning CS8618: Non-nullable property 'PropertyPath' must contain a non-null value when exiting constructor. Consider adding the 'required' modifier or declaring the property as nullable. [C:\Users\sihun\Downloads\Aimmy2.5_update_V1.7\Aimmy2.csproj]
C:\Users\sihun\Downloads\Aimmy2.5_update_V1.7\MainWindow.xaml.cs(451,38): warning CS0168: The variable 'ex' is declared but never used [C:\Users\sihun\Downloads\Aimmy2.5_update_V1.7\Aimmy2.csproj]
C:\Users\sihun\Downloads\Aimmy2.5_update_V1.7\AILogic\AIManager.cs(761,76): warning CS8602: Dereference of a possibly null reference. [C:\Users\sihun\Downloads\Aimmy2.5_update_V1.7\Aimmy2.csproj]
C:\Users\sihun\Downloads\Aimmy2.5_update_V1.7\UISections\AimMenuControl.xaml.cs(214,29): warning CS8602: Dereference of a possibly null reference. [C:\Users\sihun\Downloads\Aimmy2.5_update_V1.7\Aimmy2.csproj]
C:\Users\sihun\Downloads\Aimmy2.5_update_V1.7\UISections\AimMenuControl.xaml.cs(238,60): warning CS8604: Possible null reference argument for parameter 'toggle' in 'void MainWindow.UpdateToggleUI(AToggle toggle, bool isEnabled)'. [C:\Users\sihun\Downloads\Aimmy2.5_update_V1.7\Aimmy2.csproj]
C:\Users\sihun\Downloads\Aimmy2.5_update_V1.7\MainWindow.xaml.cs(577,30): warning CS0168: The variable 'ex' is declared but never used [C:\Users\sihun\Downloads\Aimmy2.5_update_V1.7\Aimmy2.csproj]
C:\Users\sihun\Downloads\Aimmy2.5_update_V1.7\MainWindow.xaml.cs(598,34): warning CS0168: The variable 'ex' is declared but never used [C:\Users\sihun\Downloads\Aimmy2.5_update_V1.7\Aimmy2.csproj]
C:\Users\sihun\Downloads\Aimmy2.5_update_V1.7\AILogic\AIManager.cs(1084,75): warning CS8602: Dereference of a possibly null reference. [C:\Users\sihun\Downloads\Aimmy2.5_update_V1.7\Aimmy2.csproj]
C:\Users\sihun\Downloads\Aimmy2.5_update_V1.7\MainWindow.xaml.cs(844,30): warning CS0168: The variable 'ex' is declared but never used [C:\Users\sihun\Downloads\Aimmy2.5_update_V1.7\Aimmy2.csproj]
C:\Users\sihun\Downloads\Aimmy2.5_update_V1.7\MainWindow.xaml.cs(890,30): warning CS0168: The variable 'ex' is declared but never used [C:\Users\sihun\Downloads\Aimmy2.5_update_V1.7\Aimmy2.csproj]
C:\Users\sihun\Downloads\Aimmy2.5_update_V1.7\AILogic\AIManager.cs(1347,55): warning CS8604: Possible null reference argument for parameter 'DetectedPlayerOverlay' in 'void AIManager.UpdateOverlay(DetectedPlayerWindow DetectedPlayerOverlay, Prediction closestPrediction)'. [C:\Users\sihun\Downloads\Aimmy2.5_update_V1.7\Aimmy2.csproj]
C:\Users\sihun\Downloads\Aimmy2.5_update_V1.7\AILogic\AIManager.cs(1347,78): warning CS8604: Possible null reference argument for parameter 'closestPrediction' in 'void AIManager.UpdateOverlay(DetectedPlayerWindow DetectedPlayerOverlay, Prediction closestPrediction)'. [C:\Users\sihun\Downloads\Aimmy2.5_update_V1.7\Aimmy2.csproj]
C:\Users\sihun\Downloads\Aimmy2.5_update_V1.7\AILogic\AIManager.cs(1369,62): warning CS8604: Possible null reference argument for parameter 'DetectedPlayerOverlay' in 'void AIManager.CalculateCoordinates(DetectedPlayerWindow DetectedPlayerOverlay, Prediction closestPrediction, float scaleX, float scaleY)'. [C:\Users\sihun\Downloads\Aimmy2.5_update_V1.7\Aimmy2.csproj]
C:\Users\sihun\Downloads\Aimmy2.5_update_V1.7\UISections\AimMenuControl.xaml.cs(657,38): warning CS8602: Dereference of a possibly null reference. [C:\Users\sihun\Downloads\Aimmy2.5_update_V1.7\Aimmy2.csproj]
C:\Users\sihun\Downloads\Aimmy2.5_update_V1.7\MainWindow.xaml.cs(1283,36): warning CS8604: Possible null reference argument for parameter 'toggle' in 'void MainWindow.UpdateToggleUI(AToggle toggle, bool isEnabled)'. [C:\Users\sihun\Downloads\Aimmy2.5_update_V1.7\Aimmy2.csproj]
C:\Users\sihun\Downloads\Aimmy2.5_update_V1.7\UISections\AimMenuControl.xaml.cs(918,60): warning CS8625: Cannot convert null literal to non-nullable reference type. [C:\Users\sihun\Downloads\Aimmy2.5_update_V1.7\Aimmy2.csproj]
C:\Users\sihun\Downloads\Aimmy2.5_update_V1.7\UISections\AimMenuControl.xaml.cs(981,54): warning CS8625: Cannot convert null literal to non-nullable reference type. [C:\Users\sihun\Downloads\Aimmy2.5_update_V1.7\Aimmy2.csproj]
C:\Users\sihun\Downloads\Aimmy2.5_update_V1.7\AILogic\AIManager.cs(1558,81): warning CS8602: Dereference of a possibly null reference. [C:\Users\sihun\Downloads\Aimmy2.5_update_V1.7\Aimmy2.csproj]
C:\Users\sihun\Downloads\Aimmy2.5_update_V1.7\UISections\AimMenuControl.xaml.cs(1043,25): warning CS8602: Dereference of a possibly null reference. [C:\Users\sihun\Downloads\Aimmy2.5_update_V1.7\Aimmy2.csproj]
C:\Users\sihun\Downloads\Aimmy2.5_update_V1.7\UISections\AimMenuControl.xaml.cs(1084,51): warning CS8625: Cannot convert null literal to non-nullable reference type. [C:\Users\sihun\Downloads\Aimmy2.5_update_V1.7\Aimmy2.csproj]
C:\Users\sihun\Downloads\Aimmy2.5_update_V1.7\UISections\AimMenuControl.xaml.cs(1113,51): warning CS8625: Cannot convert null literal to non-nullable reference type. [C:\Users\sihun\Downloads\Aimmy2.5_update_V1.7\Aimmy2.csproj]
C:\Users\sihun\Downloads\Aimmy2.5_update_V1.7\UISections\AimMenuControl.xaml.cs(1142,51): warning CS8625: Cannot convert null literal to non-nullable reference type. [C:\Users\sihun\Downloads\Aimmy2.5_update_V1.7\Aimmy2.csproj]
C:\Users\sihun\Downloads\Aimmy2.5_update_V1.7\UISections\AimMenuControl.xaml.cs(1171,51): warning CS8625: Cannot convert null literal to non-nullable reference type. [C:\Users\sihun\Downloads\Aimmy2.5_update_V1.7\Aimmy2.csproj]
C:\Users\sihun\Downloads\Aimmy2.5_update_V1.7\UISections\AimMenuControl.xaml.cs(1200,51): warning CS8625: Cannot convert null literal to non-nullable reference type. [C:\Users\sihun\Downloads\Aimmy2.5_update_V1.7\Aimmy2.csproj]
C:\Users\sihun\Downloads\Aimmy2.5_update_V1.7\UISections\AimMenuControl.xaml.cs(1229,51): warning CS8625: Cannot convert null literal to non-nullable reference type. [C:\Users\sihun\Downloads\Aimmy2.5_update_V1.7\Aimmy2.csproj]
C:\Users\sihun\Downloads\Aimmy2.5_update_V1.7\AILogic\AIManager.cs(2615,24): warning CS8603: Possible null reference return. [C:\Users\sihun\Downloads\Aimmy2.5_update_V1.7\Aimmy2.csproj]
C:\Users\sihun\Downloads\Aimmy2.5_update_V1.7\AILogic\CaptureManager.cs(54,21): warning CS0414: The field 'CaptureManager._lastDstStride' is assigned but its value is never used [C:\Users\sihun\Downloads\Aimmy2.5_update_V1.7\Aimmy2.csproj]
C:\Users\sihun\Downloads\Aimmy2.5_update_V1.7\AILogic\AIManager.cs(147,22): warning CS0414: The field 'AIManager.PlayerFound' is assigned but its value is never used [C:\Users\sihun\Downloads\Aimmy2.5_update_V1.7\Aimmy2.csproj]
C:\Users\sihun\Downloads\Aimmy2.5_update_V1.7\AILogic\CaptureManager.cs(52,22): warning CS0414: The field 'CaptureManager._lastStrideMatch' is assigned but its value is never used [C:\Users\sihun\Downloads\Aimmy2.5_update_V1.7\Aimmy2.csproj]
C:\Users\sihun\Downloads\Aimmy2.5_update_V1.7\AILogic\CaptureManager.cs(53,21): warning CS0414: The field 'CaptureManager._lastSrcStride' is assigned but its value is never used [C:\Users\sihun\Downloads\Aimmy2.5_update_V1.7\Aimmy2.csproj]
C:\Users\sihun\Downloads\Aimmy2.5_update_V1.7\AILogic\CaptureManager.cs(23,22): warning CS0414: The field 'CaptureManager._notificationShown' is assigned but its value is never used [C:\Users\sihun\Downloads\Aimmy2.5_update_V1.7\Aimmy2.csproj]
C:\Users\sihun\Downloads\Aimmy2.5_update_V1.7\AILogic\WindowsGraphicsCapture.cs(246,30): warning CA1416: This call site is reachable on: 'Windows' 7.0 and later. 'GraphicsCaptureItem' is only supported on: 'Windows' 10.0.17134.0 and later. (https://learn.microsoft.com/dotnet/fundamentals/code-analysis/quality-rules/ca1416) [C:\Users\sihun\Downloads\Aimmy2.5_update_V1.7\Aimmy2.csproj]
C:\Users\sihun\Downloads\Aimmy2.5_update_V1.7\AILogic\WindowsGraphicsCapture.cs(214,34): warning CA1416: This call site is reachable on: 'Windows' 7.0 and later. 'GraphicsCaptureItem.Closed' is only supported on: 'Windows' 10.0.17134.0 and later. (https://learn.microsoft.com/dotnet/fundamentals/code-analysis/quality-rules/ca1416) [C:\Users\sihun\Downloads\Aimmy2.5_update_V1.7\Aimmy2.csproj]
C:\Users\sihun\Downloads\Aimmy2.5_update_V1.7\AILogic\WindowsGraphicsCapture.cs(92,50): warning CA1416: This call site is reachable on: 'Windows' 7.0 and later. 'SizeInt32.Height' is only supported on: 'Windows' 10.0.15063.0 and later. (https://learn.microsoft.com/dotnet/fundamentals/code-analysis/quality-rules/ca1416) [C:\Users\sihun\Downloads\Aimmy2.5_update_V1.7\Aimmy2.csproj]
C:\Users\sihun\Downloads\Aimmy2.5_update_V1.7\AILogic\WindowsGraphicsCapture.cs(120,47): warning CA1416: This call site is reachable on: 'Windows' 7.0 and later. 'SizeInt32.Width' is only supported on: 'Windows' 10.0.15063.0 and later. (https://learn.microsoft.com/dotnet/fundamentals/code-analysis/quality-rules/ca1416) [C:\Users\sihun\Downloads\Aimmy2.5_update_V1.7\Aimmy2.csproj]
C:\Users\sihun\Downloads\Aimmy2.5_update_V1.7\AILogic\WindowsGraphicsCapture.cs(85,35): warning CA1416: This call site is reachable on: 'Windows' 7.0 and later. 'Direct3D11CaptureFramePool.TryGetNextFrame()' is only supported on: 'Windows' 10.0.17134.0 and later. (https://learn.microsoft.com/dotnet/fundamentals/code-analysis/quality-rules/ca1416) [C:\Users\sihun\Downloads\Aimmy2.5_update_V1.7\Aimmy2.csproj]
C:\Users\sihun\Downloads\Aimmy2.5_update_V1.7\AILogic\WindowsGraphicsCapture.cs(91,40): warning CA1416: This call site is reachable on: 'Windows' 7.0 and later. 'SizeInt32.Height' is only supported on: 'Windows' 10.0.15063.0 and later. (https://learn.microsoft.com/dotnet/fundamentals/code-analysis/quality-rules/ca1416) [C:\Users\sihun\Downloads\Aimmy2.5_update_V1.7\Aimmy2.csproj]
C:\Users\sihun\Downloads\Aimmy2.5_update_V1.7\AILogic\WindowsGraphicsCapture.cs(90,28): warning CA1416: This call site is reachable on: 'Windows' 7.0 and later. 'Direct3D11CaptureFrame.ContentSize' is only supported on: 'Windows' 10.0.17134.0 and later. (https://learn.microsoft.com/dotnet/fundamentals/code-analysis/quality-rules/ca1416) [C:\Users\sihun\Downloads\Aimmy2.5_update_V1.7\Aimmy2.csproj]
C:\Users\sihun\Downloads\Aimmy2.5_update_V1.7\AILogic\WindowsGraphicsCapture.cs(91,21): warning CA1416: This call site is reachable on: 'Windows' 7.0 and later. 'SizeInt32.Width' is only supported on: 'Windows' 10.0.15063.0 and later. (https://learn.microsoft.com/dotnet/fundamentals/code-analysis/quality-rules/ca1416) [C:\Users\sihun\Downloads\Aimmy2.5_update_V1.7\Aimmy2.csproj]
C:\Users\sihun\Downloads\Aimmy2.5_update_V1.7\AILogic\WindowsGraphicsCapture.cs(98,52): warning CA1416: This call site is reachable on: 'Windows' 7.0 and later. 'DirectXPixelFormat.B8G8R8A8UIntNormalized' is only supported on: 'Windows' 10.0.10240.0 and later. (https://learn.microsoft.com/dotnet/fundamentals/code-analysis/quality-rules/ca1416) [C:\Users\sihun\Downloads\Aimmy2.5_update_V1.7\Aimmy2.csproj]
C:\Users\sihun\Downloads\Aimmy2.5_update_V1.7\AILogic\WindowsGraphicsCapture.cs(92,65): warning CA1416: This call site is reachable on: 'Windows' 7.0 and later. 'SizeInt32.Height' is only supported on: 'Windows' 10.0.15063.0 and later. (https://learn.microsoft.com/dotnet/fundamentals/code-analysis/quality-rules/ca1416) [C:\Users\sihun\Downloads\Aimmy2.5_update_V1.7\Aimmy2.csproj]
C:\Users\sihun\Downloads\Aimmy2.5_update_V1.7\AILogic\WindowsGraphicsCapture.cs(121,48): warning CA1416: This call site is reachable on: 'Windows' 7.0 and later. 'SizeInt32.Height' is only supported on: 'Windows' 10.0.15063.0 and later. (https://learn.microsoft.com/dotnet/fundamentals/code-analysis/quality-rules/ca1416) [C:\Users\sihun\Downloads\Aimmy2.5_update_V1.7\Aimmy2.csproj]
C:\Users\sihun\Downloads\Aimmy2.5_update_V1.7\AILogic\WindowsGraphicsCapture.cs(101,30): warning CA1416: This call site is reachable on: 'Windows' 7.0 and later. 'Direct3D11CaptureFrame.Surface' is only supported on: 'Windows' 10.0.17134.0 and later. (https://learn.microsoft.com/dotnet/fundamentals/code-analysis/quality-rules/ca1416) [C:\Users\sihun\Downloads\Aimmy2.5_update_V1.7\Aimmy2.csproj]
C:\Users\sihun\Downloads\Aimmy2.5_update_V1.7\AILogic\WindowsGraphicsCapture.cs(98,21): warning CA1416: This call site is reachable on: 'Windows' 7.0 and later. 'Direct3D11CaptureFramePool.Recreate(IDirect3DDevice, DirectXPixelFormat, int, SizeInt32)' is only supported on: 'Windows' 10.0.17134.0 and later. (https://learn.microsoft.com/dotnet/fundamentals/code-analysis/quality-rules/ca1416) [C:\Users\sihun\Downloads\Aimmy2.5_update_V1.7\Aimmy2.csproj]
C:\Users\sihun\Downloads\Aimmy2.5_update_V1.7\AILogic\WindowsGraphicsCapture.cs(92,35): warning CA1416: This call site is reachable on: 'Windows' 7.0 and later. 'SizeInt32.Width' is only supported on: 'Windows' 10.0.15063.0 and later. (https://learn.microsoft.com/dotnet/fundamentals/code-analysis/quality-rules/ca1416) [C:\Users\sihun\Downloads\Aimmy2.5_update_V1.7\Aimmy2.csproj]
C:\Users\sihun\Downloads\Aimmy2.5_update_V1.7\AILogic\WindowsGraphicsCapture.cs(87,36): warning CA1416: This call site is reachable on: 'Windows' 7.0 and later. 'Direct3D11CaptureFramePool.TryGetNextFrame()' is only supported on: 'Windows' 10.0.17134.0 and later. (https://learn.microsoft.com/dotnet/fundamentals/code-analysis/quality-rules/ca1416) [C:\Users\sihun\Downloads\Aimmy2.5_update_V1.7\Aimmy2.csproj]
C:\Users\sihun\Downloads\Aimmy2.5_update_V1.7\AILogic\WindowsGraphicsCapture.cs(92,21): warning CA1416: This call site is reachable on: 'Windows' 7.0 and later. 'SizeInt32.Width' is only supported on: 'Windows' 10.0.15063.0 and later. (https://learn.microsoft.com/dotnet/fundamentals/code-analysis/quality-rules/ca1416) [C:\Users\sihun\Downloads\Aimmy2.5_update_V1.7\Aimmy2.csproj]
C:\Users\sihun\Downloads\Aimmy2.5_update_V1.7\AILogic\WindowsGraphicsCapture.cs(97,21): warning CA1416: This call site is reachable on: 'Windows' 7.0 and later. 'Direct3D11CaptureFrame.Dispose()' is only supported on: 'Windows' 10.0.17134.0 and later. (https://learn.microsoft.com/dotnet/fundamentals/code-analysis/quality-rules/ca1416) [C:\Users\sihun\Downloads\Aimmy2.5_update_V1.7\Aimmy2.csproj]
C:\Users\sihun\Downloads\Aimmy2.5_update_V1.7\AILogic\WindowsGraphicsCapture.cs(177,31): warning CA1416: This call site is reachable on: 'Windows' 7.0 and later. 'SizeInt32.Height' is only supported on: 'Windows' 10.0.15063.0 and later. (https://learn.microsoft.com/dotnet/fundamentals/code-analysis/quality-rules/ca1416) [C:\Users\sihun\Downloads\Aimmy2.5_update_V1.7\Aimmy2.csproj]
C:\Users\sihun\Downloads\Aimmy2.5_update_V1.7\AILogic\WindowsGraphicsCapture.cs(176,30): warning CA1416: This call site is reachable on: 'Windows' 7.0 and later. 'SizeInt32.Width' is only supported on: 'Windows' 10.0.15063.0 and later. (https://learn.microsoft.com/dotnet/fundamentals/code-analysis/quality-rules/ca1416) [C:\Users\sihun\Downloads\Aimmy2.5_update_V1.7\Aimmy2.csproj]
MSBUILD : warning FodyPackageReference: Fody: The package reference for Costura.Fody is missing the 'compile' part in the IncludeAssets setting; it's recommended to completely remove IncludeAssets [C:\Users\sihun\Downloads\Aimmy2.5_update_V1.7\Aimmy2.csproj]

Build succeeded.

C:\Users\sihun\Downloads\Aimmy2.5_update_V1.7\Aimmy2.csproj : warning NU1701: Package 'JYPPX.TensorRT.CSharp.API.runtime.win-x64.cuda12 0.0.5' was restored using '.NETFramework,Version=v4.6.1, .NETFramework,Version=v4.6.2, .NETFramework,Version=v4.7, .NETFramework,Version=v4.7.1, .NETFramework,Version=v4.7.2, .NETFramework,Version=v4.8, .NETFramework,Version=v4.8.1' instead of the project target framework 'net8.0-windows10.0.19041'. This package may not be fully compatible with your project.
C:\Users\sihun\Downloads\Aimmy2.5_update_V1.7\Aimmy2.csproj : warning NU1701: Package 'Supercluster.KDTree 1.0.4' was restored using '.NETFramework,Version=v4.6.1, .NETFramework,Version=v4.6.2, .NETFramework,Version=v4.7, .NETFramework,Version=v4.7.1, .NETFramework,Version=v4.7.2, .NETFramework,Version=v4.8, .NETFramework,Version=v4.8.1' instead of the project target framework 'net8.0-windows10.0.19041'. This package may not be fully compatible with your project.
C:\Users\sihun\Downloads\Aimmy2.5_update_V1.7\Aimmy2_ng5hvuvm_wpftmp.csproj : warning NU1701: Package 'JYPPX.TensorRT.CSharp.API.runtime.win-x64.cuda12 0.0.5' was restored using '.NETFramework,Version=v4.6.1, .NETFramework,Version=v4.6.2, .NETFramework,Version=v4.7, .NETFramework,Version=v4.7.1, .NETFramework,Version=v4.7.2, .NETFramework,Version=v4.8, .NETFramework,Version=v4.8.1' instead of the project target framework 'net8.0-windows10.0.19041'. This package may not be fully compatible with your project.
C:\Users\sihun\Downloads\Aimmy2.5_update_V1.7\Aimmy2_ng5hvuvm_wpftmp.csproj : warning NU1701: Package 'Supercluster.KDTree 1.0.4' was restored using '.NETFramework,Version=v4.6.1, .NETFramework,Version=v4.6.2, .NETFramework,Version=v4.7, .NETFramework,Version=v4.7.1, .NETFramework,Version=v4.7.2, .NETFramework,Version=v4.8, .NETFramework,Version=v4.8.1' instead of the project target framework 'net8.0-windows10.0.19041'. This package may not be fully compatible with your project.
C:\Users\sihun\Downloads\Aimmy2.5_update_V1.7\Other\UpdateManager.cs(32,30): warning CS0168: The variable 'ex' is declared but never used [C:\Users\sihun\Downloads\Aimmy2.5_update_V1.7\Aimmy2_ng5hvuvm_wpftmp.csproj]
C:\Users\sihun\Downloads\Aimmy2.5_update_V1.7\Class\UI.cs(85,26): warning CS8618: Non-nullable property 'D_FOVSTYLE' must contain a non-null value when exiting constructor. Consider adding the 'required' modifier or declaring the property as nullable. [C:\Users\sihun\Downloads\Aimmy2.5_update_V1.7\Aimmy2_ng5hvuvm_wpftmp.csproj]
C:\Users\sihun\Downloads\Aimmy2.5_update_V1.7\Visuality\ColorPicker.xaml.cs(35,42): warning CS8622: Nullability of reference types in type of parameter 'sender' of 'void ColorPicker.OnThemeChanged(object sender, Color newColor)' doesn't match the target delegate 'EventHandler<Color>' (possibly because of nullability attributes). [C:\Users\sihun\Downloads\Aimmy2.5_update_V1.7\Aimmy2_ng5hvuvm_wpftmp.csproj]
C:\Users\sihun\Downloads\Aimmy2.5_update_V1.7\Visuality\ColorPicker.xaml.cs(20,16): warning CS8618: Non-nullable event 'ColorChanged' must contain a non-null value when exiting constructor. Consider adding the 'required' modifier or declaring the event as nullable. [C:\Users\sihun\Downloads\Aimmy2.5_update_V1.7\Aimmy2_ng5hvuvm_wpftmp.csproj]
C:\Users\sihun\Downloads\Aimmy2.5_update_V1.7\Visuality\ColorPicker.xaml.cs(97,24): warning CS8600: Converting null literal or possible null value to non-nullable type. [C:\Users\sihun\Downloads\Aimmy2.5_update_V1.7\Aimmy2_ng5hvuvm_wpftmp.csproj]
C:\Users\sihun\Downloads\Aimmy2.5_update_V1.7\Visuality\ColorPicker.xaml.cs(97,24): warning CS8603: Possible null reference return. [C:\Users\sihun\Downloads\Aimmy2.5_update_V1.7\Aimmy2_ng5hvuvm_wpftmp.csproj]
C:\Users\sihun\Downloads\Aimmy2.5_update_V1.7\Visuality\ColorPicker.xaml.cs(98,20): warning CS8603: Possible null reference return. [C:\Users\sihun\Downloads\Aimmy2.5_update_V1.7\Aimmy2_ng5hvuvm_wpftmp.csproj]
C:\Users\sihun\Downloads\Aimmy2.5_update_V1.7\Visuality\ColorPicker.xaml.cs(139,42): warning CS8622: Nullability of reference types in type of parameter 'sender' of 'void ColorPicker.OnThemeChanged(object sender, Color newColor)' doesn't match the target delegate 'EventHandler<Color>' (possibly because of nullability attributes). [C:\Users\sihun\Downloads\Aimmy2.5_update_V1.7\Aimmy2_ng5hvuvm_wpftmp.csproj]
C:\Users\sihun\Downloads\Aimmy2.5_update_V1.7\AILogic\CaptureManager.cs(138,34): warning CS0168: The variable 'ex' is declared but never used [C:\Users\sihun\Downloads\Aimmy2.5_update_V1.7\Aimmy2_ng5hvuvm_wpftmp.csproj]
C:\Users\sihun\Downloads\Aimmy2.5_update_V1.7\Other\RequirementsManager.cs(52,39): warning CS8602: Dereference of a possibly null reference. [C:\Users\sihun\Downloads\Aimmy2.5_update_V1.7\Aimmy2_ng5hvuvm_wpftmp.csproj]
C:\Users\sihun\Downloads\Aimmy2.5_update_V1.7\Other\RequirementsManager.cs(61,22): warning CS8602: Dereference of a possibly null reference. [C:\Users\sihun\Downloads\Aimmy2.5_update_V1.7\Aimmy2_ng5hvuvm_wpftmp.csproj]
C:\Users\sihun\Downloads\Aimmy2.5_update_V1.7\MouseMovementLibraries\GHubSupport\LGDownloader.xaml.cs(34,42): warning CS8622: Nullability of reference types in type of parameter 'sender' of 'void LGDownloader.OnThemeChanged(object sender, Color newColor)' doesn't match the target delegate 'EventHandler<Color>' (possibly because of nullability attributes). [C:\Users\sihun\Downloads\Aimmy2.5_update_V1.7\Aimmy2_ng5hvuvm_wpftmp.csproj]
C:\Users\sihun\Downloads\Aimmy2.5_update_V1.7\App.xaml.cs(57,13): warning CS0162: Unreachable code detected [C:\Users\sihun\Downloads\Aimmy2.5_update_V1.7\Aimmy2_ng5hvuvm_wpftmp.csproj]
C:\Users\sihun\Downloads\Aimmy2.5_update_V1.7\App.xaml.cs(110,30): warning CS0168: The variable 'ex' is declared but never used [C:\Users\sihun\Downloads\Aimmy2.5_update_V1.7\Aimmy2_ng5hvuvm_wpftmp.csproj]
C:\Users\sihun\Downloads\Aimmy2.5_update_V1.7\MouseMovementLibraries\GHubSupport\LGDownloader.xaml.cs(110,66): warning CS8604: Possible null reference argument for parameter 'uriString' in 'Uri.Uri(string uriString)'. [C:\Users\sihun\Downloads\Aimmy2.5_update_V1.7\Aimmy2_ng5hvuvm_wpftmp.csproj]
C:\Users\sihun\Downloads\Aimmy2.5_update_V1.7\MouseMovementLibraries\GHubSupport\LGDownloader.xaml.cs(141,42): warning CS8622: Nullability of reference types in type of parameter 'sender' of 'void LGDownloader.OnThemeChanged(object sender, Color newColor)' doesn't match the target delegate 'EventHandler<Color>' (possibly because of nullability attributes). [C:\Users\sihun\Downloads\Aimmy2.5_update_V1.7\Aimmy2_ng5hvuvm_wpftmp.csproj]
C:\Users\sihun\Downloads\Aimmy2.5_update_V1.7\UISections\SettingsMenuControl.xaml.cs(481,13): warning CS8602: Dereference of a possibly null reference. [C:\Users\sihun\Downloads\Aimmy2.5_update_V1.7\Aimmy2_ng5hvuvm_wpftmp.csproj]
C:\Users\sihun\Downloads\Aimmy2.5_update_V1.7\UISections\SettingsMenuControl.xaml.cs(502,34): warning CS0168: The variable 'ex' is declared but never used [C:\Users\sihun\Downloads\Aimmy2.5_update_V1.7\Aimmy2_ng5hvuvm_wpftmp.csproj]
C:\Users\sihun\Downloads\Aimmy2.5_update_V1.7\MouseMovementLibraries\ddxoftSupport\ddxoftMouse.cs(41,24): warning CS8618: Non-nullable field 'btn' must contain a non-null value when exiting constructor. Consider adding the 'required' modifier or declaring the field as nullable. [C:\Users\sihun\Downloads\Aimmy2.5_update_V1.7\Aimmy2_ng5hvuvm_wpftmp.csproj]
C:\Users\sihun\Downloads\Aimmy2.5_update_V1.7\MouseMovementLibraries\ddxoftSupport\ddxoftMouse.cs(42,24): warning CS8618: Non-nullable field 'whl' must contain a non-null value when exiting constructor. Consider adding the 'required' modifier or declaring the field as nullable. [C:\Users\sihun\Downloads\Aimmy2.5_update_V1.7\Aimmy2_ng5hvuvm_wpftmp.csproj]
C:\Users\sihun\Downloads\Aimmy2.5_update_V1.7\MouseMovementLibraries\ddxoftSupport\ddxoftMouse.cs(43,24): warning CS8618: Non-nullable field 'mov' must contain a non-null value when exiting constructor. Consider adding the 'required' modifier or declaring the field as nullable. [C:\Users\sihun\Downloads\Aimmy2.5_update_V1.7\Aimmy2_ng5hvuvm_wpftmp.csproj]
C:\Users\sihun\Downloads\Aimmy2.5_update_V1.7\MouseMovementLibraries\ddxoftSupport\ddxoftMouse.cs(44,25): warning CS8618: Non-nullable field 'movR' must contain a non-null value when exiting constructor. Consider adding the 'required' modifier or declaring the field as nullable. [C:\Users\sihun\Downloads\Aimmy2.5_update_V1.7\Aimmy2_ng5hvuvm_wpftmp.csproj]
C:\Users\sihun\Downloads\Aimmy2.5_update_V1.7\MouseMovementLibraries\ddxoftSupport\ddxoftMouse.cs(45,24): warning CS8618: Non-nullable field 'key' must contain a non-null value when exiting constructor. Consider adding the 'required' modifier or declaring the field as nullable. [C:\Users\sihun\Downloads\Aimmy2.5_update_V1.7\Aimmy2_ng5hvuvm_wpftmp.csproj]
C:\Users\sihun\Downloads\Aimmy2.5_update_V1.7\MouseMovementLibraries\ddxoftSupport\ddxoftMouse.cs(46,24): warning CS8618: Non-nullable field 'str' must contain a non-null value when exiting constructor. Consider adding the 'required' modifier or declaring the field as nullable. [C:\Users\sihun\Downloads\Aimmy2.5_update_V1.7\Aimmy2_ng5hvuvm_wpftmp.csproj]
C:\Users\sihun\Downloads\Aimmy2.5_update_V1.7\MouseMovementLibraries\ddxoftSupport\ddxoftMouse.cs(47,25): warning CS8618: Non-nullable field 'todc' must contain a non-null value when exiting constructor. Consider adding the 'required' modifier or declaring the field as nullable. [C:\Users\sihun\Downloads\Aimmy2.5_update_V1.7\Aimmy2_ng5hvuvm_wpftmp.csproj]
C:\Users\sihun\Downloads\Aimmy2.5_update_V1.7\Visuality\ConfigSaver.xaml.cs(49,42): warning CS8622: Nullability of reference types in type of parameter 'sender' of 'void ConfigSaver.OnThemeChanged(object sender, Color newColor)' doesn't match the target delegate 'EventHandler<Color>' (possibly because of nullability attributes). [C:\Users\sihun\Downloads\Aimmy2.5_update_V1.7\Aimmy2_ng5hvuvm_wpftmp.csproj]
C:\Users\sihun\Downloads\Aimmy2.5_update_V1.7\Visuality\ConfigSaver.xaml.cs(113,42): warning CS8622: Nullability of reference types in type of parameter 'sender' of 'void ConfigSaver.OnThemeChanged(object sender, Color newColor)' doesn't match the target delegate 'EventHandler<Color>' (possibly because of nullability attributes). [C:\Users\sihun\Downloads\Aimmy2.5_update_V1.7\Aimmy2_ng5hvuvm_wpftmp.csproj]
C:\Users\sihun\Downloads\Aimmy2.5_update_V1.7\Visuality\DetectedPlayerWindow.xaml.cs(132,30): warning CS0168: The variable 'ex' is declared but never used [C:\Users\sihun\Downloads\Aimmy2.5_update_V1.7\Aimmy2_ng5hvuvm_wpftmp.csproj]
C:\Users\sihun\Downloads\Aimmy2.5_update_V1.7\MainWindow.xaml.cs(112,16): warning CS8618: Non-nullable field '_notifyIcon' must contain a non-null value when exiting constructor. Consider adding the 'required' modifier or declaring the field as nullable. [C:\Users\sihun\Downloads\Aimmy2.5_update_V1.7\Aimmy2_ng5hvuvm_wpftmp.csproj]
C:\Users\sihun\Downloads\Aimmy2.5_update_V1.7\Visuality\DetectedPlayerWindow.xaml.cs(193,68): warning CS8602: Dereference of a possibly null reference. [C:\Users\sihun\Downloads\Aimmy2.5_update_V1.7\Aimmy2_ng5hvuvm_wpftmp.csproj]
C:\Users\sihun\Downloads\Aimmy2.5_update_V1.7\AILogic\AIManager.cs(761,76): warning CS8602: Dereference of a possibly null reference. [C:\Users\sihun\Downloads\Aimmy2.5_update_V1.7\Aimmy2_ng5hvuvm_wpftmp.csproj]
C:\Users\sihun\Downloads\Aimmy2.5_update_V1.7\AILogic\WeaponSlotManager.cs(759,17): warning CS8602: Dereference of a possibly null reference. [C:\Users\sihun\Downloads\Aimmy2.5_update_V1.7\Aimmy2_ng5hvuvm_wpftmp.csproj]
C:\Users\sihun\Downloads\Aimmy2.5_update_V1.7\Visuality\FOV.xaml.cs(108,30): warning CS0168: The variable 'ex' is declared but never used [C:\Users\sihun\Downloads\Aimmy2.5_update_V1.7\Aimmy2_ng5hvuvm_wpftmp.csproj]
C:\Users\sihun\Downloads\Aimmy2.5_update_V1.7\MainWindow.xaml.cs(195,71): warning CS8600: Converting null literal or possible null value to non-nullable type. [C:\Users\sihun\Downloads\Aimmy2.5_update_V1.7\Aimmy2_ng5hvuvm_wpftmp.csproj]
C:\Users\sihun\Downloads\Aimmy2.5_update_V1.7\MainWindow.xaml.cs(197,70): warning CS8600: Converting null literal or possible null value to non-nullable type. [C:\Users\sihun\Downloads\Aimmy2.5_update_V1.7\Aimmy2_ng5hvuvm_wpftmp.csproj]
C:\Users\sihun\Downloads\Aimmy2.5_update_V1.7\Other\StreamGuardManager.cs(129,20): warning CS8603: Possible null reference return. [C:\Users\sihun\Downloads\Aimmy2.5_update_V1.7\Aimmy2_ng5hvuvm_wpftmp.csproj]
C:\Users\sihun\Downloads\Aimmy2.5_update_V1.7\Other\GithubManager.cs(33,30): warning CS8602: Dereference of a possibly null reference. [C:\Users\sihun\Downloads\Aimmy2.5_update_V1.7\Aimmy2_ng5hvuvm_wpftmp.csproj]
C:\Users\sihun\Downloads\Aimmy2.5_update_V1.7\Other\ThemeManager.cs(55,35): warning CS8622: Nullability of reference types in type of parameter 'sender' of 'void ThemeManager.CleanupDeadReferences(object sender, EventArgs e)' doesn't match the target delegate 'EventHandler' (possibly because of nullability attributes). [C:\Users\sihun\Downloads\Aimmy2.5_update_V1.7\Aimmy2_ng5hvuvm_wpftmp.csproj]
C:\Users\sihun\Downloads\Aimmy2.5_update_V1.7\Other\ThemeManager.cs(45,16): warning CS8618: Non-nullable event 'ThemeChanged' must contain a non-null value when exiting constructor. Consider adding the 'required' modifier or declaring the event as nullable. [C:\Users\sihun\Downloads\Aimmy2.5_update_V1.7\Aimmy2_ng5hvuvm_wpftmp.csproj]
C:\Users\sihun\Downloads\Aimmy2.5_update_V1.7\Other\ThemeManager.cs(45,16): warning CS8618: Non-nullable field '_mediaBackgroundBrush' must contain a non-null value when exiting constructor. Consider adding the 'required' modifier or declaring the field as nullable. [C:\Users\sihun\Downloads\Aimmy2.5_update_V1.7\Aimmy2_ng5hvuvm_wpftmp.csproj]
C:\Users\sihun\Downloads\Aimmy2.5_update_V1.7\Other\ThemeManager.cs(45,16): warning CS8618: Non-nullable field '_currentMediaPath' must contain a non-null value when exiting constructor. Consider adding the 'required' modifier or declaring the field as nullable. [C:\Users\sihun\Downloads\Aimmy2.5_update_V1.7\Aimmy2_ng5hvuvm_wpftmp.csproj]
C:\Users\sihun\Downloads\Aimmy2.5_update_V1.7\StartupWindow.xaml.cs(66,30): warning CS0168: The variable 'ex' is declared but never used [C:\Users\sihun\Downloads\Aimmy2.5_update_V1.7\Aimmy2_ng5hvuvm_wpftmp.csproj]
C:\Users\sihun\Downloads\Aimmy2.5_update_V1.7\StartupWindow.xaml.cs(91,30): warning CS0168: The variable 'ex' is declared but never used [C:\Users\sihun\Downloads\Aimmy2.5_update_V1.7\Aimmy2_ng5hvuvm_wpftmp.csproj]
C:\Users\sihun\Downloads\Aimmy2.5_update_V1.7\Other\ThemeManager.cs(120,30): warning CS0168: The variable 'ex' is declared but never used [C:\Users\sihun\Downloads\Aimmy2.5_update_V1.7\Aimmy2_ng5hvuvm_wpftmp.csproj]
C:\Users\sihun\Downloads\Aimmy2.5_update_V1.7\Other\GithubManager.cs(20,27): warning CS8618: Non-nullable property 'name' must contain a non-null value when exiting constructor. Consider adding the 'required' modifier or declaring the property as nullable. [C:\Users\sihun\Downloads\Aimmy2.5_update_V1.7\Aimmy2_ng5hvuvm_wpftmp.csproj]
C:\Users\sihun\Downloads\Aimmy2.5_update_V1.7\Other\StreamGuardManager.cs(249,38): warning CS8625: Cannot convert null literal to non-nullable reference type. [C:\Users\sihun\Downloads\Aimmy2.5_update_V1.7\Aimmy2_ng5hvuvm_wpftmp.csproj]
C:\Users\sihun\Downloads\Aimmy2.5_update_V1.7\UILibrary\AToggle.xaml.cs(32,42): warning CS8622: Nullability of reference types in type of parameter 'sender' of 'void AToggle.OnThemeChanged(object sender, Color newThemeColor)' doesn't match the target delegate 'EventHandler<Color>' (possibly because of nullability attributes). [C:\Users\sihun\Downloads\Aimmy2.5_update_V1.7\Aimmy2_ng5hvuvm_wpftmp.csproj]
C:\Users\sihun\Downloads\Aimmy2.5_update_V1.7\UILibrary\AToggle.xaml.cs(38,69): warning CS8622: Nullability of reference types in type of parameter 'sender' of 'void AToggle.OnThemeChanged(object sender, Color newThemeColor)' doesn't match the target delegate 'EventHandler<Color>' (possibly because of nullability attributes). [C:\Users\sihun\Downloads\Aimmy2.5_update_V1.7\Aimmy2_ng5hvuvm_wpftmp.csproj]
C:\Users\sihun\Downloads\Aimmy2.5_update_V1.7\Other\ThemeManager.cs(184,25): warning CS8602: Dereference of a possibly null reference. [C:\Users\sihun\Downloads\Aimmy2.5_update_V1.7\Aimmy2_ng5hvuvm_wpftmp.csproj]
C:\Users\sihun\Downloads\Aimmy2.5_update_V1.7\Other\ThemeManager.cs(211,25): warning CS8602: Dereference of a possibly null reference. [C:\Users\sihun\Downloads\Aimmy2.5_update_V1.7\Aimmy2_ng5hvuvm_wpftmp.csproj]
C:\Users\sihun\Downloads\Aimmy2.5_update_V1.7\Other\StreamGuardManager.cs(27,65): warning CS8618: Non-nullable field '_popupMonitorTimer' must contain a non-null value when exiting constructor. Consider adding the 'required' modifier or declaring the field as nullable. [C:\Users\sihun\Downloads\Aimmy2.5_update_V1.7\Aimmy2_ng5hvuvm_wpftmp.csproj]
C:\Users\sihun\Downloads\Aimmy2.5_update_V1.7\UISections\ModelMenuControl.xaml.cs(182,85): warning CS8604: Possible null reference argument for parameter 'path3' in 'string Path.Combine(string path1, string path2, string path3)'. [C:\Users\sihun\Downloads\Aimmy2.5_update_V1.7\Aimmy2_ng5hvuvm_wpftmp.csproj]
C:\Users\sihun\Downloads\Aimmy2.5_update_V1.7\UILibrary\AColorWheel.xaml.cs(69,16): warning CS8618: Non-nullable field '_colorWheelBitmap' must contain a non-null value when exiting constructor. Consider adding the 'required' modifier or declaring the field as nullable. [C:\Users\sihun\Downloads\Aimmy2.5_update_V1.7\Aimmy2_ng5hvuvm_wpftmp.csproj]
C:\Users\sihun\Downloads\Aimmy2.5_update_V1.7\MainWindow.xaml.cs(451,38): warning CS0168: The variable 'ex' is declared but never used [C:\Users\sihun\Downloads\Aimmy2.5_update_V1.7\Aimmy2_ng5hvuvm_wpftmp.csproj]
C:\Users\sihun\Downloads\Aimmy2.5_update_V1.7\AILogic\AIManager.cs(1084,75): warning CS8602: Dereference of a possibly null reference. [C:\Users\sihun\Downloads\Aimmy2.5_update_V1.7\Aimmy2_ng5hvuvm_wpftmp.csproj]
C:\Users\sihun\Downloads\Aimmy2.5_update_V1.7\Other\DisplayManager.cs(322,30): warning CS0168: The variable 'ex' is declared but never used [C:\Users\sihun\Downloads\Aimmy2.5_update_V1.7\Aimmy2_ng5hvuvm_wpftmp.csproj]
C:\Users\sihun\Downloads\Aimmy2.5_update_V1.7\Other\DisplayManager.cs(336,30): warning CS0168: The variable 'ex' is declared but never used [C:\Users\sihun\Downloads\Aimmy2.5_update_V1.7\Aimmy2_ng5hvuvm_wpftmp.csproj]
C:\Users\sihun\Downloads\Aimmy2.5_update_V1.7\Other\DisplayManager.cs(350,30): warning CS0168: The variable 'ex' is declared but never used [C:\Users\sihun\Downloads\Aimmy2.5_update_V1.7\Aimmy2_ng5hvuvm_wpftmp.csproj]
C:\Users\sihun\Downloads\Aimmy2.5_update_V1.7\StartupWindow.xaml.cs(361,13): warning CS8602: Dereference of a possibly null reference. [C:\Users\sihun\Downloads\Aimmy2.5_update_V1.7\Aimmy2_ng5hvuvm_wpftmp.csproj]
C:\Users\sihun\Downloads\Aimmy2.5_update_V1.7\Other\ThemeManager.cs(449,33): warning CS8625: Cannot convert null literal to non-nullable reference type. [C:\Users\sihun\Downloads\Aimmy2.5_update_V1.7\Aimmy2_ng5hvuvm_wpftmp.csproj]
C:\Users\sihun\Downloads\Aimmy2.5_update_V1.7\Other\ThemeManager.cs(450,37): warning CS8625: Cannot convert null literal to non-nullable reference type. [C:\Users\sihun\Downloads\Aimmy2.5_update_V1.7\Aimmy2_ng5hvuvm_wpftmp.csproj]
C:\Users\sihun\Downloads\Aimmy2.5_update_V1.7\AILogic\AIManager.cs(1347,55): warning CS8604: Possible null reference argument for parameter 'DetectedPlayerOverlay' in 'void AIManager.UpdateOverlay(DetectedPlayerWindow DetectedPlayerOverlay, Prediction closestPrediction)'. [C:\Users\sihun\Downloads\Aimmy2.5_update_V1.7\Aimmy2_ng5hvuvm_wpftmp.csproj]
C:\Users\sihun\Downloads\Aimmy2.5_update_V1.7\AILogic\AIManager.cs(1347,78): warning CS8604: Possible null reference argument for parameter 'closestPrediction' in 'void AIManager.UpdateOverlay(DetectedPlayerWindow DetectedPlayerOverlay, Prediction closestPrediction)'. [C:\Users\sihun\Downloads\Aimmy2.5_update_V1.7\Aimmy2_ng5hvuvm_wpftmp.csproj]
C:\Users\sihun\Downloads\Aimmy2.5_update_V1.7\AILogic\AIManager.cs(1369,62): warning CS8604: Possible null reference argument for parameter 'DetectedPlayerOverlay' in 'void AIManager.CalculateCoordinates(DetectedPlayerWindow DetectedPlayerOverlay, Prediction closestPrediction, float scaleX, float scaleY)'. [C:\Users\sihun\Downloads\Aimmy2.5_update_V1.7\Aimmy2_ng5hvuvm_wpftmp.csproj]
C:\Users\sihun\Downloads\Aimmy2.5_update_V1.7\StartupWindow.xaml.cs(448,30): warning CS0168: The variable 'ex' is declared but never used [C:\Users\sihun\Downloads\Aimmy2.5_update_V1.7\Aimmy2_ng5hvuvm_wpftmp.csproj]
C:\Users\sihun\Downloads\Aimmy2.5_update_V1.7\StartupWindow.xaml.cs(477,30): warning CS0168: The variable 'ex' is declared but never used [C:\Users\sihun\Downloads\Aimmy2.5_update_V1.7\Aimmy2_ng5hvuvm_wpftmp.csproj]
C:\Users\sihun\Downloads\Aimmy2.5_update_V1.7\UILibrary\AColorWheel.xaml.cs(513,40): warning CS8600: Converting null literal or possible null value to non-nullable type. [C:\Users\sihun\Downloads\Aimmy2.5_update_V1.7\Aimmy2_ng5hvuvm_wpftmp.csproj]
C:\Users\sihun\Downloads\Aimmy2.5_update_V1.7\Other\ThemeManager.cs(803,34): warning CS0168: The variable 'ex' is declared but never used [C:\Users\sihun\Downloads\Aimmy2.5_update_V1.7\Aimmy2_ng5hvuvm_wpftmp.csproj]
C:\Users\sihun\Downloads\Aimmy2.5_update_V1.7\MainWindow.xaml.cs(577,30): warning CS0168: The variable 'ex' is declared but never used [C:\Users\sihun\Downloads\Aimmy2.5_update_V1.7\Aimmy2_ng5hvuvm_wpftmp.csproj]
C:\Users\sihun\Downloads\Aimmy2.5_update_V1.7\UILibrary\ADownloadGateway.xaml.cs(69,39): warning CS8604: Possible null reference argument for parameter 'path' in 'DirectoryInfo Directory.CreateDirectory(string path)'. [C:\Users\sihun\Downloads\Aimmy2.5_update_V1.7\Aimmy2_ng5hvuvm_wpftmp.csproj]
C:\Users\sihun\Downloads\Aimmy2.5_update_V1.7\MainWindow.xaml.cs(598,34): warning CS0168: The variable 'ex' is declared but never used [C:\Users\sihun\Downloads\Aimmy2.5_update_V1.7\Aimmy2_ng5hvuvm_wpftmp.csproj]
C:\Users\sihun\Downloads\Aimmy2.5_update_V1.7\Other\ThemeManager.cs(883,37): warning CS8618: Non-nullable property 'Target' must contain a non-null value when exiting constructor. Consider adding the 'required' modifier or declaring the property as nullable. [C:\Users\sihun\Downloads\Aimmy2.5_update_V1.7\Aimmy2_ng5hvuvm_wpftmp.csproj]
C:\Users\sihun\Downloads\Aimmy2.5_update_V1.7\Other\ThemeManager.cs(884,27): warning CS8618: Non-nullable property 'PropertyPath' must contain a non-null value when exiting constructor. Consider adding the 'required' modifier or declaring the property as nullable. [C:\Users\sihun\Downloads\Aimmy2.5_update_V1.7\Aimmy2_ng5hvuvm_wpftmp.csproj]
C:\Users\sihun\Downloads\Aimmy2.5_update_V1.7\UISections\AimMenuControl.xaml.cs(22,54): warning CS8625: Cannot convert null literal to non-nullable reference type. [C:\Users\sihun\Downloads\Aimmy2.5_update_V1.7\Aimmy2_ng5hvuvm_wpftmp.csproj]
C:\Users\sihun\Downloads\Aimmy2.5_update_V1.7\UISections\AimMenuControl.xaml.cs(23,57): warning CS8625: Cannot convert null literal to non-nullable reference type. [C:\Users\sihun\Downloads\Aimmy2.5_update_V1.7\Aimmy2_ng5hvuvm_wpftmp.csproj]
C:\Users\sihun\Downloads\Aimmy2.5_update_V1.7\UISections\AimMenuControl.xaml.cs(24,63): warning CS8625: Cannot convert null literal to non-nullable reference type. [C:\Users\sihun\Downloads\Aimmy2.5_update_V1.7\Aimmy2_ng5hvuvm_wpftmp.csproj]
C:\Users\sihun\Downloads\Aimmy2.5_update_V1.7\AILogic\AIManager.cs(1558,81): warning CS8602: Dereference of a possibly null reference. [C:\Users\sihun\Downloads\Aimmy2.5_update_V1.7\Aimmy2_ng5hvuvm_wpftmp.csproj]
C:\Users\sihun\Downloads\Aimmy2.5_update_V1.7\UISections\AimMenuControl.xaml.cs(214,29): warning CS8602: Dereference of a possibly null reference. [C:\Users\sihun\Downloads\Aimmy2.5_update_V1.7\Aimmy2_ng5hvuvm_wpftmp.csproj]
C:\Users\sihun\Downloads\Aimmy2.5_update_V1.7\UISections\AimMenuControl.xaml.cs(238,60): warning CS8604: Possible null reference argument for parameter 'toggle' in 'void MainWindow.UpdateToggleUI(AToggle toggle, bool isEnabled)'. [C:\Users\sihun\Downloads\Aimmy2.5_update_V1.7\Aimmy2_ng5hvuvm_wpftmp.csproj]
C:\Users\sihun\Downloads\Aimmy2.5_update_V1.7\MainWindow.xaml.cs(844,30): warning CS0168: The variable 'ex' is declared but never used [C:\Users\sihun\Downloads\Aimmy2.5_update_V1.7\Aimmy2_ng5hvuvm_wpftmp.csproj]
C:\Users\sihun\Downloads\Aimmy2.5_update_V1.7\MainWindow.xaml.cs(890,30): warning CS0168: The variable 'ex' is declared but never used [C:\Users\sihun\Downloads\Aimmy2.5_update_V1.7\Aimmy2_ng5hvuvm_wpftmp.csproj]
C:\Users\sihun\Downloads\Aimmy2.5_update_V1.7\MainWindow.xaml.cs(1283,36): warning CS8604: Possible null reference argument for parameter 'toggle' in 'void MainWindow.UpdateToggleUI(AToggle toggle, bool isEnabled)'. [C:\Users\sihun\Downloads\Aimmy2.5_update_V1.7\Aimmy2_ng5hvuvm_wpftmp.csproj]
C:\Users\sihun\Downloads\Aimmy2.5_update_V1.7\UISections\AimMenuControl.xaml.cs(657,38): warning CS8602: Dereference of a possibly null reference. [C:\Users\sihun\Downloads\Aimmy2.5_update_V1.7\Aimmy2_ng5hvuvm_wpftmp.csproj]
C:\Users\sihun\Downloads\Aimmy2.5_update_V1.7\UISections\AimMenuControl.xaml.cs(918,60): warning CS8625: Cannot convert null literal to non-nullable reference type. [C:\Users\sihun\Downloads\Aimmy2.5_update_V1.7\Aimmy2_ng5hvuvm_wpftmp.csproj]
C:\Users\sihun\Downloads\Aimmy2.5_update_V1.7\UISections\AimMenuControl.xaml.cs(981,54): warning CS8625: Cannot convert null literal to non-nullable reference type. [C:\Users\sihun\Downloads\Aimmy2.5_update_V1.7\Aimmy2_ng5hvuvm_wpftmp.csproj]
C:\Users\sihun\Downloads\Aimmy2.5_update_V1.7\AILogic\AIManager.cs(2615,24): warning CS8603: Possible null reference return. [C:\Users\sihun\Downloads\Aimmy2.5_update_V1.7\Aimmy2_ng5hvuvm_wpftmp.csproj]
C:\Users\sihun\Downloads\Aimmy2.5_update_V1.7\UISections\AimMenuControl.xaml.cs(1043,25): warning CS8602: Dereference of a possibly null reference. [C:\Users\sihun\Downloads\Aimmy2.5_update_V1.7\Aimmy2_ng5hvuvm_wpftmp.csproj]
C:\Users\sihun\Downloads\Aimmy2.5_update_V1.7\UISections\AimMenuControl.xaml.cs(1084,51): warning CS8625: Cannot convert null literal to non-nullable reference type. [C:\Users\sihun\Downloads\Aimmy2.5_update_V1.7\Aimmy2_ng5hvuvm_wpftmp.csproj]
C:\Users\sihun\Downloads\Aimmy2.5_update_V1.7\UISections\AimMenuControl.xaml.cs(1113,51): warning CS8625: Cannot convert null literal to non-nullable reference type. [C:\Users\sihun\Downloads\Aimmy2.5_update_V1.7\Aimmy2_ng5hvuvm_wpftmp.csproj]
C:\Users\sihun\Downloads\Aimmy2.5_update_V1.7\UISections\AimMenuControl.xaml.cs(1142,51): warning CS8625: Cannot convert null literal to non-nullable reference type. [C:\Users\sihun\Downloads\Aimmy2.5_update_V1.7\Aimmy2_ng5hvuvm_wpftmp.csproj]
C:\Users\sihun\Downloads\Aimmy2.5_update_V1.7\UISections\AimMenuControl.xaml.cs(1171,51): warning CS8625: Cannot convert null literal to non-nullable reference type. [C:\Users\sihun\Downloads\Aimmy2.5_update_V1.7\Aimmy2_ng5hvuvm_wpftmp.csproj]
C:\Users\sihun\Downloads\Aimmy2.5_update_V1.7\UISections\AimMenuControl.xaml.cs(1200,51): warning CS8625: Cannot convert null literal to non-nullable reference type. [C:\Users\sihun\Downloads\Aimmy2.5_update_V1.7\Aimmy2_ng5hvuvm_wpftmp.csproj]
C:\Users\sihun\Downloads\Aimmy2.5_update_V1.7\UISections\AimMenuControl.xaml.cs(1229,51): warning CS8625: Cannot convert null literal to non-nullable reference type. [C:\Users\sihun\Downloads\Aimmy2.5_update_V1.7\Aimmy2_ng5hvuvm_wpftmp.csproj]
C:\Users\sihun\Downloads\Aimmy2.5_update_V1.7\AILogic\CaptureManager.cs(52,22): warning CS0414: The field 'CaptureManager._lastStrideMatch' is assigned but its value is never used [C:\Users\sihun\Downloads\Aimmy2.5_update_V1.7\Aimmy2_ng5hvuvm_wpftmp.csproj]
C:\Users\sihun\Downloads\Aimmy2.5_update_V1.7\AILogic\CaptureManager.cs(53,21): warning CS0414: The field 'CaptureManager._lastSrcStride' is assigned but its value is never used [C:\Users\sihun\Downloads\Aimmy2.5_update_V1.7\Aimmy2_ng5hvuvm_wpftmp.csproj]
C:\Users\sihun\Downloads\Aimmy2.5_update_V1.7\AILogic\CaptureManager.cs(54,21): warning CS0414: The field 'CaptureManager._lastDstStride' is assigned but its value is never used [C:\Users\sihun\Downloads\Aimmy2.5_update_V1.7\Aimmy2_ng5hvuvm_wpftmp.csproj]
C:\Users\sihun\Downloads\Aimmy2.5_update_V1.7\AILogic\AIManager.cs(147,22): warning CS0414: The field 'AIManager.PlayerFound' is assigned but its value is never used [C:\Users\sihun\Downloads\Aimmy2.5_update_V1.7\Aimmy2_ng5hvuvm_wpftmp.csproj]
C:\Users\sihun\Downloads\Aimmy2.5_update_V1.7\AILogic\CaptureManager.cs(23,22): warning CS0414: The field 'CaptureManager._notificationShown' is assigned but its value is never used [C:\Users\sihun\Downloads\Aimmy2.5_update_V1.7\Aimmy2_ng5hvuvm_wpftmp.csproj]
C:\Users\sihun\Downloads\Aimmy2.5_update_V1.7\AILogic\WindowsGraphicsCapture.cs(87,36): warning CA1416: This call site is reachable on: 'Windows' 7.0 and later. 'Direct3D11CaptureFramePool.TryGetNextFrame()' is only supported on: 'Windows' 10.0.17134.0 and later. (https://learn.microsoft.com/dotnet/fundamentals/code-analysis/quality-rules/ca1416) [C:\Users\sihun\Downloads\Aimmy2.5_update_V1.7\Aimmy2_ng5hvuvm_wpftmp.csproj]
C:\Users\sihun\Downloads\Aimmy2.5_update_V1.7\AILogic\WindowsGraphicsCapture.cs(92,50): warning CA1416: This call site is reachable on: 'Windows' 7.0 and later. 'SizeInt32.Height' is only supported on: 'Windows' 10.0.15063.0 and later. (https://learn.microsoft.com/dotnet/fundamentals/code-analysis/quality-rules/ca1416) [C:\Users\sihun\Downloads\Aimmy2.5_update_V1.7\Aimmy2_ng5hvuvm_wpftmp.csproj]
C:\Users\sihun\Downloads\Aimmy2.5_update_V1.7\AILogic\WindowsGraphicsCapture.cs(85,35): warning CA1416: This call site is reachable on: 'Windows' 7.0 and later. 'Direct3D11CaptureFramePool.TryGetNextFrame()' is only supported on: 'Windows' 10.0.17134.0 and later. (https://learn.microsoft.com/dotnet/fundamentals/code-analysis/quality-rules/ca1416) [C:\Users\sihun\Downloads\Aimmy2.5_update_V1.7\Aimmy2_ng5hvuvm_wpftmp.csproj]
C:\Users\sihun\Downloads\Aimmy2.5_update_V1.7\AILogic\WindowsGraphicsCapture.cs(98,21): warning CA1416: This call site is reachable on: 'Windows' 7.0 and later. 'Direct3D11CaptureFramePool.Recreate(IDirect3DDevice, DirectXPixelFormat, int, SizeInt32)' is only supported on: 'Windows' 10.0.17134.0 and later. (https://learn.microsoft.com/dotnet/fundamentals/code-analysis/quality-rules/ca1416) [C:\Users\sihun\Downloads\Aimmy2.5_update_V1.7\Aimmy2_ng5hvuvm_wpftmp.csproj]
C:\Users\sihun\Downloads\Aimmy2.5_update_V1.7\AILogic\WindowsGraphicsCapture.cs(92,21): warning CA1416: This call site is reachable on: 'Windows' 7.0 and later. 'SizeInt32.Width' is only supported on: 'Windows' 10.0.15063.0 and later. (https://learn.microsoft.com/dotnet/fundamentals/code-analysis/quality-rules/ca1416) [C:\Users\sihun\Downloads\Aimmy2.5_update_V1.7\Aimmy2_ng5hvuvm_wpftmp.csproj]
C:\Users\sihun\Downloads\Aimmy2.5_update_V1.7\AILogic\WindowsGraphicsCapture.cs(92,65): warning CA1416: This call site is reachable on: 'Windows' 7.0 and later. 'SizeInt32.Height' is only supported on: 'Windows' 10.0.15063.0 and later. (https://learn.microsoft.com/dotnet/fundamentals/code-analysis/quality-rules/ca1416) [C:\Users\sihun\Downloads\Aimmy2.5_update_V1.7\Aimmy2_ng5hvuvm_wpftmp.csproj]
C:\Users\sihun\Downloads\Aimmy2.5_update_V1.7\AILogic\WindowsGraphicsCapture.cs(90,28): warning CA1416: This call site is reachable on: 'Windows' 7.0 and later. 'Direct3D11CaptureFrame.ContentSize' is only supported on: 'Windows' 10.0.17134.0 and later. (https://learn.microsoft.com/dotnet/fundamentals/code-analysis/quality-rules/ca1416) [C:\Users\sihun\Downloads\Aimmy2.5_update_V1.7\Aimmy2_ng5hvuvm_wpftmp.csproj]
C:\Users\sihun\Downloads\Aimmy2.5_update_V1.7\AILogic\WindowsGraphicsCapture.cs(91,40): warning CA1416: This call site is reachable on: 'Windows' 7.0 and later. 'SizeInt32.Height' is only supported on: 'Windows' 10.0.15063.0 and later. (https://learn.microsoft.com/dotnet/fundamentals/code-analysis/quality-rules/ca1416) [C:\Users\sihun\Downloads\Aimmy2.5_update_V1.7\Aimmy2_ng5hvuvm_wpftmp.csproj]
C:\Users\sihun\Downloads\Aimmy2.5_update_V1.7\AILogic\WindowsGraphicsCapture.cs(121,48): warning CA1416: This call site is reachable on: 'Windows' 7.0 and later. 'SizeInt32.Height' is only supported on: 'Windows' 10.0.15063.0 and later. (https://learn.microsoft.com/dotnet/fundamentals/code-analysis/quality-rules/ca1416) [C:\Users\sihun\Downloads\Aimmy2.5_update_V1.7\Aimmy2_ng5hvuvm_wpftmp.csproj]
C:\Users\sihun\Downloads\Aimmy2.5_update_V1.7\AILogic\WindowsGraphicsCapture.cs(98,52): warning CA1416: This call site is reachable on: 'Windows' 7.0 and later. 'DirectXPixelFormat.B8G8R8A8UIntNormalized' is only supported on: 'Windows' 10.0.10240.0 and later. (https://learn.microsoft.com/dotnet/fundamentals/code-analysis/quality-rules/ca1416) [C:\Users\sihun\Downloads\Aimmy2.5_update_V1.7\Aimmy2_ng5hvuvm_wpftmp.csproj]
C:\Users\sihun\Downloads\Aimmy2.5_update_V1.7\AILogic\WindowsGraphicsCapture.cs(92,35): warning CA1416: This call site is reachable on: 'Windows' 7.0 and later. 'SizeInt32.Width' is only supported on: 'Windows' 10.0.15063.0 and later. (https://learn.microsoft.com/dotnet/fundamentals/code-analysis/quality-rules/ca1416) [C:\Users\sihun\Downloads\Aimmy2.5_update_V1.7\Aimmy2_ng5hvuvm_wpftmp.csproj]
C:\Users\sihun\Downloads\Aimmy2.5_update_V1.7\AILogic\WindowsGraphicsCapture.cs(120,47): warning CA1416: This call site is reachable on: 'Windows' 7.0 and later. 'SizeInt32.Width' is only supported on: 'Windows' 10.0.15063.0 and later. (https://learn.microsoft.com/dotnet/fundamentals/code-analysis/quality-rules/ca1416) [C:\Users\sihun\Downloads\Aimmy2.5_update_V1.7\Aimmy2_ng5hvuvm_wpftmp.csproj]
C:\Users\sihun\Downloads\Aimmy2.5_update_V1.7\AILogic\WindowsGraphicsCapture.cs(97,21): warning CA1416: This call site is reachable on: 'Windows' 7.0 and later. 'Direct3D11CaptureFrame.Dispose()' is only supported on: 'Windows' 10.0.17134.0 and later. (https://learn.microsoft.com/dotnet/fundamentals/code-analysis/quality-rules/ca1416) [C:\Users\sihun\Downloads\Aimmy2.5_update_V1.7\Aimmy2_ng5hvuvm_wpftmp.csproj]
C:\Users\sihun\Downloads\Aimmy2.5_update_V1.7\AILogic\WindowsGraphicsCapture.cs(101,30): warning CA1416: This call site is reachable on: 'Windows' 7.0 and later. 'Direct3D11CaptureFrame.Surface' is only supported on: 'Windows' 10.0.17134.0 and later. (https://learn.microsoft.com/dotnet/fundamentals/code-analysis/quality-rules/ca1416) [C:\Users\sihun\Downloads\Aimmy2.5_update_V1.7\Aimmy2_ng5hvuvm_wpftmp.csproj]
C:\Users\sihun\Downloads\Aimmy2.5_update_V1.7\AILogic\WindowsGraphicsCapture.cs(91,21): warning CA1416: This call site is reachable on: 'Windows' 7.0 and later. 'SizeInt32.Width' is only supported on: 'Windows' 10.0.15063.0 and later. (https://learn.microsoft.com/dotnet/fundamentals/code-analysis/quality-rules/ca1416) [C:\Users\sihun\Downloads\Aimmy2.5_update_V1.7\Aimmy2_ng5hvuvm_wpftmp.csproj]
C:\Users\sihun\Downloads\Aimmy2.5_update_V1.7\AILogic\WindowsGraphicsCapture.cs(214,34): warning CA1416: This call site is reachable on: 'Windows' 7.0 and later. 'GraphicsCaptureItem.Closed' is only supported on: 'Windows' 10.0.17134.0 and later. (https://learn.microsoft.com/dotnet/fundamentals/code-analysis/quality-rules/ca1416) [C:\Users\sihun\Downloads\Aimmy2.5_update_V1.7\Aimmy2_ng5hvuvm_wpftmp.csproj]
C:\Users\sihun\Downloads\Aimmy2.5_update_V1.7\AILogic\WindowsGraphicsCapture.cs(177,31): warning CA1416: This call site is reachable on: 'Windows' 7.0 and later. 'SizeInt32.Height' is only supported on: 'Windows' 10.0.15063.0 and later. (https://learn.microsoft.com/dotnet/fundamentals/code-analysis/quality-rules/ca1416) [C:\Users\sihun\Downloads\Aimmy2.5_update_V1.7\Aimmy2_ng5hvuvm_wpftmp.csproj]
C:\Users\sihun\Downloads\Aimmy2.5_update_V1.7\AILogic\WindowsGraphicsCapture.cs(176,30): warning CA1416: This call site is reachable on: 'Windows' 7.0 and later. 'SizeInt32.Width' is only supported on: 'Windows' 10.0.15063.0 and later. (https://learn.microsoft.com/dotnet/fundamentals/code-analysis/quality-rules/ca1416) [C:\Users\sihun\Downloads\Aimmy2.5_update_V1.7\Aimmy2_ng5hvuvm_wpftmp.csproj]
C:\Users\sihun\Downloads\Aimmy2.5_update_V1.7\AILogic\WindowsGraphicsCapture.cs(246,30): warning CA1416: This call site is reachable on: 'Windows' 7.0 and later. 'GraphicsCaptureItem' is only supported on: 'Windows' 10.0.17134.0 and later. (https://learn.microsoft.com/dotnet/fundamentals/code-analysis/quality-rules/ca1416) [C:\Users\sihun\Downloads\Aimmy2.5_update_V1.7\Aimmy2_ng5hvuvm_wpftmp.csproj]
C:\Users\sihun\Downloads\Aimmy2.5_update_V1.7\Other\UpdateManager.cs(32,30): warning CS0168: The variable 'ex' is declared but never used [C:\Users\sihun\Downloads\Aimmy2.5_update_V1.7\Aimmy2.csproj]
C:\Users\sihun\Downloads\Aimmy2.5_update_V1.7\Visuality\ColorPicker.xaml.cs(35,42): warning CS8622: Nullability of reference types in type of parameter 'sender' of 'void ColorPicker.OnThemeChanged(object sender, Color newColor)' doesn't match the target delegate 'EventHandler<Color>' (possibly because of nullability attributes). [C:\Users\sihun\Downloads\Aimmy2.5_update_V1.7\Aimmy2.csproj]
C:\Users\sihun\Downloads\Aimmy2.5_update_V1.7\Visuality\ColorPicker.xaml.cs(20,16): warning CS8618: Non-nullable event 'ColorChanged' must contain a non-null value when exiting constructor. Consider adding the 'required' modifier or declaring the event as nullable. [C:\Users\sihun\Downloads\Aimmy2.5_update_V1.7\Aimmy2.csproj]
C:\Users\sihun\Downloads\Aimmy2.5_update_V1.7\Visuality\ColorPicker.xaml.cs(97,24): warning CS8600: Converting null literal or possible null value to non-nullable type. [C:\Users\sihun\Downloads\Aimmy2.5_update_V1.7\Aimmy2.csproj]
C:\Users\sihun\Downloads\Aimmy2.5_update_V1.7\Visuality\ColorPicker.xaml.cs(97,24): warning CS8603: Possible null reference return. [C:\Users\sihun\Downloads\Aimmy2.5_update_V1.7\Aimmy2.csproj]
C:\Users\sihun\Downloads\Aimmy2.5_update_V1.7\Visuality\ColorPicker.xaml.cs(98,20): warning CS8603: Possible null reference return. [C:\Users\sihun\Downloads\Aimmy2.5_update_V1.7\Aimmy2.csproj]
C:\Users\sihun\Downloads\Aimmy2.5_update_V1.7\Visuality\ColorPicker.xaml.cs(139,42): warning CS8622: Nullability of reference types in type of parameter 'sender' of 'void ColorPicker.OnThemeChanged(object sender, Color newColor)' doesn't match the target delegate 'EventHandler<Color>' (possibly because of nullability attributes). [C:\Users\sihun\Downloads\Aimmy2.5_update_V1.7\Aimmy2.csproj]
C:\Users\sihun\Downloads\Aimmy2.5_update_V1.7\MouseMovementLibraries\GHubSupport\LGDownloader.xaml.cs(34,42): warning CS8622: Nullability of reference types in type of parameter 'sender' of 'void LGDownloader.OnThemeChanged(object sender, Color newColor)' doesn't match the target delegate 'EventHandler<Color>' (possibly because of nullability attributes). [C:\Users\sihun\Downloads\Aimmy2.5_update_V1.7\Aimmy2.csproj]
C:\Users\sihun\Downloads\Aimmy2.5_update_V1.7\AILogic\CaptureManager.cs(138,34): warning CS0168: The variable 'ex' is declared but never used [C:\Users\sihun\Downloads\Aimmy2.5_update_V1.7\Aimmy2.csproj]
C:\Users\sihun\Downloads\Aimmy2.5_update_V1.7\Other\RequirementsManager.cs(52,39): warning CS8602: Dereference of a possibly null reference. [C:\Users\sihun\Downloads\Aimmy2.5_update_V1.7\Aimmy2.csproj]
C:\Users\sihun\Downloads\Aimmy2.5_update_V1.7\Other\RequirementsManager.cs(61,22): warning CS8602: Dereference of a possibly null reference. [C:\Users\sihun\Downloads\Aimmy2.5_update_V1.7\Aimmy2.csproj]
C:\Users\sihun\Downloads\Aimmy2.5_update_V1.7\MouseMovementLibraries\GHubSupport\LGDownloader.xaml.cs(110,66): warning CS8604: Possible null reference argument for parameter 'uriString' in 'Uri.Uri(string uriString)'. [C:\Users\sihun\Downloads\Aimmy2.5_update_V1.7\Aimmy2.csproj]
C:\Users\sihun\Downloads\Aimmy2.5_update_V1.7\MouseMovementLibraries\GHubSupport\LGDownloader.xaml.cs(141,42): warning CS8622: Nullability of reference types in type of parameter 'sender' of 'void LGDownloader.OnThemeChanged(object sender, Color newColor)' doesn't match the target delegate 'EventHandler<Color>' (possibly because of nullability attributes). [C:\Users\sihun\Downloads\Aimmy2.5_update_V1.7\Aimmy2.csproj]
C:\Users\sihun\Downloads\Aimmy2.5_update_V1.7\App.xaml.cs(57,13): warning CS0162: Unreachable code detected [C:\Users\sihun\Downloads\Aimmy2.5_update_V1.7\Aimmy2.csproj]
C:\Users\sihun\Downloads\Aimmy2.5_update_V1.7\App.xaml.cs(110,30): warning CS0168: The variable 'ex' is declared but never used [C:\Users\sihun\Downloads\Aimmy2.5_update_V1.7\Aimmy2.csproj]
C:\Users\sihun\Downloads\Aimmy2.5_update_V1.7\UISections\SettingsMenuControl.xaml.cs(481,13): warning CS8602: Dereference of a possibly null reference. [C:\Users\sihun\Downloads\Aimmy2.5_update_V1.7\Aimmy2.csproj]
C:\Users\sihun\Downloads\Aimmy2.5_update_V1.7\UISections\SettingsMenuControl.xaml.cs(502,34): warning CS0168: The variable 'ex' is declared but never used [C:\Users\sihun\Downloads\Aimmy2.5_update_V1.7\Aimmy2.csproj]
C:\Users\sihun\Downloads\Aimmy2.5_update_V1.7\Class\UI.cs(85,26): warning CS8618: Non-nullable property 'D_FOVSTYLE' must contain a non-null value when exiting constructor. Consider adding the 'required' modifier or declaring the property as nullable. [C:\Users\sihun\Downloads\Aimmy2.5_update_V1.7\Aimmy2.csproj]
C:\Users\sihun\Downloads\Aimmy2.5_update_V1.7\Visuality\ConfigSaver.xaml.cs(49,42): warning CS8622: Nullability of reference types in type of parameter 'sender' of 'void ConfigSaver.OnThemeChanged(object sender, Color newColor)' doesn't match the target delegate 'EventHandler<Color>' (possibly because of nullability attributes). [C:\Users\sihun\Downloads\Aimmy2.5_update_V1.7\Aimmy2.csproj]
C:\Users\sihun\Downloads\Aimmy2.5_update_V1.7\Visuality\ConfigSaver.xaml.cs(113,42): warning CS8622: Nullability of reference types in type of parameter 'sender' of 'void ConfigSaver.OnThemeChanged(object sender, Color newColor)' doesn't match the target delegate 'EventHandler<Color>' (possibly because of nullability attributes). [C:\Users\sihun\Downloads\Aimmy2.5_update_V1.7\Aimmy2.csproj]
C:\Users\sihun\Downloads\Aimmy2.5_update_V1.7\MouseMovementLibraries\ddxoftSupport\ddxoftMouse.cs(41,24): warning CS8618: Non-nullable field 'btn' must contain a non-null value when exiting constructor. Consider adding the 'required' modifier or declaring the field as nullable. [C:\Users\sihun\Downloads\Aimmy2.5_update_V1.7\Aimmy2.csproj]
C:\Users\sihun\Downloads\Aimmy2.5_update_V1.7\MouseMovementLibraries\ddxoftSupport\ddxoftMouse.cs(42,24): warning CS8618: Non-nullable field 'whl' must contain a non-null value when exiting constructor. Consider adding the 'required' modifier or declaring the field as nullable. [C:\Users\sihun\Downloads\Aimmy2.5_update_V1.7\Aimmy2.csproj]
C:\Users\sihun\Downloads\Aimmy2.5_update_V1.7\MouseMovementLibraries\ddxoftSupport\ddxoftMouse.cs(43,24): warning CS8618: Non-nullable field 'mov' must contain a non-null value when exiting constructor. Consider adding the 'required' modifier or declaring the field as nullable. [C:\Users\sihun\Downloads\Aimmy2.5_update_V1.7\Aimmy2.csproj]
C:\Users\sihun\Downloads\Aimmy2.5_update_V1.7\MouseMovementLibraries\ddxoftSupport\ddxoftMouse.cs(44,25): warning CS8618: Non-nullable field 'movR' must contain a non-null value when exiting constructor. Consider adding the 'required' modifier or declaring the field as nullable. [C:\Users\sihun\Downloads\Aimmy2.5_update_V1.7\Aimmy2.csproj]
C:\Users\sihun\Downloads\Aimmy2.5_update_V1.7\MouseMovementLibraries\ddxoftSupport\ddxoftMouse.cs(45,24): warning CS8618: Non-nullable field 'key' must contain a non-null value when exiting constructor. Consider adding the 'required' modifier or declaring the field as nullable. [C:\Users\sihun\Downloads\Aimmy2.5_update_V1.7\Aimmy2.csproj]
C:\Users\sihun\Downloads\Aimmy2.5_update_V1.7\MouseMovementLibraries\ddxoftSupport\ddxoftMouse.cs(46,24): warning CS8618: Non-nullable field 'str' must contain a non-null value when exiting constructor. Consider adding the 'required' modifier or declaring the field as nullable. [C:\Users\sihun\Downloads\Aimmy2.5_update_V1.7\Aimmy2.csproj]
C:\Users\sihun\Downloads\Aimmy2.5_update_V1.7\MouseMovementLibraries\ddxoftSupport\ddxoftMouse.cs(47,25): warning CS8618: Non-nullable field 'todc' must contain a non-null value when exiting constructor. Consider adding the 'required' modifier or declaring the field as nullable. [C:\Users\sihun\Downloads\Aimmy2.5_update_V1.7\Aimmy2.csproj]
C:\Users\sihun\Downloads\Aimmy2.5_update_V1.7\Visuality\FOV.xaml.cs(108,30): warning CS0168: The variable 'ex' is declared but never used [C:\Users\sihun\Downloads\Aimmy2.5_update_V1.7\Aimmy2.csproj]
C:\Users\sihun\Downloads\Aimmy2.5_update_V1.7\Other\DisplayManager.cs(322,30): warning CS0168: The variable 'ex' is declared but never used [C:\Users\sihun\Downloads\Aimmy2.5_update_V1.7\Aimmy2.csproj]
C:\Users\sihun\Downloads\Aimmy2.5_update_V1.7\Other\DisplayManager.cs(336,30): warning CS0168: The variable 'ex' is declared but never used [C:\Users\sihun\Downloads\Aimmy2.5_update_V1.7\Aimmy2.csproj]
C:\Users\sihun\Downloads\Aimmy2.5_update_V1.7\Other\DisplayManager.cs(350,30): warning CS0168: The variable 'ex' is declared but never used [C:\Users\sihun\Downloads\Aimmy2.5_update_V1.7\Aimmy2.csproj]
C:\Users\sihun\Downloads\Aimmy2.5_update_V1.7\Other\StreamGuardManager.cs(129,20): warning CS8603: Possible null reference return. [C:\Users\sihun\Downloads\Aimmy2.5_update_V1.7\Aimmy2.csproj]
C:\Users\sihun\Downloads\Aimmy2.5_update_V1.7\StartupWindow.xaml.cs(66,30): warning CS0168: The variable 'ex' is declared but never used [C:\Users\sihun\Downloads\Aimmy2.5_update_V1.7\Aimmy2.csproj]
C:\Users\sihun\Downloads\Aimmy2.5_update_V1.7\AILogic\WeaponSlotManager.cs(759,17): warning CS8602: Dereference of a possibly null reference. [C:\Users\sihun\Downloads\Aimmy2.5_update_V1.7\Aimmy2.csproj]
C:\Users\sihun\Downloads\Aimmy2.5_update_V1.7\StartupWindow.xaml.cs(91,30): warning CS0168: The variable 'ex' is declared but never used [C:\Users\sihun\Downloads\Aimmy2.5_update_V1.7\Aimmy2.csproj]
C:\Users\sihun\Downloads\Aimmy2.5_update_V1.7\Other\GithubManager.cs(33,30): warning CS8602: Dereference of a possibly null reference. [C:\Users\sihun\Downloads\Aimmy2.5_update_V1.7\Aimmy2.csproj]
C:\Users\sihun\Downloads\Aimmy2.5_update_V1.7\Other\GithubManager.cs(20,27): warning CS8618: Non-nullable property 'name' must contain a non-null value when exiting constructor. Consider adding the 'required' modifier or declaring the property as nullable. [C:\Users\sihun\Downloads\Aimmy2.5_update_V1.7\Aimmy2.csproj]
C:\Users\sihun\Downloads\Aimmy2.5_update_V1.7\MainWindow.xaml.cs(112,16): warning CS8618: Non-nullable field '_notifyIcon' must contain a non-null value when exiting constructor. Consider adding the 'required' modifier or declaring the field as nullable. [C:\Users\sihun\Downloads\Aimmy2.5_update_V1.7\Aimmy2.csproj]
C:\Users\sihun\Downloads\Aimmy2.5_update_V1.7\UISections\ModelMenuControl.xaml.cs(182,85): warning CS8604: Possible null reference argument for parameter 'path3' in 'string Path.Combine(string path1, string path2, string path3)'. [C:\Users\sihun\Downloads\Aimmy2.5_update_V1.7\Aimmy2.csproj]
C:\Users\sihun\Downloads\Aimmy2.5_update_V1.7\Other\StreamGuardManager.cs(249,38): warning CS8625: Cannot convert null literal to non-nullable reference type. [C:\Users\sihun\Downloads\Aimmy2.5_update_V1.7\Aimmy2.csproj]
C:\Users\sihun\Downloads\Aimmy2.5_update_V1.7\MainWindow.xaml.cs(195,71): warning CS8600: Converting null literal or possible null value to non-nullable type. [C:\Users\sihun\Downloads\Aimmy2.5_update_V1.7\Aimmy2.csproj]
C:\Users\sihun\Downloads\Aimmy2.5_update_V1.7\MainWindow.xaml.cs(197,70): warning CS8600: Converting null literal or possible null value to non-nullable type. [C:\Users\sihun\Downloads\Aimmy2.5_update_V1.7\Aimmy2.csproj]
C:\Users\sihun\Downloads\Aimmy2.5_update_V1.7\Other\StreamGuardManager.cs(27,65): warning CS8618: Non-nullable field '_popupMonitorTimer' must contain a non-null value when exiting constructor. Consider adding the 'required' modifier or declaring the field as nullable. [C:\Users\sihun\Downloads\Aimmy2.5_update_V1.7\Aimmy2.csproj]
C:\Users\sihun\Downloads\Aimmy2.5_update_V1.7\Other\ThemeManager.cs(55,35): warning CS8622: Nullability of reference types in type of parameter 'sender' of 'void ThemeManager.CleanupDeadReferences(object sender, EventArgs e)' doesn't match the target delegate 'EventHandler' (possibly because of nullability attributes). [C:\Users\sihun\Downloads\Aimmy2.5_update_V1.7\Aimmy2.csproj]
C:\Users\sihun\Downloads\Aimmy2.5_update_V1.7\Other\ThemeManager.cs(45,16): warning CS8618: Non-nullable event 'ThemeChanged' must contain a non-null value when exiting constructor. Consider adding the 'required' modifier or declaring the event as nullable. [C:\Users\sihun\Downloads\Aimmy2.5_update_V1.7\Aimmy2.csproj]
C:\Users\sihun\Downloads\Aimmy2.5_update_V1.7\Other\ThemeManager.cs(45,16): warning CS8618: Non-nullable field '_mediaBackgroundBrush' must contain a non-null value when exiting constructor. Consider adding the 'required' modifier or declaring the field as nullable. [C:\Users\sihun\Downloads\Aimmy2.5_update_V1.7\Aimmy2.csproj]
C:\Users\sihun\Downloads\Aimmy2.5_update_V1.7\Other\ThemeManager.cs(45,16): warning CS8618: Non-nullable field '_currentMediaPath' must contain a non-null value when exiting constructor. Consider adding the 'required' modifier or declaring the field as nullable. [C:\Users\sihun\Downloads\Aimmy2.5_update_V1.7\Aimmy2.csproj]
C:\Users\sihun\Downloads\Aimmy2.5_update_V1.7\Other\ThemeManager.cs(120,30): warning CS0168: The variable 'ex' is declared but never used [C:\Users\sihun\Downloads\Aimmy2.5_update_V1.7\Aimmy2.csproj]
C:\Users\sihun\Downloads\Aimmy2.5_update_V1.7\UILibrary\AToggle.xaml.cs(32,42): warning CS8622: Nullability of reference types in type of parameter 'sender' of 'void AToggle.OnThemeChanged(object sender, Color newThemeColor)' doesn't match the target delegate 'EventHandler<Color>' (possibly because of nullability attributes). [C:\Users\sihun\Downloads\Aimmy2.5_update_V1.7\Aimmy2.csproj]
C:\Users\sihun\Downloads\Aimmy2.5_update_V1.7\UILibrary\AToggle.xaml.cs(38,69): warning CS8622: Nullability of reference types in type of parameter 'sender' of 'void AToggle.OnThemeChanged(object sender, Color newThemeColor)' doesn't match the target delegate 'EventHandler<Color>' (possibly because of nullability attributes). [C:\Users\sihun\Downloads\Aimmy2.5_update_V1.7\Aimmy2.csproj]
C:\Users\sihun\Downloads\Aimmy2.5_update_V1.7\UILibrary\AColorWheel.xaml.cs(69,16): warning CS8618: Non-nullable field '_colorWheelBitmap' must contain a non-null value when exiting constructor. Consider adding the 'required' modifier or declaring the field as nullable. [C:\Users\sihun\Downloads\Aimmy2.5_update_V1.7\Aimmy2.csproj]
C:\Users\sihun\Downloads\Aimmy2.5_update_V1.7\Other\ThemeManager.cs(184,25): warning CS8602: Dereference of a possibly null reference. [C:\Users\sihun\Downloads\Aimmy2.5_update_V1.7\Aimmy2.csproj]
C:\Users\sihun\Downloads\Aimmy2.5_update_V1.7\Other\ThemeManager.cs(211,25): warning CS8602: Dereference of a possibly null reference. [C:\Users\sihun\Downloads\Aimmy2.5_update_V1.7\Aimmy2.csproj]
C:\Users\sihun\Downloads\Aimmy2.5_update_V1.7\StartupWindow.xaml.cs(361,13): warning CS8602: Dereference of a possibly null reference. [C:\Users\sihun\Downloads\Aimmy2.5_update_V1.7\Aimmy2.csproj]
C:\Users\sihun\Downloads\Aimmy2.5_update_V1.7\StartupWindow.xaml.cs(448,30): warning CS0168: The variable 'ex' is declared but never used [C:\Users\sihun\Downloads\Aimmy2.5_update_V1.7\Aimmy2.csproj]
C:\Users\sihun\Downloads\Aimmy2.5_update_V1.7\StartupWindow.xaml.cs(477,30): warning CS0168: The variable 'ex' is declared but never used [C:\Users\sihun\Downloads\Aimmy2.5_update_V1.7\Aimmy2.csproj]
C:\Users\sihun\Downloads\Aimmy2.5_update_V1.7\Visuality\DetectedPlayerWindow.xaml.cs(132,30): warning CS0168: The variable 'ex' is declared but never used [C:\Users\sihun\Downloads\Aimmy2.5_update_V1.7\Aimmy2.csproj]
C:\Users\sihun\Downloads\Aimmy2.5_update_V1.7\Visuality\DetectedPlayerWindow.xaml.cs(193,68): warning CS8602: Dereference of a possibly null reference. [C:\Users\sihun\Downloads\Aimmy2.5_update_V1.7\Aimmy2.csproj]
C:\Users\sihun\Downloads\Aimmy2.5_update_V1.7\Other\ThemeManager.cs(449,33): warning CS8625: Cannot convert null literal to non-nullable reference type. [C:\Users\sihun\Downloads\Aimmy2.5_update_V1.7\Aimmy2.csproj]
C:\Users\sihun\Downloads\Aimmy2.5_update_V1.7\Other\ThemeManager.cs(450,37): warning CS8625: Cannot convert null literal to non-nullable reference type. [C:\Users\sihun\Downloads\Aimmy2.5_update_V1.7\Aimmy2.csproj]
C:\Users\sihun\Downloads\Aimmy2.5_update_V1.7\UILibrary\ADownloadGateway.xaml.cs(69,39): warning CS8604: Possible null reference argument for parameter 'path' in 'DirectoryInfo Directory.CreateDirectory(string path)'. [C:\Users\sihun\Downloads\Aimmy2.5_update_V1.7\Aimmy2.csproj]
C:\Users\sihun\Downloads\Aimmy2.5_update_V1.7\UILibrary\AColorWheel.xaml.cs(513,40): warning CS8600: Converting null literal or possible null value to non-nullable type. [C:\Users\sihun\Downloads\Aimmy2.5_update_V1.7\Aimmy2.csproj]
C:\Users\sihun\Downloads\Aimmy2.5_update_V1.7\Other\ThemeManager.cs(803,34): warning CS0168: The variable 'ex' is declared but never used [C:\Users\sihun\Downloads\Aimmy2.5_update_V1.7\Aimmy2.csproj]
C:\Users\sihun\Downloads\Aimmy2.5_update_V1.7\UISections\AimMenuControl.xaml.cs(22,54): warning CS8625: Cannot convert null literal to non-nullable reference type. [C:\Users\sihun\Downloads\Aimmy2.5_update_V1.7\Aimmy2.csproj]
C:\Users\sihun\Downloads\Aimmy2.5_update_V1.7\UISections\AimMenuControl.xaml.cs(23,57): warning CS8625: Cannot convert null literal to non-nullable reference type. [C:\Users\sihun\Downloads\Aimmy2.5_update_V1.7\Aimmy2.csproj]
C:\Users\sihun\Downloads\Aimmy2.5_update_V1.7\UISections\AimMenuControl.xaml.cs(24,63): warning CS8625: Cannot convert null literal to non-nullable reference type. [C:\Users\sihun\Downloads\Aimmy2.5_update_V1.7\Aimmy2.csproj]
C:\Users\sihun\Downloads\Aimmy2.5_update_V1.7\Other\ThemeManager.cs(883,37): warning CS8618: Non-nullable property 'Target' must contain a non-null value when exiting constructor. Consider adding the 'required' modifier or declaring the property as nullable. [C:\Users\sihun\Downloads\Aimmy2.5_update_V1.7\Aimmy2.csproj]
C:\Users\sihun\Downloads\Aimmy2.5_update_V1.7\Other\ThemeManager.cs(884,27): warning CS8618: Non-nullable property 'PropertyPath' must contain a non-null value when exiting constructor. Consider adding the 'required' modifier or declaring the property as nullable. [C:\Users\sihun\Downloads\Aimmy2.5_update_V1.7\Aimmy2.csproj]
C:\Users\sihun\Downloads\Aimmy2.5_update_V1.7\MainWindow.xaml.cs(451,38): warning CS0168: The variable 'ex' is declared but never used [C:\Users\sihun\Downloads\Aimmy2.5_update_V1.7\Aimmy2.csproj]
C:\Users\sihun\Downloads\Aimmy2.5_update_V1.7\AILogic\AIManager.cs(761,76): warning CS8602: Dereference of a possibly null reference. [C:\Users\sihun\Downloads\Aimmy2.5_update_V1.7\Aimmy2.csproj]
C:\Users\sihun\Downloads\Aimmy2.5_update_V1.7\UISections\AimMenuControl.xaml.cs(214,29): warning CS8602: Dereference of a possibly null reference. [C:\Users\sihun\Downloads\Aimmy2.5_update_V1.7\Aimmy2.csproj]
C:\Users\sihun\Downloads\Aimmy2.5_update_V1.7\UISections\AimMenuControl.xaml.cs(238,60): warning CS8604: Possible null reference argument for parameter 'toggle' in 'void MainWindow.UpdateToggleUI(AToggle toggle, bool isEnabled)'. [C:\Users\sihun\Downloads\Aimmy2.5_update_V1.7\Aimmy2.csproj]
C:\Users\sihun\Downloads\Aimmy2.5_update_V1.7\MainWindow.xaml.cs(577,30): warning CS0168: The variable 'ex' is declared but never used [C:\Users\sihun\Downloads\Aimmy2.5_update_V1.7\Aimmy2.csproj]
C:\Users\sihun\Downloads\Aimmy2.5_update_V1.7\MainWindow.xaml.cs(598,34): warning CS0168: The variable 'ex' is declared but never used [C:\Users\sihun\Downloads\Aimmy2.5_update_V1.7\Aimmy2.csproj]
C:\Users\sihun\Downloads\Aimmy2.5_update_V1.7\AILogic\AIManager.cs(1084,75): warning CS8602: Dereference of a possibly null reference. [C:\Users\sihun\Downloads\Aimmy2.5_update_V1.7\Aimmy2.csproj]
C:\Users\sihun\Downloads\Aimmy2.5_update_V1.7\MainWindow.xaml.cs(844,30): warning CS0168: The variable 'ex' is declared but never used [C:\Users\sihun\Downloads\Aimmy2.5_update_V1.7\Aimmy2.csproj]
C:\Users\sihun\Downloads\Aimmy2.5_update_V1.7\MainWindow.xaml.cs(890,30): warning CS0168: The variable 'ex' is declared but never used [C:\Users\sihun\Downloads\Aimmy2.5_update_V1.7\Aimmy2.csproj]
C:\Users\sihun\Downloads\Aimmy2.5_update_V1.7\AILogic\AIManager.cs(1347,55): warning CS8604: Possible null reference argument for parameter 'DetectedPlayerOverlay' in 'void AIManager.UpdateOverlay(DetectedPlayerWindow DetectedPlayerOverlay, Prediction closestPrediction)'. [C:\Users\sihun\Downloads\Aimmy2.5_update_V1.7\Aimmy2.csproj]
C:\Users\sihun\Downloads\Aimmy2.5_update_V1.7\AILogic\AIManager.cs(1347,78): warning CS8604: Possible null reference argument for parameter 'closestPrediction' in 'void AIManager.UpdateOverlay(DetectedPlayerWindow DetectedPlayerOverlay, Prediction closestPrediction)'. [C:\Users\sihun\Downloads\Aimmy2.5_update_V1.7\Aimmy2.csproj]
C:\Users\sihun\Downloads\Aimmy2.5_update_V1.7\AILogic\AIManager.cs(1369,62): warning CS8604: Possible null reference argument for parameter 'DetectedPlayerOverlay' in 'void AIManager.CalculateCoordinates(DetectedPlayerWindow DetectedPlayerOverlay, Prediction closestPrediction, float scaleX, float scaleY)'. [C:\Users\sihun\Downloads\Aimmy2.5_update_V1.7\Aimmy2.csproj]
C:\Users\sihun\Downloads\Aimmy2.5_update_V1.7\UISections\AimMenuControl.xaml.cs(657,38): warning CS8602: Dereference of a possibly null reference. [C:\Users\sihun\Downloads\Aimmy2.5_update_V1.7\Aimmy2.csproj]
C:\Users\sihun\Downloads\Aimmy2.5_update_V1.7\MainWindow.xaml.cs(1283,36): warning CS8604: Possible null reference argument for parameter 'toggle' in 'void MainWindow.UpdateToggleUI(AToggle toggle, bool isEnabled)'. [C:\Users\sihun\Downloads\Aimmy2.5_update_V1.7\Aimmy2.csproj]
C:\Users\sihun\Downloads\Aimmy2.5_update_V1.7\UISections\AimMenuControl.xaml.cs(918,60): warning CS8625: Cannot convert null literal to non-nullable reference type. [C:\Users\sihun\Downloads\Aimmy2.5_update_V1.7\Aimmy2.csproj]
C:\Users\sihun\Downloads\Aimmy2.5_update_V1.7\UISections\AimMenuControl.xaml.cs(981,54): warning CS8625: Cannot convert null literal to non-nullable reference type. [C:\Users\sihun\Downloads\Aimmy2.5_update_V1.7\Aimmy2.csproj]
C:\Users\sihun\Downloads\Aimmy2.5_update_V1.7\AILogic\AIManager.cs(1558,81): warning CS8602: Dereference of a possibly null reference. [C:\Users\sihun\Downloads\Aimmy2.5_update_V1.7\Aimmy2.csproj]
C:\Users\sihun\Downloads\Aimmy2.5_update_V1.7\UISections\AimMenuControl.xaml.cs(1043,25): warning CS8602: Dereference of a possibly null reference. [C:\Users\sihun\Downloads\Aimmy2.5_update_V1.7\Aimmy2.csproj]
C:\Users\sihun\Downloads\Aimmy2.5_update_V1.7\UISections\AimMenuControl.xaml.cs(1084,51): warning CS8625: Cannot convert null literal to non-nullable reference type. [C:\Users\sihun\Downloads\Aimmy2.5_update_V1.7\Aimmy2.csproj]
C:\Users\sihun\Downloads\Aimmy2.5_update_V1.7\UISections\AimMenuControl.xaml.cs(1113,51): warning CS8625: Cannot convert null literal to non-nullable reference type. [C:\Users\sihun\Downloads\Aimmy2.5_update_V1.7\Aimmy2.csproj]
C:\Users\sihun\Downloads\Aimmy2.5_update_V1.7\UISections\AimMenuControl.xaml.cs(1142,51): warning CS8625: Cannot convert null literal to non-nullable reference type. [C:\Users\sihun\Downloads\Aimmy2.5_update_V1.7\Aimmy2.csproj]
C:\Users\sihun\Downloads\Aimmy2.5_update_V1.7\UISections\AimMenuControl.xaml.cs(1171,51): warning CS8625: Cannot convert null literal to non-nullable reference type. [C:\Users\sihun\Downloads\Aimmy2.5_update_V1.7\Aimmy2.csproj]
C:\Users\sihun\Downloads\Aimmy2.5_update_V1.7\UISections\AimMenuControl.xaml.cs(1200,51): warning CS8625: Cannot convert null literal to non-nullable reference type. [C:\Users\sihun\Downloads\Aimmy2.5_update_V1.7\Aimmy2.csproj]
C:\Users\sihun\Downloads\Aimmy2.5_update_V1.7\UISections\AimMenuControl.xaml.cs(1229,51): warning CS8625: Cannot convert null literal to non-nullable reference type. [C:\Users\sihun\Downloads\Aimmy2.5_update_V1.7\Aimmy2.csproj]
C:\Users\sihun\Downloads\Aimmy2.5_update_V1.7\AILogic\AIManager.cs(2615,24): warning CS8603: Possible null reference return. [C:\Users\sihun\Downloads\Aimmy2.5_update_V1.7\Aimmy2.csproj]
C:\Users\sihun\Downloads\Aimmy2.5_update_V1.7\AILogic\CaptureManager.cs(54,21): warning CS0414: The field 'CaptureManager._lastDstStride' is assigned but its value is never used [C:\Users\sihun\Downloads\Aimmy2.5_update_V1.7\Aimmy2.csproj]
C:\Users\sihun\Downloads\Aimmy2.5_update_V1.7\AILogic\AIManager.cs(147,22): warning CS0414: The field 'AIManager.PlayerFound' is assigned but its value is never used [C:\Users\sihun\Downloads\Aimmy2.5_update_V1.7\Aimmy2.csproj]
C:\Users\sihun\Downloads\Aimmy2.5_update_V1.7\AILogic\CaptureManager.cs(52,22): warning CS0414: The field 'CaptureManager._lastStrideMatch' is assigned but its value is never used [C:\Users\sihun\Downloads\Aimmy2.5_update_V1.7\Aimmy2.csproj]
C:\Users\sihun\Downloads\Aimmy2.5_update_V1.7\AILogic\CaptureManager.cs(53,21): warning CS0414: The field 'CaptureManager._lastSrcStride' is assigned but its value is never used [C:\Users\sihun\Downloads\Aimmy2.5_update_V1.7\Aimmy2.csproj]
C:\Users\sihun\Downloads\Aimmy2.5_update_V1.7\AILogic\CaptureManager.cs(23,22): warning CS0414: The field 'CaptureManager._notificationShown' is assigned but its value is never used [C:\Users\sihun\Downloads\Aimmy2.5_update_V1.7\Aimmy2.csproj]
C:\Users\sihun\Downloads\Aimmy2.5_update_V1.7\AILogic\WindowsGraphicsCapture.cs(246,30): warning CA1416: This call site is reachable on: 'Windows' 7.0 and later. 'GraphicsCaptureItem' is only supported on: 'Windows' 10.0.17134.0 and later. (https://learn.microsoft.com/dotnet/fundamentals/code-analysis/quality-rules/ca1416) [C:\Users\sihun\Downloads\Aimmy2.5_update_V1.7\Aimmy2.csproj]
C:\Users\sihun\Downloads\Aimmy2.5_update_V1.7\AILogic\WindowsGraphicsCapture.cs(214,34): warning CA1416: This call site is reachable on: 'Windows' 7.0 and later. 'GraphicsCaptureItem.Closed' is only supported on: 'Windows' 10.0.17134.0 and later. (https://learn.microsoft.com/dotnet/fundamentals/code-analysis/quality-rules/ca1416) [C:\Users\sihun\Downloads\Aimmy2.5_update_V1.7\Aimmy2.csproj]
C:\Users\sihun\Downloads\Aimmy2.5_update_V1.7\AILogic\WindowsGraphicsCapture.cs(92,50): warning CA1416: This call site is reachable on: 'Windows' 7.0 and later. 'SizeInt32.Height' is only supported on: 'Windows' 10.0.15063.0 and later. (https://learn.microsoft.com/dotnet/fundamentals/code-analysis/quality-rules/ca1416) [C:\Users\sihun\Downloads\Aimmy2.5_update_V1.7\Aimmy2.csproj]
C:\Users\sihun\Downloads\Aimmy2.5_update_V1.7\AILogic\WindowsGraphicsCapture.cs(120,47): warning CA1416: This call site is reachable on: 'Windows' 7.0 and later. 'SizeInt32.Width' is only supported on: 'Windows' 10.0.15063.0 and later. (https://learn.microsoft.com/dotnet/fundamentals/code-analysis/quality-rules/ca1416) [C:\Users\sihun\Downloads\Aimmy2.5_update_V1.7\Aimmy2.csproj]
C:\Users\sihun\Downloads\Aimmy2.5_update_V1.7\AILogic\WindowsGraphicsCapture.cs(85,35): warning CA1416: This call site is reachable on: 'Windows' 7.0 and later. 'Direct3D11CaptureFramePool.TryGetNextFrame()' is only supported on: 'Windows' 10.0.17134.0 and later. (https://learn.microsoft.com/dotnet/fundamentals/code-analysis/quality-rules/ca1416) [C:\Users\sihun\Downloads\Aimmy2.5_update_V1.7\Aimmy2.csproj]
C:\Users\sihun\Downloads\Aimmy2.5_update_V1.7\AILogic\WindowsGraphicsCapture.cs(91,40): warning CA1416: This call site is reachable on: 'Windows' 7.0 and later. 'SizeInt32.Height' is only supported on: 'Windows' 10.0.15063.0 and later. (https://learn.microsoft.com/dotnet/fundamentals/code-analysis/quality-rules/ca1416) [C:\Users\sihun\Downloads\Aimmy2.5_update_V1.7\Aimmy2.csproj]
C:\Users\sihun\Downloads\Aimmy2.5_update_V1.7\AILogic\WindowsGraphicsCapture.cs(90,28): warning CA1416: This call site is reachable on: 'Windows' 7.0 and later. 'Direct3D11CaptureFrame.ContentSize' is only supported on: 'Windows' 10.0.17134.0 and later. (https://learn.microsoft.com/dotnet/fundamentals/code-analysis/quality-rules/ca1416) [C:\Users\sihun\Downloads\Aimmy2.5_update_V1.7\Aimmy2.csproj]
C:\Users\sihun\Downloads\Aimmy2.5_update_V1.7\AILogic\WindowsGraphicsCapture.cs(91,21): warning CA1416: This call site is reachable on: 'Windows' 7.0 and later. 'SizeInt32.Width' is only supported on: 'Windows' 10.0.15063.0 and later. (https://learn.microsoft.com/dotnet/fundamentals/code-analysis/quality-rules/ca1416) [C:\Users\sihun\Downloads\Aimmy2.5_update_V1.7\Aimmy2.csproj]
C:\Users\sihun\Downloads\Aimmy2.5_update_V1.7\AILogic\WindowsGraphicsCapture.cs(98,52): warning CA1416: This call site is reachable on: 'Windows' 7.0 and later. 'DirectXPixelFormat.B8G8R8A8UIntNormalized' is only supported on: 'Windows' 10.0.10240.0 and later. (https://learn.microsoft.com/dotnet/fundamentals/code-analysis/quality-rules/ca1416) [C:\Users\sihun\Downloads\Aimmy2.5_update_V1.7\Aimmy2.csproj]
C:\Users\sihun\Downloads\Aimmy2.5_update_V1.7\AILogic\WindowsGraphicsCapture.cs(92,65): warning CA1416: This call site is reachable on: 'Windows' 7.0 and later. 'SizeInt32.Height' is only supported on: 'Windows' 10.0.15063.0 and later. (https://learn.microsoft.com/dotnet/fundamentals/code-analysis/quality-rules/ca1416) [C:\Users\sihun\Downloads\Aimmy2.5_update_V1.7\Aimmy2.csproj]
C:\Users\sihun\Downloads\Aimmy2.5_update_V1.7\AILogic\WindowsGraphicsCapture.cs(121,48): warning CA1416: This call site is reachable on: 'Windows' 7.0 and later. 'SizeInt32.Height' is only supported on: 'Windows' 10.0.15063.0 and later. (https://learn.microsoft.com/dotnet/fundamentals/code-analysis/quality-rules/ca1416) [C:\Users\sihun\Downloads\Aimmy2.5_update_V1.7\Aimmy2.csproj]
C:\Users\sihun\Downloads\Aimmy2.5_update_V1.7\AILogic\WindowsGraphicsCapture.cs(101,30): warning CA1416: This call site is reachable on: 'Windows' 7.0 and later. 'Direct3D11CaptureFrame.Surface' is only supported on: 'Windows' 10.0.17134.0 and later. (https://learn.microsoft.com/dotnet/fundamentals/code-analysis/quality-rules/ca1416) [C:\Users\sihun\Downloads\Aimmy2.5_update_V1.7\Aimmy2.csproj]
C:\Users\sihun\Downloads\Aimmy2.5_update_V1.7\AILogic\WindowsGraphicsCapture.cs(98,21): warning CA1416: This call site is reachable on: 'Windows' 7.0 and later. 'Direct3D11CaptureFramePool.Recreate(IDirect3DDevice, DirectXPixelFormat, int, SizeInt32)' is only supported on: 'Windows' 10.0.17134.0 and later. (https://learn.microsoft.com/dotnet/fundamentals/code-analysis/quality-rules/ca1416) [C:\Users\sihun\Downloads\Aimmy2.5_update_V1.7\Aimmy2.csproj]
C:\Users\sihun\Downloads\Aimmy2.5_update_V1.7\AILogic\WindowsGraphicsCapture.cs(92,35): warning CA1416: This call site is reachable on: 'Windows' 7.0 and later. 'SizeInt32.Width' is only supported on: 'Windows' 10.0.15063.0 and later. (https://learn.microsoft.com/dotnet/fundamentals/code-analysis/quality-rules/ca1416) [C:\Users\sihun\Downloads\Aimmy2.5_update_V1.7\Aimmy2.csproj]
C:\Users\sihun\Downloads\Aimmy2.5_update_V1.7\AILogic\WindowsGraphicsCapture.cs(87,36): warning CA1416: This call site is reachable on: 'Windows' 7.0 and later. 'Direct3D11CaptureFramePool.TryGetNextFrame()' is only supported on: 'Windows' 10.0.17134.0 and later. (https://learn.microsoft.com/dotnet/fundamentals/code-analysis/quality-rules/ca1416) [C:\Users\sihun\Downloads\Aimmy2.5_update_V1.7\Aimmy2.csproj]
C:\Users\sihun\Downloads\Aimmy2.5_update_V1.7\AILogic\WindowsGraphicsCapture.cs(92,21): warning CA1416: This call site is reachable on: 'Windows' 7.0 and later. 'SizeInt32.Width' is only supported on: 'Windows' 10.0.15063.0 and later. (https://learn.microsoft.com/dotnet/fundamentals/code-analysis/quality-rules/ca1416) [C:\Users\sihun\Downloads\Aimmy2.5_update_V1.7\Aimmy2.csproj]
C:\Users\sihun\Downloads\Aimmy2.5_update_V1.7\AILogic\WindowsGraphicsCapture.cs(97,21): warning CA1416: This call site is reachable on: 'Windows' 7.0 and later. 'Direct3D11CaptureFrame.Dispose()' is only supported on: 'Windows' 10.0.17134.0 and later. (https://learn.microsoft.com/dotnet/fundamentals/code-analysis/quality-rules/ca1416) [C:\Users\sihun\Downloads\Aimmy2.5_update_V1.7\Aimmy2.csproj]
C:\Users\sihun\Downloads\Aimmy2.5_update_V1.7\AILogic\WindowsGraphicsCapture.cs(177,31): warning CA1416: This call site is reachable on: 'Windows' 7.0 and later. 'SizeInt32.Height' is only supported on: 'Windows' 10.0.15063.0 and later. (https://learn.microsoft.com/dotnet/fundamentals/code-analysis/quality-rules/ca1416) [C:\Users\sihun\Downloads\Aimmy2.5_update_V1.7\Aimmy2.csproj]
C:\Users\sihun\Downloads\Aimmy2.5_update_V1.7\AILogic\WindowsGraphicsCapture.cs(176,30): warning CA1416: This call site is reachable on: 'Windows' 7.0 and later. 'SizeInt32.Width' is only supported on: 'Windows' 10.0.15063.0 and later. (https://learn.microsoft.com/dotnet/fundamentals/code-analysis/quality-rules/ca1416) [C:\Users\sihun\Downloads\Aimmy2.5_update_V1.7\Aimmy2.csproj]
MSBUILD : warning FodyPackageReference: Fody: The package reference for Costura.Fody is missing the 'compile' part in the IncludeAssets setting; it's recommended to completely remove IncludeAssets [C:\Users\sihun\Downloads\Aimmy2.5_update_V1.7\Aimmy2.csproj]
    239 Warning(s)
    0 Error(s)

Time Elapsed 00:00:05.89
